{"type": "FeatureCollection", "features": [{"type": "Feature", "geometry": {"type": "MultiPolygon", "coordinates": [[[[119.3867107, 32.6479702], [119.3884666, 32.6456464], [119.3889391, 32.6443952], [119.3883489, 32.6433259], [119.3891058, 32.6403666], [119.3895855, 32.6385454], [119.3903484, 32.638131], [119.3918248, 32.6378753], [119.3932459, 32.6378359], [119.3945936, 32.6366874], [119.3974758, 32.6337299], [119.4180137, 32.608402], [119.4198325, 32.6064264], [119.4211635, 32.6049512], [119.4210765, 32.598348], [119.4209032, 32.5980614], [119.4207232, 32.5978354], [119.4209364, 32.5965187], [119.4210561, 32.5956734], [119.4236706, 32.5937959], [119.4271907, 32.5893351], [119.4308263, 32.5827517], [119.4353265, 32.5746675], [119.4388474, 32.5680174], [119.4403989, 32.5653549], [119.4418404, 32.5618752], [119.4419807, 32.559133], [119.4434518, 32.5576795], [119.4461271, 32.5550073], [119.4506983, 32.5490964], [119.4522098, 32.5470626], [119.4520084, 32.5465034], [119.4521679, 32.545648], [119.4526852, 32.5457248], [119.4532582, 32.5456756], [119.4545792, 32.5440362], [119.4546218, 32.5434496], [119.4540789, 32.542671], [119.4545165, 32.5424576], [119.4551246, 32.5425734], [119.4555414, 32.5423431], [119.4565606, 32.5410324], [119.4625014, 32.5323726], [119.4637823, 32.5301484], [119.4652495, 32.5275246], [119.469446, 32.5251028], [119.4696246, 32.5247358], [119.4698073, 32.5237176], [119.4726799, 32.5233608], [119.4736435, 32.5225561], [119.4764631, 32.5164854], [119.478343, 32.514677], [119.4797115, 32.5109866], [119.4797532, 32.5063125], [119.479758, 32.5016428], [119.4773498, 32.4584265], [119.4768565, 32.4570294], [119.4767082, 32.4561535], [119.4768508, 32.4560308], [119.4770341, 32.4554964], [119.4782669, 32.4538288], [119.478786, 32.451191], [119.4790596, 32.4496745], [119.4791883, 32.4492897], [119.479199, 32.449086], [119.4791427, 32.4489185], [119.4789228, 32.448837], [119.4788209, 32.4487623], [119.4788423, 32.448622], [119.4792178, 32.4485518], [119.4793707, 32.4484522], [119.479301, 32.4482485], [119.4795585, 32.4468497], [119.4799594, 32.4430702], [119.4813564, 32.4425406], [119.4828522, 32.4437238], [119.482474, 32.4447016], [119.4822066, 32.445681], [119.4818591, 32.4485168], [119.4812616, 32.4538399], [119.4809988, 32.4556112], [119.4810712, 32.455661], [119.4812955, 32.4556539], [119.4826087, 32.4582493], [119.4827552, 32.4602993], [119.4833474, 32.461166], [119.4862058, 32.4634746], [119.4864532, 32.4638105], [119.4864926, 32.4643827], [119.4853229, 32.4656931], [119.4845837, 32.4671234], [119.4855291, 32.4828908], [119.4857114, 32.4838954], [119.486028, 32.4841488], [119.4863284, 32.4842393], [119.4876319, 32.4841352], [119.4879498, 32.4890721], [119.4880532, 32.4921547], [119.4879789, 32.4937813], [119.4884046, 32.4942457], [119.4898235, 32.49699], [119.4901726, 32.4979988], [119.4907818, 32.4985251], [119.4919407, 32.4997969], [119.4929307, 32.501315], [119.4948317, 32.5030869], [119.4960086, 32.5041838], [119.4953507, 32.506993], [119.4952395, 32.5111406], [119.4974885, 32.5159758], [119.4974888, 32.5166586], [119.4978942, 32.5176115], [119.4982294, 32.5182045], [119.4970023, 32.5192418], [119.4955532, 32.5179278], [119.4939092, 32.5164408], [119.4932588, 32.5156003], [119.4944227, 32.5385676], [119.4934237, 32.540175], [119.4916009, 32.5423665], [119.4891193, 32.5448586], [119.4889875, 32.5456179], [119.4869503, 32.5488563], [119.4860947, 32.5484392], [119.4856553, 32.5481243], [119.4850853, 32.5478552], [119.4833274, 32.5484897], [119.4804756, 32.5557507], [119.4751638, 32.5708125], [119.4752996, 32.5711816], [119.4755351, 32.5713426], [119.4801486, 32.572507], [119.4787212, 32.5750583], [119.4769574, 32.5787195], [119.4660129, 32.6008573], [119.4631772, 32.6165931], [119.4571046, 32.6449799], [119.4540915, 32.6594244], [119.4520745, 32.66889], [119.4510445, 32.6727735], [119.449285, 32.6743088], [119.4456801, 32.6750312], [119.4429335, 32.6750312], [119.4424186, 32.6810998], [119.4420427, 32.6817326], [119.4412797, 32.6830171], [119.4411095, 32.6833035], [119.4401909, 32.6833189], [119.43984, 32.6848564], [119.4394491, 32.6848564], [119.4394281, 32.6850694], [119.438127, 32.6847414], [119.4395003, 32.6773431], [119.4420752, 32.6699738], [119.4417319, 32.6683842], [119.438642, 32.6738753], [119.4365821, 32.679366], [119.4352088, 32.678788], [119.4343355, 32.6789365], [119.4324474, 32.6792987], [119.4327637, 32.6776124], [119.4317496, 32.6770712], [119.4313179, 32.6768408], [119.4304023, 32.6756092], [119.4322905, 32.6738753], [119.4342861, 32.6661082], [119.4368181, 32.6566785], [119.4311747, 32.6669752], [119.4255743, 32.6690345], [119.3984368, 32.6579516], [119.3867107, 32.6479702]]]]}, "properties": {"id": 53469, "name": "邵伯湖", "kind": "湖", "category": "water", "hours": "全天", "group": "山水", "tags": {"natural": "water"}, "icon": "water", "icon_lon": 119.45941087659244, "icon_lat": 32.56361505}}, {"type": "Feature", "geometry": {"type": "MultiPolygon", "coordinates": [[[[119.41771, 32.4217695], [119.4178165, 32.4216394], [119.4179817, 32.4215278], [119.4180273, 32.4214856], [119.4180414, 32.4213586], [119.4180473, 32.4213079], [119.4180708, 32.4208685], [119.4180629, 32.4206312], [119.4180838, 32.4203829], [119.4181098, 32.4203169], [119.4182009, 32.4200489], [119.4181983, 32.4199544], [119.4183259, 32.4196094], [119.4183024, 32.4195523], [119.4182764, 32.419471], [119.4183285, 32.4191809], [119.4183193, 32.4190488], [119.4183286, 32.418974], [119.4185058, 32.4183915], [119.4184312, 32.4183442], [119.4183519, 32.4182616], [119.4182587, 32.418049], [119.4181328, 32.4179191], [119.4180535, 32.417805], [119.4180302, 32.4176515], [119.4180815, 32.4174586], [119.4180908, 32.417254], [119.4181561, 32.4170296], [119.4181934, 32.4167305], [119.4182121, 32.4166793], [119.4182074, 32.4164983], [119.4183053, 32.4164313], [119.4183902, 32.4163375], [119.4184746, 32.4162774], [119.4185642, 32.4162151], [119.4186907, 32.4161595], [119.4187592, 32.4160994], [119.4188251, 32.4160059], [119.4188909, 32.4157673], [119.4190416, 32.415603], [119.4191358, 32.4154704], [119.4191672, 32.4152902], [119.4191978, 32.4149893], [119.4193447, 32.4149828], [119.4194529, 32.4149632], [119.4195186, 32.4149306], [119.4195611, 32.4148523], [119.4197583, 32.4144216], [119.420195, 32.4132078], [119.4203226, 32.4127999], [119.420465, 32.4124878], [119.4204404, 32.4123215], [119.4205697, 32.4120252], [119.4205389, 32.4118796], [119.420188, 32.4118329], [119.4202187, 32.411391], [119.4205204, 32.4113702], [119.4206078, 32.4113616], [119.4207852, 32.4113443], [119.4211546, 32.4113495], [119.4213024, 32.4114118], [119.4213393, 32.4119264], [119.4213947, 32.4120252], [119.4213886, 32.4120824], [119.4212408, 32.4120564], [119.4211361, 32.4121031], [119.4211054, 32.4122123], [119.421247, 32.4123474], [119.421313, 32.4125075], [119.4214205, 32.4125943], [119.4216033, 32.4126889], [119.4218777, 32.412741], [119.4220766, 32.4127912], [119.4223372, 32.4128259], [119.422527, 32.4128607], [119.422799, 32.412853], [119.4231346, 32.4127979], [119.4231866, 32.4127975], [119.4232974, 32.4127967], [119.4233703, 32.4128002], [119.423462, 32.4128047], [119.4238644, 32.4128356], [119.4241685, 32.4128356], [119.4244985, 32.412848], [119.4248612, 32.4129244], [119.4251546, 32.4130028], [119.4254167, 32.4131405], [119.4254853, 32.41321], [119.4255562, 32.4133567], [119.4255973, 32.4135246], [119.4256088, 32.4136037], [119.4255973, 32.4138643], [119.4256339, 32.414011], [119.4256865, 32.414065], [119.4257848, 32.4143063], [119.4257734, 32.4143854], [119.4257551, 32.4145089], [119.4257117, 32.4146131], [119.4256957, 32.4148582], [119.4257277, 32.4149103], [119.4257551, 32.4149335], [119.4257574, 32.4150146], [119.4257322, 32.4151091], [119.4257345, 32.4156804], [119.4257574, 32.4158271], [119.4257665, 32.4159448], [119.4257688, 32.4161976], [119.425794, 32.4162787], [119.4258763, 32.4163887], [119.4259814, 32.4164563], [119.426146, 32.4165354], [119.4262603, 32.416574], [119.4262763, 32.4166184], [119.4263015, 32.4166435], [119.4264821, 32.4167129], [119.4265438, 32.4167496], [119.4265964, 32.4168114], [119.4266284, 32.4169233], [119.4266124, 32.4170816], [119.4266399, 32.4171337], [119.4266627, 32.417234], [119.4266696, 32.4173498], [119.4266513, 32.4174579], [119.4265827, 32.4175235], [119.4265598, 32.4175968], [119.4265553, 32.4178014], [119.4266627, 32.4178342], [119.4267359, 32.417869], [119.4268205, 32.4179327], [119.4267885, 32.4180427], [119.4267084, 32.4182376], [119.4266056, 32.4183804], [119.4265347, 32.4184692], [119.4264501, 32.4185193], [119.4262969, 32.4185946], [119.4261186, 32.4186332], [119.4260272, 32.4186371], [119.4259814, 32.418668], [119.4258625, 32.4189323], [119.4257574, 32.4191331], [119.4257094, 32.4192392], [119.4256865, 32.4193859], [119.4255722, 32.4197738], [119.4254625, 32.4199533], [119.4254647, 32.4199822], [119.4255082, 32.4199957], [119.4254647, 32.4201887], [119.4254396, 32.4202138], [119.4254327, 32.4202485], [119.4254533, 32.420264], [119.4254899, 32.4202871], [119.4254487, 32.420594], [119.4254762, 32.4207194], [119.4253939, 32.420978], [119.4253733, 32.4213138], [119.4251995, 32.4216477], [119.4249161, 32.422107], [119.4248909, 32.4221977], [119.4248017, 32.4222015], [119.4247861, 32.4223184], [119.4247749, 32.422413], [119.4248197, 32.4224824], [119.4246183, 32.4239039], [119.4242526, 32.4239266], [119.4242012, 32.4240102], [119.4240464, 32.4240656], [119.4238891, 32.4241218], [119.4236027, 32.4239978], [119.4228795, 32.4238336], [119.4219359, 32.4234648], [119.4217083, 32.4233129], [119.4208969, 32.4230464], [119.419487, 32.4227954], [119.4193365, 32.4226683], [119.4188959, 32.4225443], [119.4181601, 32.4221202], [119.4179117, 32.4220905], [119.41771, 32.4217695]], [[119.4182914, 32.4171529], [119.4183129, 32.4172136], [119.4183668, 32.4172865], [119.4184179, 32.4173376], [119.4185154, 32.417362], [119.4189571, 32.4174361], [119.4190257, 32.4172956], [119.419068, 32.4171137], [119.4190759, 32.4169885], [119.419066, 32.4169318], [119.4191273, 32.4169151], [119.419155, 32.4167498], [119.4191181, 32.4166796], [119.4190426, 32.4166432], [119.4186005, 32.4166037], [119.4184855, 32.4166341], [119.4184028, 32.4166887], [119.4183525, 32.4167706], [119.4183057, 32.4170043], [119.4182914, 32.4171529]], [[119.4185597, 32.4202551], [119.4186008, 32.4202851], [119.418661, 32.4203475], [119.4187652, 32.4203762], [119.4188107, 32.4204298], [119.4188328, 32.4205047], [119.418827, 32.4205852], [119.4187957, 32.420668], [119.4187589, 32.4207432], [119.418742, 32.4207686], [119.4187535, 32.4209078], [119.4187978, 32.4210544], [119.4188444, 32.4211121], [119.4188143, 32.4212554], [119.4188225, 32.421327], [119.4187732, 32.421364], [119.4187458, 32.4213432], [119.4187294, 32.4214353], [119.4193833, 32.4215646], [119.4201418, 32.4216498], [119.4205154, 32.4217065], [119.4209152, 32.4218737], [119.421386, 32.4219115], [119.4217746, 32.4219841], [119.4223313, 32.4219462], [119.4226601, 32.422003], [119.4231047, 32.422003], [119.4237702, 32.4221003], [119.4244013, 32.4222364], [119.4244575, 32.4221979], [119.4244748, 32.4220762], [119.4244056, 32.4220153], [119.4245411, 32.4217572], [119.4247546, 32.4211167], [119.4248441, 32.4209633], [119.4250487, 32.4201304], [119.4254037, 32.4186595], [119.4255336, 32.4185377], [119.4256951, 32.4184622], [119.4257788, 32.4183964], [119.4259375, 32.4183136], [119.4260644, 32.4182869], [119.4261703, 32.4182206], [119.426247, 32.4181298], [119.4263285, 32.4179866], [119.4263889, 32.4178434], [119.4263987, 32.4178021], [119.4264026, 32.4176028], [119.4264175, 32.4174968], [119.4264422, 32.4174369], [119.4264472, 32.4172975], [119.4262523, 32.4171622], [119.4259815, 32.4169601], [119.4257668, 32.4168709], [119.4255851, 32.4167886], [119.4254315, 32.4167329], [119.4253704, 32.4167301], [119.4252581, 32.4166618], [119.4252449, 32.4165893], [119.4252538, 32.416214], [119.4252561, 32.4159378], [119.4252964, 32.4155519], [119.425321, 32.4154327], [119.4253905, 32.41527], [119.4253972, 32.4150979], [119.4254129, 32.4150468], [119.4254353, 32.4149238], [119.4254891, 32.4148841], [119.4255003, 32.4145303], [119.425451, 32.4145076], [119.4254555, 32.4143998], [119.4254846, 32.4143922], [119.4254846, 32.4142825], [119.4254331, 32.4141633], [119.4253744, 32.4136257], [119.425307, 32.41343], [119.4252042, 32.4132791], [119.4251195, 32.4132255], [119.4250589, 32.4131912], [119.4248139, 32.4131003], [119.4245633, 32.4130449], [119.4241808, 32.4130118], [119.423808, 32.4129903], [119.4234878, 32.412995], [119.4232014, 32.4130209], [119.4229019, 32.4129881], [119.422719, 32.4129938], [119.4221978, 32.4129514], [119.4219417, 32.4129321], [119.4216445, 32.4128568], [119.4214433, 32.4127777], [119.4213839, 32.412687], [119.421265, 32.4126233], [119.4212101, 32.4126001], [119.4206928, 32.412571], [119.4205931, 32.4127575], [119.4200018, 32.4142715], [119.4199561, 32.4143808], [119.4199358, 32.4144691], [119.4197672, 32.4149524], [119.4198079, 32.4150089], [119.4198951, 32.4150678], [119.4201305, 32.4151266], [119.4202729, 32.4151389], [119.4203252, 32.4151193], [119.4203921, 32.4151512], [119.4205461, 32.4151389], [119.4206245, 32.4151512], [119.420671, 32.4151095], [119.4207611, 32.415345], [119.4206885, 32.4153744], [119.4205141, 32.4153303], [119.4204531, 32.4153671], [119.4203775, 32.4153671], [119.4201973, 32.4153352], [119.4200869, 32.4153303], [119.4199968, 32.4152787], [119.4198602, 32.4152787], [119.4197382, 32.4151855], [119.4196655, 32.4151782], [119.4195871, 32.4152027], [119.4195125, 32.4152372], [119.4193272, 32.4158197], [119.4192164, 32.4160643], [119.4191556, 32.4162334], [119.4191377, 32.4163239], [119.4191734, 32.4163843], [119.4192164, 32.4164175], [119.4195623, 32.4164327], [119.4196908, 32.4164644], [119.4198134, 32.4164327], [119.4198984, 32.4163743], [119.4199202, 32.4163125], [119.4201218, 32.4163125], [119.4201792, 32.4163158], [119.4203077, 32.4163993], [119.4202761, 32.4164477], [119.4202266, 32.4164844], [119.4201298, 32.4165245], [119.4200922, 32.4165846], [119.4200764, 32.416663], [119.4200526, 32.4166947], [119.4200151, 32.4167148], [119.4199933, 32.4167398], [119.4197224, 32.4167665], [119.4196315, 32.4168249], [119.4196018, 32.4169084], [119.4196097, 32.4169985], [119.419586, 32.4171504], [119.4195682, 32.4172622], [119.4194931, 32.4172923], [119.4194733, 32.4173607], [119.4195131, 32.4174693], [119.419586, 32.417512], [119.4195217, 32.4176118], [119.4194904, 32.4177451], [119.4195371, 32.4179004], [119.4195406, 32.4180227], [119.4195077, 32.4181343], [119.4195136, 32.418526], [119.4194083, 32.4189151], [119.4192693, 32.4191669], [119.4190766, 32.4195373], [119.4190857, 32.4195902], [119.4190097, 32.4197956], [119.4188963, 32.4198017], [119.4186515, 32.4197491], [119.4187134, 32.4194109], [119.4187001, 32.4193761], [119.4186883, 32.4194109], [119.4186282, 32.4197399], [119.4185597, 32.4202551]], [[119.4188055, 32.41783], [119.4188367, 32.417867], [119.4188581, 32.4179637], [119.4188871, 32.4180284], [119.4189695, 32.4179999], [119.4189704, 32.4178812], [119.4189565, 32.4178098], [119.418878, 32.4178211], [119.4188055, 32.41783]], [[119.4230283, 32.4232246], [119.4230751, 32.4232863], [119.4232432, 32.4233036], [119.4235503, 32.4235418], [119.4238384, 32.423543], [119.4239554, 32.423464], [119.4240373, 32.4233061], [119.4239642, 32.4231024], [119.4237565, 32.4228987], [119.423448, 32.422837], [119.4231599, 32.4229444], [119.4230765, 32.4230493], [119.4230283, 32.4232246]]]]}, "properties": {"id": 18103502, "name": "保障湖", "kind": "湖", "category": "water", "hours": "全天", "group": "山水", "tags": {"natural": "water"}, "icon": "water", "icon_lon": 119.41876934644546, "icon_lat": 32.4176983}}, {"type": "Feature", "geometry": {"type": "MultiPolygon", "coordinates": [[[[119.4107345, 32.4098591], [119.4107373, 32.4097751], [119.4107718, 32.409736], [119.4109765, 32.4097441], [119.4110116, 32.4094526], [119.4110388, 32.4094526], [119.4110484, 32.4093513], [119.4110212, 32.4093486], [119.4110388, 32.4091286], [119.4110644, 32.4090544], [119.4111188, 32.4089518], [119.4113777, 32.4088884], [119.4115568, 32.408887], [119.4116479, 32.4088884], [119.4116575, 32.4088533], [119.4117758, 32.4088317], [119.4120908, 32.4088438], [119.4121833, 32.4088706], [119.41224, 32.4088536], [119.4123315, 32.4088645], [119.4126207, 32.408883], [119.4127744, 32.4089154], [119.4132831, 32.4089572], [119.4135281, 32.4089729], [119.4136044, 32.4089858], [119.4135935, 32.409006], [119.4136872, 32.4090244], [119.4137047, 32.4090023], [119.4141102, 32.4090207], [119.4144765, 32.4090336], [119.4144822, 32.4090943], [119.4145297, 32.4091525], [119.4146068, 32.4091995], [119.4147002, 32.4091912], [119.4147805, 32.409158], [119.4148412, 32.409122], [119.4148576, 32.4090542], [119.4149461, 32.4090542], [119.4149789, 32.4090376], [119.4150117, 32.4089878], [119.4150166, 32.408949], [119.4149854, 32.4089089], [119.4149838, 32.4088674], [119.4149854, 32.4088051], [119.4149527, 32.4087498], [119.4149379, 32.4087124], [119.4149301, 32.408669], [119.4149467, 32.4085917], [119.4149817, 32.4085046], [119.414985, 32.4085066], [119.4150233, 32.408471], [119.4150827, 32.4084074], [119.4151654, 32.408351], [119.4152684, 32.4082617], [119.4153873, 32.4081735], [119.415496, 32.4080719], [119.4155381, 32.4080241], [119.4156744, 32.4079568], [119.4157397, 32.4079188], [119.4158064, 32.4079139], [119.4160138, 32.4079176], [119.4161675, 32.4079237], [119.416327, 32.4079384], [119.4164373, 32.4079715], [119.4165692, 32.4080498], [119.4168071, 32.4081466], [119.4169855, 32.4082261], [119.4171812, 32.4083412], [119.4173422, 32.408471], [119.4174162, 32.4086277], [119.4174307, 32.4087943], [119.4175279, 32.4089914], [119.4175627, 32.4090918], [119.4176337, 32.4092228], [119.4176801, 32.4092889], [119.4178432, 32.4093433], [119.4183789, 32.409447], [119.4190836, 32.4095709], [119.4191313, 32.4096141], [119.4191996, 32.4095867], [119.4196074, 32.4096458], [119.419845, 32.4096554], [119.4199105, 32.4096571], [119.4202279, 32.4095966], [119.4204246, 32.4095513], [119.4204932, 32.4094993], [119.4205595, 32.4094114], [119.4205927, 32.4093514], [119.4205709, 32.4092941], [119.4206212, 32.409087], [119.4206364, 32.4088761], [119.4206044, 32.408804], [119.4206486, 32.4086767], [119.4206608, 32.4085365], [119.4206669, 32.40844], [119.4206714, 32.4074303], [119.4207111, 32.4069956], [119.4207248, 32.4065093], [119.4207291, 32.4062379], [119.4207626, 32.4058826], [119.4207605, 32.4058084], [119.4207731, 32.4055822], [119.4207584, 32.4054761], [119.4207521, 32.4054266], [119.4207919, 32.4049194], [119.420825, 32.4045399], [119.4208758, 32.4043609], [119.4209437, 32.4041712], [119.4209924, 32.4041838], [119.4210073, 32.4041229], [119.4209627, 32.4041014], [119.4210984, 32.4038348], [119.4211111, 32.4033534], [119.4210878, 32.4032961], [119.4211641, 32.4021686], [119.4211238, 32.4020397], [119.4210519, 32.4005695], [119.4211917, 32.3997382], [119.421304, 32.3997686], [119.4214354, 32.4001749], [119.4214206, 32.4003968], [119.4216365, 32.4010034], [119.4214703, 32.4010412], [119.421334, 32.4010879], [119.4213851, 32.4013883], [119.4213532, 32.4014585], [119.4213745, 32.4016059], [119.421383, 32.4017408], [119.4213468, 32.4019459], [119.4213723, 32.4025413], [119.4213958, 32.4025646], [119.4213967, 32.4027616], [119.4213078, 32.4033103], [119.4213661, 32.4035166], [119.4213596, 32.4037248], [119.421383, 32.4037877], [119.4216131, 32.4038201], [119.4216344, 32.4038417], [119.4216535, 32.4043381], [119.4216514, 32.4046115], [119.4215978, 32.4049547], [119.4215999, 32.4051297], [119.4216481, 32.4053807], [119.4216439, 32.4054478], [119.4216376, 32.405614], [119.4216523, 32.405743], [119.4215769, 32.4059339], [119.421623, 32.4062838], [119.4216753, 32.4064004], [119.4217381, 32.4064924], [119.4218065, 32.4066573], [119.4217989, 32.4069107], [119.4217593, 32.4070702], [119.4217608, 32.4073081], [119.4217532, 32.4074187], [119.4216739, 32.4075435], [119.4216161, 32.4076271], [119.4216115, 32.4077274], [119.4216161, 32.4078998], [119.4215978, 32.408112], [119.4215627, 32.4081699], [119.4214713, 32.4083461], [119.4213982, 32.4084683], [119.4213708, 32.4085918], [119.4213829, 32.4087076], [119.4214287, 32.4087333], [119.4214287, 32.4087745], [119.4213418, 32.4088118], [119.4212519, 32.4088529], [119.4212147, 32.4088807], [119.421209, 32.408975], [119.421252, 32.4090475], [119.4212978, 32.4091394], [119.4213235, 32.409207], [119.4212921, 32.4092844], [119.4211833, 32.4093182], [119.4211445, 32.4093546], [119.4211402, 32.40942], [119.4211833, 32.4094509], [119.4212564, 32.4094836], [119.4212844, 32.4095181], [119.4213684, 32.4095472], [119.4214287, 32.4095345], [119.4215062, 32.40952], [119.4215858, 32.40954], [119.4216289, 32.409549], [119.4217142, 32.4095388], [119.4217158, 32.4096478], [119.4216406, 32.4096685], [119.4215834, 32.4097127], [119.4214853, 32.4097582], [119.4213627, 32.4098604], [119.4213333, 32.4099377], [119.4213398, 32.4100798], [119.4213251, 32.4101254], [119.4213104, 32.4102027], [119.4212009, 32.4102399], [119.4209033, 32.4102427], [119.4208036, 32.4104538], [119.4207856, 32.410705], [119.4209246, 32.4107271], [119.4209524, 32.4107437], [119.4211453, 32.4107616], [119.4212018, 32.4108361], [119.4211623, 32.4109223], [119.4211375, 32.4110294], [119.4210502, 32.4110614], [119.4209531, 32.4110767], [119.4207587, 32.411092], [119.4207505, 32.4111226], [119.4207852, 32.4113443], [119.4206078, 32.4113616], [119.4205826, 32.411113], [119.4205495, 32.4110711], [119.4201221, 32.4107056], [119.4199952, 32.4106031], [119.4196423, 32.4103447], [119.419543, 32.4103005], [119.4189688, 32.4101966], [119.4188734, 32.4102141], [119.4187843, 32.4102526], [119.4184816, 32.4102404], [119.4183904, 32.4102369], [119.4181822, 32.4102511], [119.4178913, 32.410234], [119.4176798, 32.4102458], [119.4175025, 32.4103115], [119.4174372, 32.4103115], [119.4174201, 32.4102839], [119.417375, 32.4102511], [119.4173439, 32.4102471], [119.4173314, 32.4102799], [119.4172319, 32.4102813], [119.4170546, 32.410234], [119.4168913, 32.410234], [119.4167513, 32.4101605], [119.4166144, 32.4101434], [119.4164496, 32.4101053], [119.4161945, 32.4099963], [119.4160359, 32.4100134], [119.4159488, 32.4100108], [119.4151945, 32.4098493], [119.415011, 32.4097876], [119.4147683, 32.4097613], [119.4146128, 32.4097285], [119.4144806, 32.4097652], [119.4143873, 32.4097705], [119.4141276, 32.4097272], [119.4140451, 32.4096878], [119.4137605, 32.4096615], [119.4136205, 32.4096917], [119.4132473, 32.4096904], [119.4130311, 32.4096786], [119.4129051, 32.4096602], [119.4127589, 32.4096668], [119.4126049, 32.4096182], [119.4124152, 32.4095683], [119.4122597, 32.4095749], [119.4121275, 32.4095484], [119.4120604, 32.4095605], [119.4119309, 32.4095254], [119.4118701, 32.4095403], [119.4118238, 32.4095241], [119.4116415, 32.4095173], [119.4115184, 32.4095106], [119.4114385, 32.4095025], [119.4113809, 32.4095308], [119.4113682, 32.4095916], [119.4113474, 32.4096753], [119.4112882, 32.4097414], [119.4112722, 32.4098197], [119.4112722, 32.4099438], [119.4111955, 32.4100721], [119.4111623, 32.410321], [119.4108951, 32.4100763], [119.4109349, 32.4100532], [119.4109525, 32.4099789], [119.4108965, 32.4099533], [119.4108262, 32.4099263], [119.410775, 32.4098885], [119.4107345, 32.4098591]], [[119.4118482, 32.409198], [119.4118823, 32.4092309], [119.4121289, 32.4092678], [119.4122085, 32.4092514], [119.4122896, 32.4091952], [119.4123058, 32.4091541], [119.4124698, 32.4091788], [119.4124714, 32.4093103], [119.4124925, 32.4093898], [119.4125412, 32.4094227], [119.4126775, 32.4094597], [119.4134224, 32.4095282], [119.4134922, 32.4094788], [119.4135116, 32.4094446], [119.4135181, 32.4092884], [119.4134867, 32.4092416], [119.4127336, 32.4091946], [119.4126608, 32.4091556], [119.4125078, 32.4091146], [119.4123184, 32.4090962], [119.4122784, 32.4090591], [119.4122638, 32.4090004], [119.4122309, 32.4089695], [119.412077, 32.4089514], [119.4119634, 32.4089788], [119.4118969, 32.4090089], [119.4118514, 32.4090623], [119.4118482, 32.409198]], [[119.4150432, 32.4085945], [119.4150516, 32.4086409], [119.4150882, 32.4086718], [119.4151431, 32.4086816], [119.4151963, 32.4086633], [119.4152196, 32.4086352], [119.4152364, 32.4085971], [119.4152292, 32.408569], [119.4151973, 32.4085408], [119.4151465, 32.4085224], [119.4150987, 32.4085322], [119.4150682, 32.408558], [119.4150432, 32.4085945]], [[119.4151081, 32.4090932], [119.4151647, 32.4091438], [119.4160483, 32.4094177], [119.4160999, 32.4094894], [119.4161165, 32.409547], [119.4162863, 32.4095653], [119.4163295, 32.4095048], [119.4163878, 32.4093981], [119.4164344, 32.4093405], [119.4165658, 32.409311], [119.4166746, 32.4093068], [119.4169581, 32.4093116], [119.4170517, 32.4093286], [119.4172129, 32.4093712], [119.4173194, 32.409387], [119.4174691, 32.4093177], [119.4174835, 32.4092424], [119.4174346, 32.409201], [119.4174087, 32.4091524], [119.4172978, 32.4088037], [119.4172791, 32.4086129], [119.417282, 32.4085302], [119.4171899, 32.4084707], [119.4170446, 32.408399], [119.4168344, 32.4082867], [119.4167129, 32.4082183], [119.4165277, 32.4081694], [119.4163965, 32.4081287], [119.4161689, 32.4081418], [119.4160397, 32.4081645], [119.4159587, 32.4081922], [119.4159529, 32.4081808], [119.4156077, 32.4082898], [119.4155918, 32.408329], [119.4155308, 32.4083388], [119.4155004, 32.4083988], [119.4154627, 32.4083939], [119.4154308, 32.4084514], [119.4153844, 32.4084441], [119.4152695, 32.4086676], [119.4152296, 32.4087238], [119.415178, 32.4087673], [119.4151464, 32.4088389], [119.4151231, 32.4089317], [119.4151081, 32.4090932]], [[119.4165727, 32.4096697], [119.4166151, 32.4097055], [119.4167489, 32.4098053], [119.4169362, 32.409809], [119.4170477, 32.4098203], [119.4170958, 32.4097946], [119.4170934, 32.4096361], [119.4170819, 32.409585], [119.4170488, 32.4095267], [119.4169783, 32.4094732], [119.416879, 32.4094769], [119.4166731, 32.4094984], [119.416595, 32.4096246], [119.4165727, 32.4096697]], [[119.4176279, 32.4095815], [119.4176482, 32.4096134], [119.4176689, 32.4096286], [119.4176944, 32.4096916], [119.4177232, 32.4097045], [119.4177674, 32.4096931], [119.4177606, 32.4096386], [119.4177606, 32.4096214], [119.4177454, 32.4095901], [119.4177135, 32.409557], [119.4176439, 32.4095485], [119.4176279, 32.4095815]], [[119.4183986, 32.4100688], [119.4185334, 32.4100898], [119.4185935, 32.4100688], [119.4186827, 32.4100653], [119.4194415, 32.4101354], [119.4194809, 32.4101599], [119.4196509, 32.4102001], [119.41968, 32.4102001], [119.4197318, 32.4102754], [119.4200822, 32.4105222], [119.4202066, 32.4106237], [119.4203186, 32.4107235], [119.4204056, 32.410783], [119.4204906, 32.410832], [119.4205197, 32.4108373], [119.42053, 32.410825], [119.4205412, 32.4102194], [119.4205301, 32.4100853], [119.4205719, 32.4098032], [119.4205691, 32.4097256], [119.4205418, 32.4097032], [119.4204861, 32.4096922], [119.4203979, 32.4097003], [119.4202156, 32.4096848], [119.420044, 32.4097209], [119.4198647, 32.409779], [119.4197757, 32.4098784], [119.419704, 32.4099461], [119.4196655, 32.4100081], [119.4195115, 32.4099924], [119.4194789, 32.4100288], [119.4186876, 32.4100265], [119.4184575, 32.4100068], [119.4184015, 32.4100265], [119.4183986, 32.4100688]], [[119.4207657, 32.4093573], [119.4207689, 32.409411], [119.4207864, 32.4094366], [119.4208579, 32.4094392], [119.4209295, 32.4094486], [119.4209661, 32.4094164], [119.4210143, 32.40934], [119.4210458, 32.4092481], [119.4210601, 32.4091563], [119.4211088, 32.409033], [119.4211231, 32.4089242], [119.421126, 32.408888], [119.421031, 32.4088568], [119.4209868, 32.4088221], [119.4209685, 32.4087667], [119.4208497, 32.4086973], [119.420807, 32.4087294], [119.4208116, 32.4088323], [119.4208055, 32.408943], [119.4207857, 32.4091076], [119.4207657, 32.4093573]], [[119.420839, 32.407977], [119.420868, 32.4080091], [119.420868, 32.4081725], [119.4208985, 32.4081969], [119.4209807, 32.4081918], [119.4210478, 32.4081609], [119.4210874, 32.408085], [119.4211102, 32.4080323], [119.4211925, 32.408022], [119.4212306, 32.4080452], [119.4213068, 32.4080529], [119.4213692, 32.4080297], [119.4213921, 32.4079628], [119.4214226, 32.4078342], [119.4214149, 32.4076837], [119.4213921, 32.4075962], [119.4214028, 32.4075409], [119.4215155, 32.4073853], [119.421549, 32.4072914], [119.4215749, 32.4070406], [119.4215841, 32.4068322], [119.4215978, 32.4067383], [119.4216206, 32.4067049], [119.4216161, 32.4066804], [119.4215748, 32.4066496], [119.4212043, 32.4066461], [119.4211226, 32.406632], [119.4211038, 32.4066019], [119.4211017, 32.4065189], [119.4210766, 32.4064924], [119.4209949, 32.4064924], [119.4209899, 32.4065158], [119.4209716, 32.4070007], [119.4208878, 32.4076258], [119.420839, 32.407977]], [[119.4209866, 32.4053453], [119.4209949, 32.4054213], [119.4210787, 32.405469], [119.4211017, 32.4054673], [119.4211729, 32.4053948], [119.4212127, 32.4053612], [119.421221, 32.4053277], [119.4212755, 32.4053171], [119.421311, 32.4053082], [119.421332, 32.405257], [119.4212755, 32.4050714], [119.4212294, 32.4050007], [119.421221, 32.4049459], [119.4211934, 32.4049209], [119.4210613, 32.4049101], [119.4210431, 32.4049388], [119.4210201, 32.4050042], [119.4210159, 32.4051297], [119.4209887, 32.4053029], [119.4209866, 32.4053453]]]]}, "properties": {"id": 18103569, "name": "保障湖", "kind": "湖", "category": "water", "hours": "全天", "group": "山水", "tags": {"natural": "water"}, "icon": "water", "icon_lon": 119.42120328316787, "icon_lat": 32.40552915}}, {"type": "Feature", "geometry": {"type": "MultiPolygon", "coordinates": [[[[119.4088671, 32.4207864], [119.4088974, 32.4205967], [119.4089252, 32.4205967], [119.4089631, 32.4204176], [119.4089379, 32.4203984], [119.4089656, 32.4203025], [119.409264, 32.4202146], [119.4093334, 32.4201528], [119.409396, 32.420078], [119.409472, 32.4197894], [119.4094872, 32.4196933], [119.4096524, 32.4193326], [119.4097018, 32.4192909], [119.4098181, 32.4192785], [119.4099308, 32.4192567], [119.4099612, 32.4192304], [119.4099809, 32.419186], [119.4100199, 32.419067], [119.4100366, 32.4189037], [119.4100633, 32.4187686], [119.4101033, 32.41858], [119.4101533, 32.418352], [119.4101433, 32.418138], [119.4102033, 32.4178734], [119.4102108, 32.4177544], [119.4102032, 32.4176275], [119.4102108, 32.417498], [119.4101851, 32.4172822], [119.4100978, 32.4172634], [119.4100593, 32.4172531], [119.4100552, 32.4171332], [119.4100877, 32.4171092], [119.410108, 32.4170801], [119.4101222, 32.416931], [119.4101608, 32.416895], [119.4102054, 32.4168556], [119.4102358, 32.416734], [119.4102513, 32.4166934], [119.4102667, 32.4166911], [119.4102695, 32.4166592], [119.4102499, 32.416658], [119.4102303, 32.4166131], [119.4102457, 32.4164464], [119.4102373, 32.4163519], [119.4102667, 32.4162101], [119.4102583, 32.4161072], [119.4102835, 32.4160103], [119.4102863, 32.4158685], [119.4102933, 32.4156876], [119.4103171, 32.4156368], [119.4103241, 32.4155423], [119.4103199, 32.4153981], [119.4103773, 32.4152633], [119.4104067, 32.4150281], [119.4103955, 32.4149738], [119.4104557, 32.4145956], [119.4104459, 32.414566], [119.4104557, 32.4144797], [119.4105089, 32.4143674], [119.4105019, 32.4143048], [119.4104683, 32.4142823], [119.4104697, 32.414215], [119.4104949, 32.4141913], [119.4105019, 32.4141571], [119.4105229, 32.4141452], [119.4105313, 32.4138888], [119.4105663, 32.4138651], [119.4105957, 32.4138226], [119.4105901, 32.4137788], [119.4105635, 32.4137386], [119.4105383, 32.4137126], [119.4105299, 32.4130401], [119.4105061, 32.4129337], [119.4105327, 32.4126749], [119.4105159, 32.4124302], [119.4105453, 32.412409], [119.4105733, 32.4123936], [119.4105061, 32.4121997], [119.4104865, 32.4120213], [119.4104795, 32.4119515], [119.4105229, 32.4118357], [119.4105257, 32.4117872], [119.4104865, 32.4117577], [119.4104067, 32.4117364], [119.4103731, 32.411727], [119.4103763, 32.4116175], [119.4104032, 32.4115757], [119.4103905, 32.4113238], [119.4104428, 32.411325], [119.4104781, 32.411313], [119.4104923, 32.4112629], [119.4105001, 32.4111221], [119.4104849, 32.4110806], [119.4104982, 32.410996], [119.4104623, 32.4109625], [119.4103999, 32.4109753], [119.4102543, 32.4109577], [119.410054, 32.410937], [119.4100565, 32.4108406], [119.410112, 32.4108142], [119.4101844, 32.4107962], [119.4102328, 32.4107134], [119.4102257, 32.4106798], [119.4103024, 32.410429], [119.4103195, 32.4103966], [119.4103749, 32.4101663], [119.4103877, 32.4101315], [119.4104459, 32.4101123], [119.4104857, 32.4100811], [119.4105028, 32.4100391], [119.4105426, 32.4099539], [119.410571, 32.4098807], [119.4106236, 32.4098219], [119.4106748, 32.4097895], [119.4107373, 32.4097751], [119.4107345, 32.4098591], [119.4106762, 32.4098555], [119.4106108, 32.4099143], [119.4105582, 32.4100307], [119.4105753, 32.4100883], [119.4106094, 32.4101243], [119.4106805, 32.4101435], [119.4107757, 32.4101363], [119.4108496, 32.4101099], [119.4108951, 32.4100763], [119.4111623, 32.410321], [119.4111438, 32.4104014], [119.4110926, 32.4104482], [119.4110216, 32.4107794], [119.4110562, 32.4110551], [119.4110985, 32.4110631], [119.4112708, 32.4110982], [119.4113593, 32.411105], [119.411431, 32.4110993], [119.4114746, 32.4110829], [119.4115497, 32.4109685], [119.4115806, 32.4109453], [119.4116322, 32.4109323], [119.4117603, 32.4109312], [119.4119628, 32.4109385], [119.411993, 32.4109555], [119.4120104, 32.4109861], [119.412052, 32.4110597], [119.4120768, 32.4110789], [119.4121727, 32.4111197], [119.4121888, 32.4111372], [119.4122142, 32.4111921], [119.4122364, 32.4112906], [119.4122357, 32.4113348], [119.4122122, 32.4113954], [119.4121613, 32.4114661], [119.4121257, 32.4115193], [119.4121056, 32.4115431], [119.412062, 32.4115652], [119.4119453, 32.4115958], [119.4119118, 32.4116116], [119.4118917, 32.4116445], [119.411887, 32.4117016], [119.411944, 32.4118115], [119.4119648, 32.4118296], [119.4120017, 32.4118381], [119.4121941, 32.4118052], [119.4122706, 32.4118171], [119.4123041, 32.4118454], [119.4123154, 32.4119015], [119.4123301, 32.4119735], [119.4123595, 32.4120194], [119.4123301, 32.4120777], [119.4123228, 32.4121186], [119.4123713, 32.4121955], [119.4124447, 32.4122364], [119.4125255, 32.4122315], [119.4126225, 32.4122104], [119.4127033, 32.4122129], [119.4127533, 32.4121918], [119.4127885, 32.4122129], [119.4127885, 32.4122724], [119.4128502, 32.4123171], [119.4128576, 32.4123493], [119.4128546, 32.4126222], [119.4128496, 32.4126819], [119.4128467, 32.4127677], [119.4128046, 32.412802], [119.4126886, 32.4128706], [119.4126392, 32.4129085], [119.4126044, 32.4131094], [119.4125696, 32.4132087], [119.4125391, 32.4132479], [119.4124869, 32.4132503], [119.412484, 32.4131793], [119.4124636, 32.4131621], [119.4123809, 32.4131633], [119.4119413, 32.413178], [119.4119297, 32.4131658], [119.4117744, 32.4131682], [119.4117686, 32.4132172], [119.4117439, 32.413205], [119.4115698, 32.4132025], [119.4115756, 32.4131829], [119.4114624, 32.4131609], [119.4112811, 32.4131572], [119.4111592, 32.4131695], [119.4111171, 32.4131695], [119.4110968, 32.4131327], [119.410972, 32.4130837], [119.4108937, 32.4130938], [119.4108095, 32.4131731], [119.4107684, 32.4132227], [119.4107351, 32.4132971], [119.4107077, 32.4133334], [119.4107097, 32.4135004], [119.4107469, 32.4135384], [119.4108076, 32.4135879], [119.4108722, 32.4136078], [119.4109798, 32.413616], [119.4110249, 32.4136458], [119.4110425, 32.4138309], [119.41104, 32.4139532], [119.4111418, 32.4139424], [119.4111884, 32.413946], [119.4113665, 32.4140266], [119.4115383, 32.4141017], [119.4115892, 32.4141554], [119.4116507, 32.4142002], [119.4117334, 32.4142145], [119.4121999, 32.4143631], [119.412501, 32.4145027], [119.4127152, 32.4145582], [119.413082, 32.4146406], [119.4131732, 32.4146423], [119.4135231, 32.4146209], [119.4137266, 32.4146209], [119.4142843, 32.4146603], [119.4145557, 32.4147211], [119.4148315, 32.4148009], [119.4147764, 32.4149925], [119.4147111, 32.4150181], [119.414629, 32.4150805], [119.4145962, 32.4151123], [119.4145732, 32.4151733], [119.414588, 32.41528], [119.4146011, 32.4153146], [119.4145322, 32.41537], [119.4144846, 32.4154088], [119.4144337, 32.4154352], [119.4143697, 32.4154629], [119.4143254, 32.4154546], [119.4142532, 32.4154393], [119.4141301, 32.415485], [119.4140924, 32.4155612], [119.4140973, 32.4156028], [119.4141301, 32.4156291], [119.4141153, 32.415697], [119.4141137, 32.4157524], [119.4140809, 32.4158162], [119.4140661, 32.4158564], [119.4140841, 32.4158854], [119.4141399, 32.4159312], [119.4142122, 32.4160185], [119.4142499, 32.4160808], [119.4142712, 32.4161113], [119.4142532, 32.4161681], [119.4142909, 32.4162387], [119.4142877, 32.4162872], [119.4142663, 32.4163302], [119.4142614, 32.4165242], [119.4142795, 32.4165463], [119.4143205, 32.4165602], [119.4143697, 32.4165837], [119.4143976, 32.4166114], [119.4144058, 32.4167209], [119.4143943, 32.4167652], [119.4143796, 32.4167902], [119.4143188, 32.4168123], [119.4142844, 32.4168345], [119.4142516, 32.4168525], [119.4141301, 32.4168581], [119.4140267, 32.4168456], [119.4139036, 32.4168303], [119.4137986, 32.4168234], [119.4136425, 32.4168391], [119.4136114, 32.416857], [119.4135463, 32.4169323], [119.4135222, 32.4170076], [119.4134925, 32.4170793], [119.4134737, 32.4171829], [119.4134769, 32.417218], [119.4135264, 32.4173891], [119.4137084, 32.4173999], [119.4136988, 32.4175481], [119.4138952, 32.4175751], [119.4138712, 32.417726], [119.4137882, 32.4177314], [119.4137164, 32.4177637], [119.4136701, 32.4178217], [119.4136701, 32.4178662], [119.4136956, 32.4179106], [119.4137531, 32.4179538], [119.4138217, 32.4179605], [119.4138664, 32.4179457], [119.4138952, 32.4179255], [119.413884, 32.4180764], [119.4139127, 32.4180831], [119.4139032, 32.4181734], [119.4138664, 32.4182111], [119.4138696, 32.4182341], [119.413785, 32.4182489], [119.4137802, 32.4182839], [119.4137116, 32.4182839], [119.4136637, 32.4182462], [119.4136334, 32.4182031], [119.4136094, 32.4181788], [119.4135887, 32.4181451], [119.4135312, 32.4181276], [119.413429, 32.4181209], [119.4133579, 32.4181375], [119.4133217, 32.4182399], [119.4133077, 32.4182529], [119.4132338, 32.4182929], [119.4132143, 32.4183341], [119.4132199, 32.4183541], [119.4132547, 32.4183824], [119.4132729, 32.4184106], [119.4132826, 32.418433], [119.4132896, 32.4185083], [119.4133119, 32.4186025], [119.4133453, 32.4186655], [119.4133506, 32.4186637], [119.4134124, 32.4187233], [119.4134764, 32.4187606], [119.4134874, 32.4187978], [119.4135095, 32.4188593], [119.4135625, 32.4189506], [119.4136264, 32.4189953], [119.4137235, 32.4190456], [119.4137853, 32.4190437], [119.4138648, 32.4190214], [119.4139199, 32.4189618], [119.4139817, 32.4189487], [119.4140391, 32.4189524], [119.414092, 32.419012], [119.4141318, 32.419081], [119.4141538, 32.4191462], [119.4141163, 32.4192244], [119.4141009, 32.4193213], [119.4141009, 32.4194218], [119.4142796, 32.4198819], [119.4144318, 32.4200756], [119.4146349, 32.4203141], [119.4146922, 32.4204146], [119.4147055, 32.4205525], [119.4146922, 32.4206065], [119.4146172, 32.4207164], [119.4145245, 32.4209678], [119.4145356, 32.4210498], [119.4145748, 32.4211929], [119.4146605, 32.4212733], [119.4171833, 32.4217635], [119.41771, 32.4217695], [119.4179117, 32.4220905], [119.4172599, 32.421999], [119.4152555, 32.4216831], [119.4139059, 32.421434], [119.4138101, 32.4214869], [119.4138371, 32.4215945], [119.414056, 32.4216917], [119.4139973, 32.4219019], [119.4138326, 32.4218633], [119.4136678, 32.4217617], [119.413517, 32.4217507], [119.4133662, 32.421716], [119.4133142, 32.4216562], [119.413042, 32.421576], [119.4128997, 32.4216179], [119.4127272, 32.4215676], [119.4125875, 32.4214669], [119.412409, 32.4215746], [119.41219, 32.4216108], [119.411933, 32.4215586], [119.4116807, 32.4213858], [119.4116045, 32.4211005], [119.4116336, 32.4208407], [119.4112129, 32.4203812], [119.4111465, 32.4203899], [119.4109413, 32.420249], [119.4107959, 32.4202585], [119.4106929, 32.4203483], [119.41058, 32.4204603], [119.4105153, 32.4205874], [119.4104466, 32.4209117], [119.4104093, 32.4212335], [119.4101914, 32.4214053], [119.4100997, 32.421415], [119.4100166, 32.4213932], [119.4098904, 32.4212142], [119.4098417, 32.4210824], [119.4098361, 32.4209859], [119.4097157, 32.4209719], [119.4095793, 32.4211872], [119.4093672, 32.4210742], [119.4093874, 32.4209975], [119.4092359, 32.4209079], [119.4092081, 32.4209378], [119.4088671, 32.4207864]], [[119.4093835, 32.4203743], [119.4093875, 32.4204575], [119.4094131, 32.4204791], [119.4095886, 32.420604], [119.4096241, 32.4206339], [119.4096616, 32.420763], [119.4098125, 32.4208294], [119.4099965, 32.4208512], [119.4102459, 32.4206479], [119.4103176, 32.4205463], [119.4103462, 32.4204592], [119.410324, 32.4203306], [119.4101771, 32.4202331], [119.4098823, 32.4202977], [119.4098192, 32.4202079], [119.4097463, 32.4201812], [119.4095886, 32.4201862], [119.4094466, 32.4202927], [119.4093835, 32.4203743]], [[119.4097822, 32.419437], [119.4098134, 32.4194703], [119.409939, 32.4194793], [119.4100294, 32.4194446], [119.4100803, 32.4194266], [119.4102306, 32.4194425], [119.4103265, 32.419433], [119.4104153, 32.4194507], [119.4105095, 32.4194901], [119.4105439, 32.419637], [119.4106273, 32.4198108], [119.4108262, 32.4199367], [119.4109734, 32.4199424], [119.4110947, 32.4200662], [119.4112099, 32.4201953], [119.4112939, 32.420345], [119.4117149, 32.4208139], [119.4118268, 32.4208157], [119.4126081, 32.4208317], [119.4139451, 32.4211539], [119.4141151, 32.4211413], [119.4142495, 32.4209773], [119.4142399, 32.4207829], [119.4143601, 32.4206708], [119.4143902, 32.4205992], [119.4144729, 32.4205527], [119.4144717, 32.4205032], [119.4144582, 32.4204506], [119.4144057, 32.4203897], [119.4143433, 32.4203556], [119.4142663, 32.4203143], [119.4142174, 32.4202648], [119.4141917, 32.4202029], [119.4141853, 32.4200751], [119.4140665, 32.4197913], [119.4139621, 32.4194977], [119.4139274, 32.419461], [119.4139216, 32.4193583], [119.4139078, 32.4193077], [119.4138684, 32.4192503], [119.4137786, 32.4192115], [119.4136121, 32.4191394], [119.4134676, 32.419108], [119.4133427, 32.4191265], [119.4132442, 32.4191635], [119.413196, 32.4191856], [119.413162, 32.4192151], [119.4131501, 32.4192468], [119.4131415, 32.4192685], [119.4130714, 32.4193016], [119.4129894, 32.4193247], [119.4129381, 32.4193117], [119.4129073, 32.4192858], [119.4128748, 32.4192252], [119.4128851, 32.4191833], [119.4129056, 32.4191544], [119.412897, 32.4191169], [119.4128697, 32.4190895], [119.4128406, 32.419065], [119.4128133, 32.419026], [119.4128064, 32.4189885], [119.4128116, 32.4188528], [119.4127984, 32.4188354], [119.4123905, 32.4188015], [119.4123044, 32.4188179], [119.4122628, 32.4188589], [119.4122031, 32.4187792], [119.4121116, 32.4187628], [119.4120741, 32.4187722], [119.4120103, 32.4187581], [119.4119478, 32.4187593], [119.4118743, 32.4187476], [119.4117772, 32.4187687], [119.4117161, 32.4187511], [119.4116925, 32.4186937], [119.4117355, 32.418655], [119.4117716, 32.4186164], [119.411823, 32.4184606], [119.4118023, 32.4184143], [119.4117462, 32.4184007], [119.4117101, 32.4184362], [119.411656, 32.4184329], [119.4116239, 32.4184058], [119.4116199, 32.4183601], [119.4115478, 32.4183195], [119.4114455, 32.4183229], [119.4113834, 32.4182687], [119.4114495, 32.4182281], [119.4115057, 32.4182366], [119.4115538, 32.4180606], [119.4115277, 32.4180099], [119.4114876, 32.4180014], [119.4113754, 32.4180082], [119.4112491, 32.417976], [119.4111569, 32.4179709], [119.4110807, 32.4179828], [119.4110467, 32.4180589], [119.4110366, 32.4181554], [119.4110246, 32.4182247], [119.4110087, 32.4182817], [119.41102, 32.418308], [119.4110413, 32.4183403], [119.4109775, 32.4183714], [119.4107167, 32.418442], [119.4107011, 32.4185078], [119.4106699, 32.4185593], [119.4106897, 32.4186335], [119.4107067, 32.4187388], [119.4106997, 32.4188189], [119.4106685, 32.4188548], [119.4105777, 32.4188668], [119.4104955, 32.418862], [119.4103935, 32.4188907], [119.4103013, 32.4189207], [119.4102404, 32.4189506], [119.4102078, 32.4190331], [119.4101185, 32.4191265], [119.4100844, 32.4192165], [119.4100376, 32.4192858], [119.4099719, 32.4193482], [119.4099021, 32.4193663], [119.4098216, 32.4193829], [119.4097887, 32.4194093], [119.4097822, 32.419437]], [[119.41031, 32.4181279], [119.4103325, 32.4184454], [119.4103476, 32.4185322], [119.4103777, 32.4185555], [119.4104303, 32.4185512], [119.4104579, 32.4185258], [119.410478, 32.418365], [119.4104955, 32.4182676], [119.4105356, 32.4182655], [119.4105758, 32.4183184], [119.4106084, 32.418365], [119.4106485, 32.4184009], [119.4108641, 32.4183671], [119.4109343, 32.4183163], [119.4109494, 32.4182824], [119.4109204, 32.4182112], [119.4109264, 32.41813], [119.4109545, 32.4180657], [119.4109705, 32.4180183], [119.4109665, 32.4179506], [119.4109765, 32.4179016], [119.4110867, 32.4178424], [119.411201, 32.4178153], [119.4112932, 32.4178136], [119.4113373, 32.4177899], [119.4113435, 32.4177608], [119.4113344, 32.4177364], [119.4112873, 32.4177185], [119.4111871, 32.4177005], [119.41114, 32.4177108], [119.4110611, 32.4177428], [119.4109624, 32.4177159], [119.4109381, 32.4176736], [119.4107194, 32.4176557], [119.410645, 32.4177172], [119.4105615, 32.4177364], [119.410478, 32.4177415], [119.4104127, 32.4177608], [119.4103808, 32.4178056], [119.4103451, 32.4178866], [119.41031, 32.4181279]], [[119.4103764, 32.4167375], [119.4103826, 32.4169018], [119.4104116, 32.4169804], [119.4103805, 32.4169944], [119.4103868, 32.4171657], [119.4104468, 32.4171692], [119.4104592, 32.4172634], [119.4104825, 32.4173816], [119.4105121, 32.4174145], [119.4106678, 32.4174828], [119.4107192, 32.4175078], [119.4109574, 32.4175367], [119.4110492, 32.4175564], [119.4111676, 32.4175604], [119.4112407, 32.4175683], [119.4113217, 32.4175854], [119.411345, 32.4175893], [119.411426, 32.4175538], [119.4114649, 32.4175499], [119.4115147, 32.4175604], [119.411549, 32.4175946], [119.4115428, 32.4176445], [119.4115381, 32.4177838], [119.4115661, 32.4178127], [119.4116004, 32.4178167], [119.4116891, 32.417793], [119.4117265, 32.417797], [119.4117483, 32.4178311], [119.4117716, 32.4178758], [119.4118012, 32.4179074], [119.411851, 32.4179244], [119.4119211, 32.4179271], [119.4119849, 32.4178995], [119.4120239, 32.4178692], [119.4120628, 32.417843], [119.4120914, 32.4178062], [119.4120996, 32.4177574], [119.4120949, 32.4177106], [119.4120678, 32.4176469], [119.4120383, 32.4175821], [119.4120324, 32.4175612], [119.4120737, 32.4175104], [119.412092, 32.4174784], [119.4121297, 32.4174727], [119.4121516, 32.4174247], [119.4121725, 32.417393], [119.4121746, 32.417341], [119.4121767, 32.4173084], [119.4121975, 32.417297], [119.412232, 32.4172864], [119.4122549, 32.4172556], [119.4122022, 32.4171957], [119.4121968, 32.4170646], [119.4121975, 32.4170126], [119.4122082, 32.4169859], [119.4122136, 32.4169576], [119.4122089, 32.4169387], [119.4121747, 32.4169092], [119.4121411, 32.4168931], [119.4121023, 32.4168568], [119.4120657, 32.4168037], [119.4120318, 32.4167609], [119.4120238, 32.4166576], [119.4120389, 32.4165973], [119.412058, 32.4165577], [119.4120914, 32.416515], [119.4120902, 32.4164927], [119.4121077, 32.4164176], [119.4121366, 32.4163954], [119.4122018, 32.4163625], [119.4122519, 32.4163361], [119.4122745, 32.4163054], [119.4123008, 32.4162916], [119.4123422, 32.4163075], [119.4123661, 32.4163265], [119.4123911, 32.4163572], [119.4124425, 32.4163731], [119.4124977, 32.41637], [119.4125328, 32.4163509], [119.412583, 32.4161935], [119.4126172, 32.4161516], [119.4126293, 32.416117], [119.4126219, 32.4160757], [119.4125368, 32.4160265], [119.4124774, 32.4160086], [119.4124613, 32.4159526], [119.4124821, 32.4158902], [119.4124925, 32.4158518], [119.4124849, 32.415819], [119.4124702, 32.4157812], [119.4124062, 32.4157272], [119.4123725, 32.4156945], [119.412354, 32.4156404], [119.412354, 32.4156021], [119.4123893, 32.4155907], [119.4124247, 32.415612], [119.4124753, 32.4156148], [119.4125224, 32.4155949], [119.4125359, 32.415558], [119.4125578, 32.4155068], [119.4125763, 32.41542], [119.412564, 32.415403], [119.4125292, 32.4153842], [119.4124586, 32.4153483], [119.4123987, 32.415305], [119.4123493, 32.4152838], [119.4123155, 32.4152879], [119.4122826, 32.4153099], [119.4121879, 32.4153393], [119.4120071, 32.4153565], [119.4119501, 32.4153377], [119.4118843, 32.4153189], [119.4118331, 32.4152724], [119.4118254, 32.4152512], [119.4118708, 32.4151785], [119.411865, 32.41515], [119.4118321, 32.4151067], [119.4117762, 32.4150726], [119.411693, 32.415039], [119.411629, 32.4150185], [119.4115753, 32.4149864], [119.4115458, 32.4149411], [119.4115181, 32.4148943], [119.4114956, 32.4148592], [119.4114402, 32.4148373], [119.4113675, 32.4148153], [119.4112965, 32.4148197], [119.4112428, 32.4148548], [119.4112238, 32.4148928], [119.4112082, 32.4149381], [119.4112168, 32.4149761], [119.4112238, 32.4150141], [119.4111961, 32.4150624], [119.4111961, 32.4151004], [119.4111943, 32.4151501], [119.4111874, 32.4151896], [119.4111756, 32.4152151], [119.4111677, 32.4152898], [119.4111717, 32.4153247], [119.4111864, 32.4153463], [119.4112326, 32.4153729], [119.4112749, 32.4153995], [119.4112916, 32.4154317], [119.4112945, 32.4154459], [119.4112857, 32.4154706], [119.4112784, 32.4155281], [119.4112784, 32.4155479], [119.4113011, 32.4155702], [119.4113194, 32.4155751], [119.4113787, 32.4155528], [119.4113933, 32.4155621], [119.4113981, 32.4155861], [119.4113994, 32.4156438], [119.4113736, 32.4156699], [119.411322, 32.4156851], [119.4112563, 32.4157079], [119.41113, 32.4157982], [119.4111081, 32.415832], [119.4110952, 32.4158733], [119.4111145, 32.4158994], [119.4111532, 32.4159168], [119.411197, 32.4159495], [119.4111957, 32.4160985], [119.4112305, 32.4161334], [119.4112254, 32.4161606], [119.4112744, 32.4161725], [119.4112705, 32.4161834], [119.4112331, 32.4162128], [119.4111648, 32.4162585], [119.4111519, 32.4162966], [119.4111055, 32.4162889], [119.411112, 32.4161997], [119.4110333, 32.4161921], [119.4110205, 32.4162835], [119.410965, 32.4162791], [119.4109676, 32.4162291], [119.4109805, 32.4161769], [119.4109418, 32.4161606], [119.4108774, 32.4161486], [119.4108297, 32.4161355], [119.4108026, 32.4160953], [119.4107717, 32.4160746], [119.4107098, 32.416067], [119.4107111, 32.4159919], [119.4107279, 32.4159266], [119.4107807, 32.4158918], [119.4108439, 32.415894], [119.4108671, 32.4158254], [119.4109058, 32.4157874], [119.4109483, 32.415771], [119.4109821, 32.4157954], [119.4110181, 32.4158138], [119.4110567, 32.415816], [119.4112289, 32.4156868], [119.4112752, 32.4156456], [119.4112881, 32.4156185], [119.4112804, 32.4155924], [119.4112495, 32.4155675], [119.4112456, 32.4155327], [119.4112624, 32.4154318], [119.4112315, 32.4154003], [119.4111582, 32.4153634], [119.4111441, 32.4153385], [119.4111428, 32.4152202], [119.411157, 32.4151921], [119.411157, 32.4151555], [119.4111281, 32.4151123], [119.4111255, 32.4150702], [119.4111111, 32.4150437], [119.4110638, 32.4150127], [119.4110271, 32.4149949], [119.4109458, 32.4150016], [119.4109235, 32.4150293], [119.4109138, 32.4150951], [119.4109245, 32.4151538], [119.4109101, 32.4151745], [119.4108643, 32.4151779], [119.4108092, 32.4151495], [119.4107944, 32.4151177], [119.4107917, 32.4150552], [119.4107903, 32.4149769], [119.4107984, 32.4148861], [119.4107971, 32.4148216], [119.4107876, 32.4147321], [119.4107795, 32.4146725], [119.410755, 32.4146473], [119.4106901, 32.4147052], [119.4106509, 32.4147911], [119.4106079, 32.4150373], [119.4105354, 32.415239], [119.4105002, 32.4153827], [119.4104669, 32.4155001], [119.4104473, 32.4155992], [119.4104767, 32.4156703], [119.4105315, 32.4157447], [119.4106235, 32.4158554], [119.4106568, 32.415905], [119.4106549, 32.4160256], [119.4106392, 32.4161231], [119.4105942, 32.4162454], [119.4105413, 32.416338], [119.4104806, 32.4164487], [119.4104336, 32.4165908], [119.4103764, 32.4167375]], [[119.4104256, 32.4201356], [119.4104367, 32.4202896], [119.410551, 32.4202701], [119.4106565, 32.4201632], [119.4106597, 32.4200739], [119.4105459, 32.4200158], [119.4104539, 32.4200349], [119.4104256, 32.4201356]], [[119.4108115, 32.4143928], [119.4108213, 32.4145201], [119.4108474, 32.4146312], [119.4108651, 32.4147356], [119.4108814, 32.4148296], [119.4109153, 32.4148755], [119.4110104, 32.4149053], [119.4110824, 32.4149042], [119.4111531, 32.4148938], [119.4111898, 32.4148686], [119.4112088, 32.4148239], [119.4112319, 32.4147826], [119.4112754, 32.4147539], [119.4113324, 32.4147264], [119.4114289, 32.4147115], [119.4114941, 32.4147253], [119.4115389, 32.41477], [119.4115661, 32.4148285], [119.4116001, 32.4148904], [119.4116381, 32.4149363], [119.4117169, 32.4149799], [119.4119845, 32.4150819], [119.4121041, 32.4151519], [119.4122902, 32.4151829], [119.4124492, 32.4152356], [119.4125375, 32.4152849], [119.4125782, 32.4153125], [119.4126285, 32.4153228], [119.4126679, 32.4153033], [119.4127073, 32.4152918], [119.4127399, 32.4153021], [119.4127657, 32.4153377], [119.4127535, 32.4153618], [119.4127046, 32.4153744], [119.4126652, 32.4153928], [119.4126353, 32.4155246], [119.4126483, 32.4155349], [119.4126381, 32.4155866], [119.4126309, 32.4156245], [119.4126432, 32.4156418], [119.4126749, 32.4156582], [119.4126616, 32.4157798], [119.4126207, 32.4158134], [119.4125625, 32.415935], [119.412575, 32.415958], [119.4126115, 32.4159826], [119.4126742, 32.4160143], [119.4127, 32.4160392], [119.4127151, 32.4160675], [119.4127245, 32.4160904], [119.4127436, 32.4161009], [119.4127634, 32.4161037], [119.4128918, 32.4161204], [119.4129378, 32.4161434], [119.4129836, 32.4161569], [119.413044, 32.4161587], [119.4131086, 32.4161551], [119.4131461, 32.4161305], [119.4131743, 32.4161147], [119.4132212, 32.4161059], [119.4132587, 32.4161173], [119.4132941, 32.4161349], [119.4133045, 32.4161595], [119.4132952, 32.4161921], [119.4132597, 32.4162378], [119.4133098, 32.4162766], [119.4132941, 32.4163329], [119.4131263, 32.4162889], [119.4131222, 32.416259], [119.4131566, 32.4162141], [119.4131472, 32.4161859], [119.4130836, 32.4161912], [119.4130346, 32.4161886], [119.4129834, 32.4161969], [119.4128935, 32.4161946], [119.4127648, 32.4161855], [119.4127078, 32.4161918], [119.4126374, 32.4162501], [119.4126288, 32.4163105], [119.4126077, 32.4163722], [119.4126015, 32.4164443], [119.4125805, 32.4165122], [119.4125396, 32.4165603], [119.4124505, 32.4165938], [119.4124059, 32.4165802], [119.412365, 32.4165499], [119.4123006, 32.4165404], [119.4122412, 32.4165352], [119.412214, 32.4165488], [119.4121579, 32.4165682], [119.4121415, 32.4166135], [119.4121207, 32.4166576], [119.4121271, 32.4167482], [119.4121371, 32.4167711], [119.4121803, 32.4168149], [119.4122124, 32.4168444], [119.4122488, 32.4168574], [119.4122935, 32.4168586], [119.4123607, 32.4168574], [119.412404, 32.4168527], [119.4124292, 32.416835], [119.4124476, 32.4168205], [119.4124645, 32.4168024], [119.4125089, 32.4167855], [119.4125519, 32.4167868], [119.4126501, 32.416783], [119.412693, 32.4167972], [119.4127222, 32.4168101], [119.4127774, 32.4168179], [119.4128526, 32.4168101], [119.4129139, 32.4167933], [119.4129676, 32.4167817], [119.413009, 32.4167687], [119.4130228, 32.416748], [119.4130182, 32.4167104], [119.4129845, 32.4166781], [119.4129599, 32.4166301], [119.4129415, 32.4165745], [119.4129415, 32.4165175], [119.4129538, 32.4164799], [119.4129829, 32.4164786], [119.4130029, 32.4164994], [119.413006, 32.4165447], [119.4130075, 32.4166017], [119.4130504, 32.4166522], [119.4130566, 32.4167066], [119.4130688, 32.4167687], [119.4130762, 32.4167977], [119.4130967, 32.4168127], [119.4131191, 32.4168175], [119.4132023, 32.4168266], [119.4132744, 32.4168291], [119.4133394, 32.4168359], [119.4133563, 32.4167995], [119.4133877, 32.4167482], [119.4134146, 32.4167088], [119.4134556, 32.4167016], [119.4135264, 32.4167172], [119.4135887, 32.4167208], [119.4136994, 32.4166908], [119.413823, 32.416652], [119.4139322, 32.4166035], [119.4139925, 32.4165622], [119.4140242, 32.4165064], [119.4140558, 32.4164288], [119.4140644, 32.4163511], [119.4140414, 32.4162395], [119.4140127, 32.4161643], [119.4139638, 32.4160551], [119.4138891, 32.4159969], [119.4138384, 32.4159753], [119.4137911, 32.4159395], [119.4137911, 32.4158295], [119.4138139, 32.4158034], [119.4138286, 32.4157759], [119.4138253, 32.4157319], [119.413783, 32.4156989], [119.4137178, 32.41567], [119.4136999, 32.4156507], [119.4137227, 32.4154569], [119.4137097, 32.4154417], [119.4137097, 32.4153812], [119.4137309, 32.415362], [119.4137537, 32.415351], [119.4137618, 32.4153152], [119.4137553, 32.4152685], [119.4137455, 32.4152162], [119.4137178, 32.4151873], [119.4136624, 32.4151901], [119.4136364, 32.4151804], [119.4136527, 32.4151131], [119.4137048, 32.4151117], [119.4137455, 32.4151144], [119.4137879, 32.4151062], [119.4137944, 32.4150897], [119.4137846, 32.4150608], [119.4137488, 32.4150264], [119.4137276, 32.4149852], [119.4136804, 32.4149371], [119.413673, 32.4148739], [119.4136556, 32.4148426], [119.4134913, 32.4148303], [119.413205, 32.4148321], [119.4129569, 32.4148124], [119.4126537, 32.4147444], [119.412026, 32.4145421], [119.4116804, 32.4144096], [119.4113899, 32.4142682], [119.4112605, 32.4142145], [119.4111184, 32.4141859], [119.4109403, 32.4141465], [119.4108643, 32.4142672], [119.4108134, 32.4143399], [119.4108115, 32.4143928]], [[119.4108428, 32.4127467], [119.4108487, 32.4128426], [119.4108917, 32.412917], [119.4109035, 32.4130128], [119.4109703, 32.4130473], [119.4111189, 32.4131092], [119.4111729, 32.4131206], [119.4114469, 32.4131173], [119.4114855, 32.4131075], [119.4115782, 32.4131271], [119.411609, 32.4131124], [119.411611, 32.4130489], [119.4115839, 32.4130342], [119.4114739, 32.4129919], [119.4114392, 32.412987], [119.4114064, 32.4130082], [119.4113813, 32.4129951], [119.4113736, 32.4129707], [119.4111941, 32.4129414], [119.4112231, 32.4128371], [119.4111999, 32.4128078], [119.411115, 32.4127638], [119.4109896, 32.4127393], [119.4108722, 32.4126839], [119.4108428, 32.4127467]], [[119.4108996, 32.41256], [119.4111015, 32.4126677], [119.4112674, 32.4127638], [119.4114064, 32.4128501], [119.4114875, 32.4128941], [119.4114913, 32.412956], [119.4116013, 32.4129951], [119.4117769, 32.4130082], [119.4118078, 32.4129691], [119.4118078, 32.4128778], [119.4117731, 32.412842], [119.411775, 32.4128159], [119.4118464, 32.4127263], [119.4118869, 32.4127312], [119.4119525, 32.4127524], [119.4120934, 32.4127345], [119.4121397, 32.4126954], [119.4121301, 32.4126595], [119.4120802, 32.4125856], [119.4120638, 32.4125529], [119.4120668, 32.4124876], [119.4120816, 32.412421], [119.4121441, 32.4123972], [119.4122364, 32.4123205], [119.4122899, 32.4122753], [119.4123018, 32.4122339], [119.4122602, 32.4121259], [119.4121947, 32.4121045], [119.4121635, 32.4120844], [119.412156, 32.4120317], [119.4121438, 32.4119615], [119.4121183, 32.4119167], [119.4120681, 32.4119037], [119.4119976, 32.4119037], [119.4119071, 32.4119309], [119.4118387, 32.4119371], [119.4118106, 32.4119218], [119.4118045, 32.4118952], [119.4118193, 32.4118228], [119.4118253, 32.4117984], [119.41183, 32.4117684], [119.4118253, 32.4117277], [119.4117985, 32.4116852], [119.4117589, 32.4116377], [119.4117455, 32.4116048], [119.4117529, 32.4115474], [119.4117623, 32.4115363], [119.4117844, 32.4115264], [119.4118287, 32.411523], [119.4119038, 32.4115216], [119.4119427, 32.4115131], [119.4119728, 32.4114984], [119.4119879, 32.4114783], [119.4119983, 32.4114101], [119.412005, 32.4112493], [119.4120017, 32.4112086], [119.4119856, 32.4111904], [119.4119574, 32.4111735], [119.4119078, 32.4111604], [119.411885, 32.4111406], [119.4118763, 32.411105], [119.411881, 32.4110716], [119.4118803, 32.4110512], [119.4118676, 32.4110376], [119.4118347, 32.4110229], [119.4117817, 32.4110127], [119.4117241, 32.4110116], [119.4116684, 32.4110217], [119.4116389, 32.4110348], [119.4116188, 32.4110608], [119.4116141, 32.4110835], [119.4116127, 32.4111497], [119.4115973, 32.4111729], [119.4115678, 32.4111831], [119.4114967, 32.411182], [119.4114029, 32.4111565], [119.4113204, 32.4111463], [119.4111179, 32.4111344], [119.4110508, 32.4111293], [119.4110571, 32.4114141], [119.4110912, 32.4115209], [119.4112963, 32.4115144], [119.4113399, 32.4115553], [119.4113383, 32.4116801], [119.4112195, 32.4116964], [119.4110742, 32.4117094], [119.4110371, 32.4117885], [119.411033, 32.411853], [119.4110632, 32.4119305], [119.4110805, 32.4119943], [119.4110071, 32.4120562], [119.4109467, 32.4121227], [119.4109056, 32.4122111], [119.4109113, 32.4123947], [119.4108996, 32.41256]], [[119.4118257, 32.4186328], [119.4118452, 32.4186515], [119.4119242, 32.4186726], [119.412013, 32.4186668], [119.4120991, 32.418689], [119.4121768, 32.4186949], [119.4122462, 32.418675], [119.4123502, 32.4186609], [119.4123808, 32.418634], [119.4123849, 32.4185859], [119.4123669, 32.4185496], [119.4123891, 32.4185297], [119.4124321, 32.4184981], [119.4124474, 32.4184735], [119.4124931, 32.4184618], [119.4125306, 32.4184337], [119.4125126, 32.4183095], [119.4124113, 32.4182615], [119.4123675, 32.4182521], [119.4123303, 32.4182544], [119.4122904, 32.4182697], [119.4122595, 32.4182758], [119.4122169, 32.4182689], [119.4121534, 32.4182597], [119.4121199, 32.4182413], [119.4120691, 32.4182505], [119.4120274, 32.4183018], [119.412021, 32.4183373], [119.412021, 32.4184118], [119.4120077, 32.4184394], [119.4119509, 32.4184363], [119.4118989, 32.4184373], [119.4118785, 32.4184735], [119.4118257, 32.4186328]], [[119.4118615, 32.4129588], [119.4118905, 32.4129882], [119.4119514, 32.4129955], [119.4119979, 32.4129992], [119.4120603, 32.4129906], [119.4121241, 32.4129943], [119.4121894, 32.4130053], [119.4122474, 32.4130457], [119.4122982, 32.4130629], [119.4123476, 32.413031], [119.4123896, 32.4129992], [119.4124593, 32.412982], [119.4124956, 32.4129392], [119.4125304, 32.4129061], [119.4125391, 32.4128632], [119.4125217, 32.4127713], [119.4125173, 32.4127615], [119.41248, 32.4127551], [119.4122358, 32.4127358], [119.4122039, 32.4127628], [119.4121502, 32.4128387], [119.4121009, 32.4128595], [119.4120545, 32.412862], [119.4119616, 32.4128363], [119.411876, 32.4128412], [119.4118644, 32.412851], [119.4118615, 32.4129588]], [[119.4121344, 32.4175859], [119.4121583, 32.4176263], [119.4121998, 32.4176492], [119.4122206, 32.4176317], [119.4122413, 32.4175913], [119.4122266, 32.4175716], [119.4121808, 32.41755], [119.4121392, 32.4175643], [119.4121344, 32.4175859]], [[119.4122684, 32.41745], [119.4122872, 32.4174636], [119.4123209, 32.4174852], [119.412368, 32.4175045], [119.4124111, 32.4174829], [119.4124327, 32.4174545], [119.4124259, 32.4174249], [119.412399, 32.4174011], [119.4123411, 32.4173874], [119.412329, 32.4173726], [119.4123492, 32.4173499], [119.4122765, 32.4173584], [119.4122684, 32.41745]], [[119.4122696, 32.4170615], [119.4122746, 32.4171422], [119.412317, 32.4172382], [119.4123362, 32.4172617], [119.4123618, 32.4172725], [119.4123939, 32.4172671], [119.412428, 32.4172418], [119.4124611, 32.4172274], [119.4125027, 32.4172211], [119.4125507, 32.4172238], [119.4125924, 32.4172382], [119.4126436, 32.4172644], [119.4126479, 32.4173058], [119.4126511, 32.417377], [119.4126735, 32.4174364], [119.4126991, 32.4174806], [119.4127375, 32.4175097], [119.4128064, 32.4175108], [119.412886, 32.4175092], [119.4129852, 32.4175373], [119.4130555, 32.4175144], [119.4131193, 32.417474], [119.4131704, 32.4173958], [119.4132119, 32.4173204], [119.4132423, 32.4172382], [119.4132423, 32.4171438], [119.4132148, 32.4171186], [119.4131477, 32.4170979], [119.4130477, 32.4170647], [119.4129987, 32.4170305], [119.4129668, 32.4169946], [119.4129412, 32.4169712], [119.4129199, 32.4169721], [119.4128933, 32.4169946], [119.412856, 32.4170009], [119.412806, 32.4169928], [119.4127698, 32.4170027], [119.4127343, 32.417011], [119.4126932, 32.4170494], [119.4126534, 32.4170674], [119.4126264, 32.4170734], [119.4125725, 32.4170566], [119.4124277, 32.4170254], [119.4123765, 32.4169942], [119.4123202, 32.4169902], [119.4122954, 32.4170026], [119.4122729, 32.417031], [119.4122696, 32.4170615]], [[119.4123909, 32.4175545], [119.4123946, 32.4175737], [119.4123946, 32.4175899], [119.4124361, 32.4176007], [119.41246, 32.4175939], [119.41246, 32.4175697], [119.412465, 32.4175477], [119.4124475, 32.4175364], [119.4124098, 32.4175398], [119.4123909, 32.4175545]], [[119.4124233, 32.4173317], [119.412465, 32.417351], [119.4124529, 32.417367], [119.4124906, 32.4174022], [119.4125475, 32.4174195], [119.4125824, 32.4173992], [119.4126023, 32.417374], [119.4125838, 32.4173199], [119.4125483, 32.4172959], [119.4124828, 32.4172815], [119.4124358, 32.4172983], [119.4124233, 32.4173317]], [[119.4124545, 32.4169389], [119.412465, 32.4169797], [119.4124923, 32.4169957], [119.4125796, 32.4170001], [119.4126363, 32.4170037], [119.4126689, 32.4169886], [119.4126921, 32.4169637], [119.4127036, 32.4169318], [119.4127084, 32.4168995], [119.4126854, 32.4168645], [119.412647, 32.4168555], [119.4125565, 32.4168503], [119.412512, 32.4168568], [119.4124744, 32.4168652], [119.4124555, 32.4168972], [119.4124545, 32.4169389]], [[119.4125494, 32.4176115], [119.4125574, 32.4176452], [119.4125957, 32.4176681], [119.4126516, 32.4176802], [119.4127043, 32.417664], [119.412757, 32.417633], [119.4127841, 32.4175993], [119.4127517, 32.4175602], [119.4126834, 32.4175494], [119.4126436, 32.4175253], [119.412566, 32.4175375], [119.41257, 32.4175773], [119.4125494, 32.4176115]], [[119.4126784, 32.4126513], [119.4126857, 32.4126942], [119.412706, 32.4127309], [119.4127538, 32.4127395], [119.4127872, 32.4127223], [119.412809, 32.4126795], [119.41279, 32.4126482], [119.4127547, 32.4126383], [119.4127121, 32.4126371], [119.4126784, 32.4126513]], [[119.4127762, 32.4169327], [119.4127814, 32.4169442], [119.4128119, 32.4169664], [119.4128456, 32.4169682], [119.4128708, 32.4169531], [119.4128792, 32.4169282], [119.4128694, 32.4169163], [119.4128295, 32.416906], [119.4127866, 32.4169086], [119.4127762, 32.4169327]], [[119.4128714, 32.4188802], [119.4128782, 32.4189798], [119.4129005, 32.4189928], [119.4129278, 32.4190476], [119.4129466, 32.4190779], [119.4129671, 32.4191054], [119.4129842, 32.4191227], [119.4130133, 32.4191241], [119.4130731, 32.4191068], [119.4131412, 32.4190784], [119.4132048, 32.4190377], [119.4132332, 32.4190008], [119.4132332, 32.418949], [119.4131916, 32.4188935], [119.4131697, 32.4188806], [119.4131807, 32.4188288], [119.4131719, 32.4187715], [119.4131369, 32.4187345], [119.413093, 32.4187108], [119.4130372, 32.4187061], [119.412987, 32.4187167], [119.4129563, 32.4187473], [119.4129059, 32.4188046], [119.4128714, 32.4188802]], [[119.4130253, 32.4169302], [119.4130397, 32.4169541], [119.4130556, 32.4169835], [119.413082, 32.4170094], [119.4131602, 32.4170486], [119.4132331, 32.4170558], [119.4132574, 32.4170219], [119.4132774, 32.4169648], [119.4132912, 32.4169336], [119.4132472, 32.4168942], [119.4131879, 32.4168761], [119.4131208, 32.4168648], [119.4130732, 32.416862], [119.4130424, 32.4168761], [119.4130313, 32.4168909], [119.4130253, 32.4169302]], [[119.4130302, 32.4180881], [119.4130734, 32.418194], [119.4131153, 32.4182246], [119.4131571, 32.4182234], [119.4131976, 32.4182105], [119.413245, 32.4182117], [119.4132743, 32.4181987], [119.4133189, 32.4181151], [119.4132838, 32.4180535], [119.413225, 32.4180351], [119.4131794, 32.4180371], [119.413135, 32.418028], [119.4130942, 32.4180351], [119.4130606, 32.4180604], [119.4130302, 32.4180881]], [[119.4139808, 32.4150748], [119.4139917, 32.4151614], [119.4140201, 32.4152554], [119.4140909, 32.4152908], [119.4142427, 32.4153088], [119.4142842, 32.4152518], [119.4142884, 32.4151524], [119.4143122, 32.4150531], [119.4143557, 32.4149915], [119.4143574, 32.4148922], [119.4142493, 32.414878], [119.4140943, 32.4148739], [119.4140441, 32.41492], [119.4140004, 32.4150084], [119.4139808, 32.4150748]]]]}, "properties": {"id": 18103570, "name": "瘦西湖", "kind": "湖", "category": "water", "hours": "全天", "group": "山水", "tags": {"natural": "water"}, "icon": "water", "icon_lon": 119.41095063037287, "icon_lat": 32.415933100000004}}, {"type": "Feature", "geometry": {"type": "LineString", "coordinates": [[119.4805736, 32.4263559], [119.4794212, 32.426074], [119.470344, 32.4239394], [119.4684878, 32.4233046], [119.4576227, 32.4195886], [119.4522751, 32.4186662], [119.4464276, 32.4183218], [119.4457075, 32.417885], [119.4453684, 32.4173817], [119.4452656, 32.4160147], [119.4456097, 32.4140153], [119.4458041, 32.4136155], [119.4478808, 32.4092175], [119.4476218, 32.4072868], [119.4476174, 32.4046286], [119.4477719, 32.4033448], [119.4482212, 32.3976072], [119.4482664, 32.3945549], [119.4484413, 32.3931199], [119.4491621, 32.3908749], [119.4489395, 32.3882138], [119.4489687, 32.3869115], [119.4492944, 32.3859881], [119.4492357, 32.3852454], [119.4486458, 32.3845199], [119.4476724, 32.3841247], [119.4453043, 32.3844296], [119.4331046, 32.3846137], [119.4301231, 32.3845457], [119.4288621, 32.3836372], [119.4280926, 32.382867], [119.4276468, 32.3823833], [119.4271929, 32.377869], [119.4272079, 32.3765562], [119.42723, 32.3746201], [119.4266168, 32.3732478], [119.4225124, 32.3727041], [119.4204618, 32.3725224], [119.4188993, 32.3713868], [119.4187424, 32.3702709], [119.4189234, 32.3690481], [119.4213684, 32.360916], [119.4233723, 32.3587397], [119.4241317, 32.3585997], [119.4251794, 32.3589202], [119.4262093, 32.3607463], [119.4267599, 32.3610772], [119.427905, 32.3613594], [119.4287163, 32.360534], [119.428972, 32.3595364], [119.4286501, 32.357171], [119.4280952, 32.3563309], [119.4266645, 32.3558377], [119.425195, 32.3556994], [119.4249468, 32.3546689], [119.4259011, 32.3534194], [119.4250422, 32.348905], [119.4250243, 32.3305588], [119.4253135, 32.3283462], [119.4251175, 32.3279351], [119.4246605, 32.3276602], [119.4230926, 32.3277388], [119.4204766, 32.3276413], [119.4185436, 32.3274895], [119.4155129, 32.3276924]]}, "properties": {"id": 87899364, "name": "古运河", "kind": "", "category": "waterway", "hours": "全天", "tags": {"waterway": "river"}}}, {"type": "Feature", "geometry": {"type": "LineString", "coordinates": [[119.4206971, 32.4096134], [119.4207419, 32.4079838], [119.420851, 32.4063324], [119.4208959, 32.4047875], [119.4212055, 32.4041107], [119.4212798, 32.4026907], [119.4212193, 32.3998926], [119.4214059, 32.397416], [119.4215731, 32.3971294], [119.4217591, 32.3953643], [119.4223715, 32.3883], [119.4225353, 32.386844], [119.4229201, 32.3847202], [119.4244637, 32.3844326], [119.425895, 32.3845365], [119.4273445, 32.3842769], [119.427666, 32.3842908], [119.4282124, 32.3840827], [119.4288621, 32.3836372]]}, "properties": {"id": 90928931, "name": "二道河", "kind": "", "category": "waterway", "hours": "全天", "tags": {"waterway": "river"}}}, {"type": "Feature", "geometry": {"type": "LineString", "coordinates": [[119.4304828, 32.4021571], [119.4308198, 32.4016986], [119.4315276, 32.4000798], [119.4318384, 32.3998142], [119.4319545, 32.3994284], [119.4320858, 32.3991835], [119.4326974, 32.3983698], [119.4330721, 32.397518], [119.4332097, 32.3972018], [119.4332797, 32.3968606], [119.4333079, 32.3958855], [119.4332105, 32.3921233], [119.4331177, 32.3911366], [119.4331834, 32.3905137], [119.4331324, 32.3901834], [119.4330196, 32.3891885], [119.4330337, 32.3886999], [119.4330824, 32.388066], [119.4332068, 32.3874284], [119.4331656, 32.3865231], [119.4330989, 32.3855817], [119.4331046, 32.3846137]]}, "properties": {"id": 130071686, "name": "小秦淮河", "kind": "", "category": "waterway", "hours": "全天", "tags": {"waterway": "river"}}}, {"type": "Feature", "geometry": {"type": "LineString", "coordinates": [[119.4887139, 32.5075595], [119.494497, 32.5019443], [119.5013401, 32.494528], [119.5033245, 32.4916276], [119.5054972, 32.4870966], [119.5079126, 32.4796885], [119.5124326, 32.4700651], [119.5163438, 32.4615089], [119.5173743, 32.458011], [119.5196227, 32.4539202], [119.523423, 32.4458602], [119.5291713, 32.4333456], [119.5302477, 32.4276705], [119.5304465, 32.4240919], [119.5299993, 32.4171999], [119.5308605, 32.4145157], [119.5332618, 32.4129219], [119.5430825, 32.4117894], [119.5508315, 32.4097183]]}, "properties": {"id": 219333131, "name": "金湾河", "kind": "", "category": "waterway", "hours": "全天", "tags": {"waterway": "canal"}}}, {"type": "Feature", "geometry": {"type": "LineString", "coordinates": [[119.4212798, 32.4026907], [119.4255792, 32.4027618], [119.4267652, 32.4026265], [119.4282771, 32.4026807], [119.4284587, 32.402807], [119.4285976, 32.4029829], [119.4291479, 32.4029287], [119.4295539, 32.4027709], [119.4304828, 32.4021571], [119.4315799, 32.4024651], [119.4324774, 32.4022822], [119.4339785, 32.4026828], [119.439436, 32.4029224], [119.4400423, 32.4030226], [119.442304, 32.4037586], [119.4426393, 32.4039981], [119.4453681, 32.4045512], [119.4476174, 32.4046286]]}, "properties": {"id": 234740803, "name": "护城河", "kind": "", "category": "waterway", "hours": "全天", "tags": {"waterway": "river"}}}, {"type": "Feature", "geometry": {"type": "LineString", "coordinates": [[119.4064598, 32.4089686], [119.4065075, 32.4087792], [119.4068385, 32.4084593], [119.4087521, 32.407623], [119.409482, 32.4073266], [119.4102104, 32.4069419], [119.4108184, 32.4064931], [119.4117001, 32.4053805], [119.4118518, 32.4047019], [119.4127954, 32.3928684], [119.4132124, 32.3907448], [119.4132635, 32.387782], [119.4134391, 32.385007], [119.413552, 32.384834], [119.414476, 32.3848199], [119.4169092, 32.3849964], [119.4189203, 32.3850105], [119.420024, 32.384954], [119.4202331, 32.3848022], [119.4208226, 32.3836759], [119.4209982, 32.3835806], [119.4215333, 32.3836018], [119.4222817, 32.3839937], [119.4225996, 32.3840725], [119.4228255, 32.3840323], [119.4229934, 32.3838323], [119.4231722, 32.3810949], [119.4229423, 32.3808125], [119.422821, 32.3807948], [119.4228255, 32.3807416], [119.4228461, 32.3804982], [119.4230231, 32.3801479], [119.4231262, 32.3799439], [119.4236572, 32.3794249], [119.4238495, 32.3784503], [119.4240687, 32.377923], [119.4245788, 32.3769741], [119.4252588, 32.376635], [119.4272079, 32.3765562]]}, "properties": {"id": 234740805, "name": "宝带河", "kind": "", "category": "waterway", "hours": "全天", "tags": {"waterway": "river"}}}, {"type": "Feature", "geometry": {"type": "LineString", "coordinates": [[119.3928314, 32.4070452], [119.393647, 32.4071261], [119.3943767, 32.407277], [119.3946591, 32.4074624], [119.4007932, 32.4084293], [119.4064598, 32.4089686], [119.4099591, 32.4092824], [119.4102036, 32.409052], [119.4105154, 32.4087468], [119.4110824, 32.4087259], [119.4115434, 32.4093426]]}, "properties": {"id": 234860042, "name": "念四河", "kind": "", "category": "waterway", "hours": "全天", "tags": {"waterway": "river"}}}, {"type": "Feature", "geometry": {"type": "LineString", "coordinates": [[119.4240464, 32.4240656], [119.4248951, 32.4246485], [119.427603, 32.4250507], [119.4298964, 32.4256131], [119.4300165, 32.4256], [119.430156, 32.425515], [119.4302534, 32.4253741], [119.4301075, 32.4230276], [119.4296974, 32.4189578], [119.4296974, 32.4187577], [119.4298979, 32.4184346], [119.4303263, 32.4182269], [119.4308367, 32.4181961], [119.4324261, 32.4180847], [119.4372635, 32.4182996], [119.439642, 32.4182601], [119.4453966, 32.4183957], [119.4464276, 32.4183218]]}, "properties": {"id": 234860046, "name": "邗沟", "kind": "", "category": "waterway", "hours": "全天", "tags": {"waterway": "river"}}}, {"type": "Feature", "geometry": {"type": "LineString", "coordinates": [[119.391212, 32.4101703], [119.3914197, 32.4099082], [119.3925565, 32.4079619], [119.3928314, 32.4070452], [119.3940274, 32.4017018], [119.3941073, 32.4013928], [119.3942737, 32.401078], [119.395976, 32.3995857], [119.3967963, 32.3989594], [119.3969228, 32.3986728], [119.3974353, 32.3946545], [119.3983338, 32.3899897], [119.3985801, 32.3887194], [119.3987265, 32.387556], [119.398833, 32.3861452], [119.3989438, 32.3855641], [119.3992209, 32.3848269], [119.399838, 32.3835766], [119.4006035, 32.3800073], [119.4010694, 32.3771574], [119.4015087, 32.3747121], [119.402121, 32.3715585], [119.4021809, 32.3710694], [119.4022275, 32.3705691], [119.4022941, 32.3700687], [119.4024017, 32.3695072], [119.4024581, 32.3693395], [119.4026143, 32.3689526], [119.4031048, 32.3689611], [119.4038142, 32.3689917], [119.4039108, 32.3690008], [119.4041342, 32.3690253], [119.4048735, 32.3688726], [119.4056088, 32.3690754], [119.4069059, 32.3692553], [119.4088242, 32.3692685], [119.4166077, 32.3690999], [119.4189234, 32.3690481]]}, "properties": {"id": 234860049, "name": "新城河", "kind": "", "category": "waterway", "hours": "全天", "tags": {"waterway": "river"}}}, {"type": "Feature", "geometry": {"type": "LineString", "coordinates": [[119.4206971, 32.4096134], [119.4206358, 32.4108917], [119.4207255, 32.4117051], [119.420825, 32.4122222], [119.4211042, 32.4124395], [119.4215066, 32.4127264], [119.4219539, 32.4128584], [119.4223818, 32.4129062], [119.4229151, 32.412921], [119.4233409, 32.4129194], [119.4240774, 32.4129194], [119.4245795, 32.4129491], [119.425103, 32.413081], [119.4253296, 32.4132195], [119.4254527, 32.4135098], [119.4255113, 32.4138281], [119.425564, 32.4141051], [119.4258331, 32.4141771], [119.4262119, 32.4140857], [119.4264863, 32.4139656], [119.4269588, 32.413794], [119.4275839, 32.4137082], [119.4287221, 32.4133951], [119.4288796, 32.4133007], [119.4289965, 32.4131205], [119.4291222, 32.4128508], [119.4299737, 32.4128445], [119.4303241, 32.4128795], [119.4310258, 32.4130735], [119.4317293, 32.4131074], [119.4367007, 32.4130452], [119.4396889, 32.413164], [119.4423087, 32.4135655], [119.443374, 32.4136334], [119.4458041, 32.4136155]]}, "properties": {"id": 234890955, "name": "漕河", "kind": "", "category": "waterway", "hours": "全天", "tags": {"waterway": "river"}}}, {"type": "Feature", "geometry": {"type": "LineString", "coordinates": [[119.3963247, 32.415514], [119.395392, 32.4151825], [119.3903191, 32.41245], [119.3902751, 32.4122666], [119.3904032, 32.412052], [119.3906607, 32.4117554], [119.3913, 32.4110676], [119.3914899, 32.4107871], [119.3914816, 32.4106035], [119.3914266, 32.4104064], [119.391212, 32.4101703], [119.390066, 32.4095315], [119.3801262, 32.4039089]]}, "properties": {"id": 234890971, "name": "沿山河", "kind": "", "category": "waterway", "hours": "全天", "tags": {"waterway": "river"}}}, {"type": "Feature", "geometry": {"type": "LineString", "coordinates": [[119.6452835, 32.4722766], [119.6495107, 32.4729348], [119.6511107, 32.4734692], [119.6546083, 32.4748514], [119.6565823, 32.476011], [119.657428, 32.4764051], [119.6579837, 32.4768122], [119.665036, 32.4801651], [119.6665202, 32.4806646], [119.6676462, 32.4811581], [119.6684138, 32.4814171], [119.6690134, 32.4814973], [119.669686, 32.4814911], [119.6704025, 32.4813801], [119.6716601, 32.4813863], [119.6724424, 32.4812752], [119.6777724, 32.4814911], [119.6808066, 32.4815528], [119.6835411, 32.4813739], [119.7073865, 32.4807788], [119.7112789, 32.4806439], [119.7120348, 32.4807555], [119.713471, 32.4820308], [119.7163624, 32.4840394], [119.7173072, 32.4851393], [119.718866, 32.487665], [119.7192159, 32.4882318], [119.7200852, 32.489507], [119.7212379, 32.4903358], [119.7221639, 32.4907821], [119.7228064, 32.4907981], [119.7239592, 32.4902561], [119.731458, 32.4861748]]}, "properties": {"id": 246122984, "name": "通扬运河", "kind": "", "category": "waterway", "hours": "全天", "tags": {"waterway": "canal"}}}, {"type": "Feature", "geometry": {"type": "LineString", "coordinates": [[119.731458, 32.4861748], [119.7469495, 32.4779243], [119.7479939, 32.477678], [119.7499151, 32.4767221], [119.7510793, 32.4762732], [119.7551182, 32.4757629], [119.7604402, 32.4748024], [119.7703155, 32.4732352], [119.7718378, 32.4730937], [119.7735277, 32.4730556], [119.7769306, 32.4734254], [119.7921752, 32.4749505], [119.8014378, 32.4753423], [119.8071927, 32.4756619], [119.8085776, 32.4755011], [119.8093805, 32.4751116], [119.8099325, 32.4745528], [119.8104945, 32.4736131], [119.8162349, 32.4683975], [119.8220155, 32.4631816], [119.8225374, 32.4628768], [119.8230291, 32.4628006], [119.8236413, 32.4629022], [119.8269431, 32.4639437], [119.8286793, 32.4643756], [119.8359498, 32.4654193], [119.8394677, 32.4660267], [119.8422476, 32.4664755], [119.8442975, 32.4669801], [119.846272, 32.4674661], [119.8493803, 32.4683867], [119.8525042, 32.4693119], [119.857231, 32.4702772], [119.8635513, 32.4713551], [119.8654949, 32.4720375], [119.8716971, 32.4726629], [119.8748693, 32.4733093], [119.8763515, 32.4734803], [119.8779603, 32.4733414], [119.8870307, 32.471952], [119.8892286, 32.4717169], [119.8913758, 32.4715672], [119.8948849, 32.472807], [119.8962657, 32.4734162], [119.9005855, 32.4757567], [119.9013076, 32.4763445], [119.9024731, 32.4771673], [119.902917, 32.4779025]]}, "properties": {"id": 246155591, "name": "通扬运河", "kind": "", "category": "waterway", "hours": "全天", "tags": {"waterway": "river"}}}, {"type": "Feature", "geometry": {"type": "LineString", "coordinates": [[119.1922862, 32.2758014], [119.1794971, 32.2697731], [119.1771543, 32.2694197], [119.1762652, 32.2691917], [119.1686988, 32.2670135], [119.1680376, 32.2669765], [119.1674511, 32.2670491], [119.166979, 32.2671701], [119.1664855, 32.2673817], [119.1660492, 32.2675753], [119.1656916, 32.2678353], [119.1653196, 32.2682829], [119.1650192, 32.2688574], [119.1647331, 32.2694803], [119.1642825, 32.2702908], [119.1638891, 32.2707746], [119.1635387, 32.2710286], [119.1629808, 32.2712402], [119.1625445, 32.271331], [119.1618292, 32.2712826], [119.1495173, 32.2697581]]}, "properties": {"id": 263050625, "name": "仪城河", "kind": "", "category": "waterway", "hours": "全天", "tags": {"waterway": "river"}}}, {"type": "Feature", "geometry": {"type": "LineString", "coordinates": [[119.6599824, 32.4814625], [119.6652083, 32.4847415], [119.6809582, 32.4945482], [119.6933873, 32.501884], [119.6976778, 32.5036721], [119.7016593, 32.5047242], [119.7052698, 32.5052978], [119.7146054, 32.5059446], [119.7773171, 32.5099461], [119.8296357, 32.5132612], [119.8695329, 32.5157692]]}, "properties": {"id": 396499964, "name": "新通扬运河", "kind": "", "category": "waterway", "hours": "全天", "tags": {"waterway": "canal"}}}, {"type": "Feature", "geometry": {"type": "LineString", "coordinates": [[119.4320601, 32.7657049], [119.4334268, 32.7624761], [119.4346571, 32.7559239], [119.4354868, 32.7515045], [119.4627691, 32.6311424], [119.4688045, 32.6012321], [119.4822085, 32.5740323], [119.4869105, 32.554396], [119.4876413, 32.5533418], [119.4967532, 32.5401966], [119.497367, 32.539311]]}, "properties": {"id": 512839934, "name": "京杭大运河", "kind": "", "category": "waterway", "hours": "全天", "tags": {"waterway": "canal"}}}, {"type": "Feature", "geometry": {"type": "LineString", "coordinates": [[119.5508315, 32.4097183], [119.5563786, 32.413419], [119.5654358, 32.4190263], [119.5684668, 32.4218732], [119.5705363, 32.4245594], [119.5720631, 32.4263685], [119.5876179, 32.4360684], [119.6001367, 32.4440129], [119.6214286, 32.4571742], [119.6452835, 32.4722766]]}, "properties": {"id": 512839939, "name": "新通扬运河", "kind": "", "category": "waterway", "hours": "全天", "tags": {"waterway": "canal"}}}, {"type": "Feature", "geometry": {"type": "LineString", "coordinates": [[119.5508315, 32.4097183], [119.5503593, 32.4069037], [119.549889, 32.4054132], [119.5493036, 32.4038811], [119.5492564, 32.4028831], [119.5493662, 32.4016726], [119.5499534, 32.400837], [119.5508995, 32.3998578], [119.5520528, 32.3995899], [119.5535758, 32.3993602], [119.5561853, 32.3989657], [119.5583117, 32.3984979], [119.5598301, 32.3980023], [119.5622722, 32.3966443], [119.5689824, 32.3924662], [119.569956, 32.3910616], [119.5701288, 32.3901323], [119.5700751, 32.3892508], [119.5692086, 32.3862312], [119.5694876, 32.3826072], [119.5711398, 32.3757754], [119.5736611, 32.3725495], [119.5806026, 32.3678466], [119.5823407, 32.3659164], [119.5861575, 32.3631928], [119.5881915, 32.3633152], [119.5915842, 32.3640303], [119.5944965, 32.3642493], [119.5970568, 32.3638729], [119.5991655, 32.3629005], [119.6013955, 32.3611079], [119.6031334, 32.3597212], [119.6059012, 32.357384]]}, "properties": {"id": 512865633, "name": "芒稻河", "kind": "", "category": "waterway", "hours": "全天", "tags": {"waterway": "canal"}}}, {"type": "Feature", "geometry": {"type": "LineString", "coordinates": [[119.4790381, 32.4693007], [119.4789147, 32.4617965], [119.4791508, 32.4559847], [119.4796067, 32.4507202], [119.4800657, 32.4460532], [119.4814403, 32.4320736], [119.4805736, 32.4263559], [119.4750949, 32.3895243], [119.4737991, 32.3808078], [119.4686365, 32.3425151], [119.4655807, 32.3285732], [119.4643806, 32.320477], [119.4639816, 32.3147679], [119.4660509, 32.2753046], [119.4661474, 32.2741617], [119.4663191, 32.2723655], [119.4667053, 32.2695896], [119.4667053, 32.2670677]]}, "properties": {"id": 600430926, "name": "京杭运河", "kind": "", "category": "waterway", "hours": "全天", "tags": {"waterway": "canal"}}}, {"type": "Feature", "geometry": {"type": "LineString", "coordinates": [[119.5270658, 32.4691604], [119.5262933, 32.4690744], [119.5276665, 32.4659063], [119.5305741, 32.4593614], [119.5314538, 32.4571344], [119.5322585, 32.4555954], [119.5332563, 32.4544909], [119.5383203, 32.4507971], [119.5442748, 32.446732], [119.5454282, 32.4455821], [119.5463884, 32.4441878], [119.5471501, 32.442558], [119.5473862, 32.4413357], [119.5473218, 32.4382752], [119.5469785, 32.4367359], [119.5474076, 32.4350879], [119.5477724, 32.4343453], [119.548223, 32.4338563], [119.5521176, 32.433802], [119.5542955, 32.433956], [119.5572996, 32.4339831], [119.5603237, 32.4341526], [119.5644421, 32.4341381], [119.5671809, 32.434291], [119.5688224, 32.4346079], [119.5702708, 32.4350969], [119.5726097, 32.4366725], [119.5757854, 32.4387823], [119.577738, 32.4397602], [119.5796049, 32.4409282], [119.5813322, 32.4418065], [119.5824373, 32.4421234], [119.5844006, 32.4418608], [119.5869219, 32.4420148], [119.5899153, 32.4427391], [119.5939386, 32.44388], [119.596535, 32.4461118], [119.5994639, 32.4478909], [119.6061373, 32.4510506], [119.6093237, 32.4528251], [119.6143985, 32.4565731], [119.6168339, 32.4581212], [119.6205032, 32.4606197], [119.6215546, 32.46119], [119.6233356, 32.4617784], [119.6268654, 32.4632811], [119.6298051, 32.4650916], [119.6337426, 32.4683593], [119.6363068, 32.4696809], [119.6377455, 32.4702597], [119.6385062, 32.4705657], [119.6400511, 32.471137], [119.6410166, 32.4714816], [119.641462, 32.4716405], [119.6426958, 32.4719211], [119.6452835, 32.4722766]]}, "properties": {"id": 689909426, "name": "通扬运河", "kind": "", "category": "waterway", "hours": "全天", "tags": {"waterway": "canal"}}}, {"type": "Feature", "geometry": {"type": "LineString", "coordinates": [[119.6452835, 32.4722766], [119.6467534, 32.4732071], [119.6599824, 32.4814625]]}, "properties": {"id": 689909427, "name": "新通扬运河", "kind": "", "category": "waterway", "hours": "全天", "tags": {"waterway": "canal"}}}, {"type": "Feature", "geometry": {"type": "LineString", "coordinates": [[119.497367, 32.539311], [119.4970143, 32.526245], [119.4955532, 32.5179278], [119.4948685, 32.5153078], [119.4935596, 32.5124127], [119.4887139, 32.5075595]]}, "properties": {"id": 817347160, "name": "京杭运河", "kind": "", "category": "waterway", "hours": "全天", "tags": {"waterway": "canal"}}}, {"type": "Feature", "geometry": {"type": "LineString", "coordinates": [[119.4829273, 32.4965693], [119.4888711, 32.4844429], [119.4898903, 32.4813658], [119.490003, 32.4792027], [119.4902766, 32.4787864], [119.491564, 32.4777229], [119.4918537, 32.4773337], [119.4920361, 32.4768314], [119.4920736, 32.4762702], [119.4920093, 32.474546], [119.4920736, 32.4739441], [119.4922346, 32.4734689], [119.4924492, 32.4729711], [119.4935971, 32.4709119], [119.4938439, 32.4706087], [119.4956893, 32.468572], [119.4958717, 32.468219], [119.496628, 32.4662004], [119.4969231, 32.4658067], [119.4986075, 32.4638333], [119.4988435, 32.4634305], [119.4990259, 32.4629281], [119.4993666, 32.4611176], [119.4996053, 32.460493], [119.5002168, 32.4594836], [119.5042241, 32.4537214], [119.505372, 32.4525988], [119.5061231, 32.4518836], [119.5066273, 32.4511683], [119.5080435, 32.4468497], [119.5107365, 32.4398779], [119.512496, 32.4360205], [119.5156288, 32.4284502], [119.5161331, 32.4265756], [119.5161867, 32.4254617], [119.5156363, 32.4221492], [119.5151138, 32.4190045], [119.5146847, 32.4159886], [119.5146525, 32.4147206], [119.5149529, 32.4132352], [119.5168733, 32.4096575], [119.5173561, 32.4083622], [119.5174634, 32.4065959], [119.5172167, 32.4051104], [119.5165944, 32.4038966], [119.5131397, 32.3983709]]}, "properties": {"id": 981950410, "name": "太平河", "kind": "", "category": "waterway", "hours": "全天", "tags": {"waterway": "canal"}}}, {"type": "Feature", "geometry": {"type": "LineString", "coordinates": [[119.5075393, 32.4235418], [119.5077008, 32.4227575], [119.5115947, 32.4038423], [119.5131397, 32.3983709], [119.5149636, 32.3942037], [119.5181823, 32.3870829], [119.5183754, 32.3855608], [119.5162725, 32.3775876], [119.5156932, 32.3732201], [119.5156288, 32.3682362], [119.5161438, 32.3645933], [119.5171308, 32.3603521], [119.520328, 32.3504008], [119.5208215, 32.3476998], [119.5213151, 32.3435665], [119.521594, 32.34237], [119.5246196, 32.3364961], [119.5260143, 32.3350275], [119.527924, 32.3336496], [119.5303058, 32.3325074], [119.5326447, 32.3316371], [119.5350051, 32.3313107], [119.5380306, 32.3314739], [119.5405626, 32.3320178], [119.554832, 32.3374207], [119.5605612, 32.3405752], [119.5663547, 32.3444186], [119.5709896, 32.3469203], [119.5815253, 32.3514703], [119.5927906, 32.3550412], [119.6002793, 32.3567088], [119.6034551, 32.3571438], [119.6059012, 32.357384]]}, "properties": {"id": 981950420, "name": "廖家沟", "kind": "", "category": "waterway", "hours": "全天", "tags": {"waterway": "river"}}}, {"type": "Feature", "geometry": {"type": "LineString", "coordinates": [[119.4789147, 32.4617965], [119.4828629, 32.4551699], [119.4839036, 32.4520284], [119.4846976, 32.4486514], [119.4852984, 32.4469312], [119.4863605, 32.4461525], [119.4884312, 32.4450027], [119.4903839, 32.4434725], [119.4916499, 32.4423226], [119.4959092, 32.4397692], [119.4973683, 32.4384744], [119.4996214, 32.4357489], [119.5016706, 32.432489], [119.5052111, 32.4247916]]}, "properties": {"id": 981950421, "name": "新河", "kind": "", "category": "waterway", "hours": "全天", "tags": {"waterway": "canal"}}}, {"type": "Feature", "geometry": {"type": "LineString", "coordinates": [[119.4800657, 32.4460532], [119.4830453, 32.4417703], [119.4854486, 32.438737], [119.4860601, 32.43775], [119.4865429, 32.4365548], [119.4874334, 32.4340012], [119.4881952, 32.432824], [119.4891393, 32.4318098], [119.4903409, 32.4304787], [119.4912958, 32.4289573], [119.4919395, 32.4283506], [119.4927549, 32.427925], [119.5020139, 32.4260051], [119.5052111, 32.4247916], [119.5075393, 32.4235418]]}, "properties": {"id": 981950422, "name": "壁虎河", "kind": "", "category": "waterway", "hours": "全天", "tags": {"waterway": "canal"}}}, {"type": "Feature", "geometry": {"type": "LineString", "coordinates": [[119.4790381, 32.4693007], [119.4843542, 32.4628014], [119.485116, 32.461697], [119.4894075, 32.4477279], [119.4899654, 32.4468588], [119.4913173, 32.445555], [119.4938493, 32.4441244], [119.4982266, 32.4416798], [119.5007586, 32.439072], [119.50284, 32.4365005], [119.5049858, 32.4325162], [119.5073783, 32.4263945], [119.5075393, 32.4235418]]}, "properties": {"id": 981950423, "name": "凤凰河", "kind": "", "category": "waterway", "hours": "全天", "tags": {"waterway": "river"}}}, {"type": "Feature", "geometry": {"type": "LineString", "coordinates": [[119.3793487, 32.403469], [119.3774799, 32.4024119], [119.3772189, 32.4023718], [119.371531, 32.4021113], [119.3710643, 32.4020779], [119.3707637, 32.4019376], [119.3700963, 32.401281]]}, "properties": {"id": 1053753230, "name": "沿山河", "kind": "", "category": "waterway", "hours": "全天", "tags": {"waterway": "river"}}}, {"type": "Feature", "geometry": {"type": "LineString", "coordinates": [[119.3801262, 32.4039089], [119.3793487, 32.403469]]}, "properties": {"id": 1053753231, "name": "沿山河", "kind": "", "category": "waterway", "hours": "全天", "tags": {"waterway": "river"}}}, {"type": "Feature", "geometry": {"type": "LineString", "coordinates": [[119.4887139, 32.5075595], [119.4839358, 32.4983791], [119.4829273, 32.4965693], [119.4820261, 32.4941442], [119.4809747, 32.4885154], [119.4790381, 32.4693007]]}, "properties": {"id": 1359296029, "name": "京杭运河", "kind": "", "category": "waterway", "hours": "全天", "tags": {"waterway": "river"}}}, {"type": "Feature", "geometry": {"type": "LineString", "coordinates": [[119.3688877, 32.3998746], [119.3688713, 32.3995688], [119.369095, 32.397684], [119.3688496, 32.3971876], [119.3679024, 32.3969095], [119.3667375, 32.3963665], [119.3659326, 32.395861], [119.3653299, 32.395195], [119.3648507, 32.3946024], [119.3646858, 32.3938711], [119.3643146, 32.39297], [119.3642063, 32.3920471], [119.3637939, 32.3918687], [119.3624432, 32.3916902], [119.3614792, 32.3916205], [119.3605151, 32.3911591], [119.3596593, 32.3902667], [119.3584994, 32.3895571], [119.3576075, 32.389039], [119.3558908, 32.3886124], [119.3541173, 32.3878549], [119.3519108, 32.3870191], [119.3500549, 32.3862877], [119.3492507, 32.3858045], [119.3483588, 32.3846682], [119.3479103, 32.3840413], [119.3472968, 32.3835319], [119.3451883, 32.3823739], [119.3410073, 32.3801186], [119.3339657, 32.3766483], [119.3318095, 32.3756927], [119.3294611, 32.3749084], [119.327828, 32.3744035], [119.3269345, 32.3738849], [119.3259962, 32.3729009], [119.3248208, 32.3721607], [119.3238877, 32.3717471], [119.3225487, 32.3711888]]}, "properties": {"id": 1384584179, "name": "沿山河", "kind": "", "category": "waterway", "hours": "全天", "tags": {"waterway": "river"}}}, {"type": "Feature", "geometry": {"type": "LineString", "coordinates": [[119.4291222, 32.4128508], [119.4290092, 32.4120556], [119.4288057, 32.4081654], [119.428719, 32.4053598], [119.428542, 32.4047744], [119.4285976, 32.4029829]]}, "properties": {"id": 1384710936, "name": "玉带河", "kind": "", "category": "waterway", "hours": "全天", "tags": {"waterway": "river"}}}, {"type": "Feature", "geometry": {"type": "LineString", "coordinates": [[119.3700963, 32.401281], [119.3688877, 32.3998746]]}, "properties": {"id": 1384710938, "name": "沿山河", "kind": "", "category": "waterway", "hours": "全天", "tags": {"waterway": "river"}}}, {"type": "Feature", "geometry": {"type": "LineString", "coordinates": [[119.4324261, 32.4180847], [119.4315283, 32.4145497], [119.4313139, 32.4139898], [119.4310794, 32.4136447], [119.430999, 32.4134581], [119.4309912, 32.4132115], [119.4310258, 32.4130735]]}, "properties": {"id": 1384710939, "name": "玉带河", "kind": "", "category": "waterway", "hours": "全天", "tags": {"waterway": "river"}}}, {"type": "Feature", "geometry": {"type": "Point", "coordinates": [119.4282174, 32.3963841]}, "properties": {"id": 2428777185, "name": "文昌阁", "kind": "高台", "category": "tourism", "hours": "全天", "group": "地标", "tags": {"tourism": "attraction"}, "icon": "sight"}}, {"type": "Feature", "geometry": {"type": "Point", "coordinates": [119.4161478, 32.4097487]}, "properties": {"id": 2429079674, "name": "五亭桥", "kind": "桥", "category": "tourism", "hours": "全天", "group": "行旅", "tags": {"tourism": "attraction"}, "icon": "bridge"}}, {"type": "Feature", "geometry": {"type": "Point", "coordinates": [119.4381972, 32.4011638]}, "properties": {"id": 2429845786, "name": "个园", "kind": "园苑", "category": "tourism", "hours": "全天", "group": "游乐", "tags": {"tourism": "attraction"}, "icon": "garden"}}, {"type": "Feature", "geometry": {"type": "Point", "coordinates": [119.4434663, 32.3875792]}, "properties": {"id": 2430137178, "name": "何园", "kind": "园苑", "category": "tourism", "hours": "全天", "group": "游乐", "tags": {"tourism": "attraction"}, "icon": "garden"}}, {"type": "Feature", "geometry": {"type": "Point", "coordinates": [119.4436091, 32.3975498]}, "properties": {"id": 2430289580, "name": "琼花观", "kind": "观", "category": "tourism", "hours": "卯-申", "group": "信仰", "tags": {"tourism": "attraction"}, "icon": "temple"}}, {"type": "Feature", "geometry": {"type": "Point", "coordinates": [119.4476973, 32.399853]}, "properties": {"id": 2430289602, "name": "东关古渡", "kind": "渡口", "category": "tourism", "hours": "全天", "group": "行旅", "tags": {"tourism": "attraction"}, "icon": "ferry"}}, {"type": "Feature", "geometry": {"type": "Point", "coordinates": [119.2402331, 32.5990275]}, "properties": {"id": 2455002026, "name": "南茶村", "kind": "村", "category": "place", "hours": "全天", "group": "聚落", "tags": {"place": "village"}, "icon": "village"}}, {"type": "Feature", "geometry": {"type": "Point", "coordinates": [119.6088006, 32.5167166]}, "properties": {"id": 2550201294, "name": "丁伙镇", "kind": "镇", "category": "place", "hours": "全天", "group": "聚落", "tags": {"place": "town"}, "icon": "town"}}, {"type": "Feature", "geometry": {"type": "Point", "coordinates": [119.6634045, 32.5633714]}, "properties": {"id": 2550201295, "name": "丁沟镇", "kind": "镇", "category": "place", "hours": "全天", "group": "聚落", "tags": {"place": "town"}, "icon": "town"}}, {"type": "Feature", "geometry": {"type": "Point", "coordinates": [119.5509705, 32.4299384]}, "properties": {"id": 2550201296, "name": "仙女镇", "kind": "镇", "category": "place", "hours": "全天", "group": "聚落", "tags": {"place": "town"}, "icon": "town"}}, {"type": "Feature", "geometry": {"type": "Point", "coordinates": [119.3999008, 32.2914001]}, "properties": {"id": 2550201297, "name": "八里镇", "kind": "镇", "category": "place", "hours": "全天", "group": "聚落", "tags": {"place": "town"}, "icon": "town"}}, {"type": "Feature", "geometry": {"type": "Point", "coordinates": [119.3439754, 32.5887599]}, "properties": {"id": 2550201298, "name": "公道镇", "kind": "镇", "category": "place", "hours": "全天", "group": "聚落", "tags": {"place": "town"}, "icon": "town"}}, {"type": "Feature", "geometry": {"type": "Point", "coordinates": [119.4140138, 32.3879767]}, "properties": {"id": 2550201299, "name": "双桥街道", "kind": "村", "category": "place", "hours": "全天", "group": "聚落", "tags": {"place": "suburb"}, "icon": "village"}}, {"type": "Feature", "geometry": {"type": "Point", "coordinates": [119.7475182, 32.4429498]}, "properties": {"id": 2550201300, "name": "吴桥镇", "kind": "镇", "category": "place", "hours": "全天", "group": "聚落", "tags": {"place": "town"}, "icon": "town"}}, {"type": "Feature", "geometry": {"type": "Point", "coordinates": [119.4559921, 32.4276981]}, "properties": {"id": 2550201301, "name": "城北街道", "kind": "村", "category": "place", "hours": "全天", "group": "聚落", "tags": {"place": "suburb"}, "icon": "village"}}, {"type": "Feature", "geometry": {"type": "Point", "coordinates": [119.7110928, 32.3711467]}, "properties": {"id": 2550201302, "name": "大桥镇", "kind": "镇", "category": "place", "hours": "全天", "group": "聚落", "tags": {"place": "town"}, "icon": "town"}}, {"type": "Feature", "geometry": {"type": "Point", "coordinates": [119.629227, 32.303873]}, "properties": {"id": 2550201303, "name": "头桥镇", "kind": "镇", "category": "place", "hours": "全天", "group": "聚落", "tags": {"place": "town"}, "icon": "town"}}, {"type": "Feature", "geometry": {"type": "Point", "coordinates": [119.6717948, 32.4826848]}, "properties": {"id": 2550201304, "name": "宜陵镇", "kind": "镇", "category": "place", "hours": "全天", "group": "聚落", "tags": {"place": "town"}, "icon": "town"}}, {"type": "Feature", "geometry": {"type": "Point", "coordinates": [119.7616439, 32.6261074]}, "properties": {"id": 2550201305, "name": "小纪镇", "kind": "镇", "category": "place", "hours": "全天", "group": "聚落", "tags": {"place": "town"}, "icon": "town"}}, {"type": "Feature", "geometry": {"type": "Point", "coordinates": [119.3840483, 32.5064436]}, "properties": {"id": 2550201306, "name": "方巷镇", "kind": "镇", "category": "place", "hours": "全天", "group": "聚落", "tags": {"place": "town"}, "icon": "town"}}, {"type": "Feature", "geometry": {"type": "Point", "coordinates": [119.4548268, 32.3128857]}, "properties": {"id": 2550201307, "name": "施桥镇", "kind": "镇", "category": "place", "hours": "全天", "group": "聚落", "tags": {"place": "town"}, "icon": "town"}}, {"type": "Feature", "geometry": {"type": "Point", "coordinates": [119.3153553, 32.2980339]}, "properties": {"id": 2550201308, "name": "朴席镇", "kind": "镇", "category": "place", "hours": "全天", "group": "聚落", "tags": {"place": "town"}, "icon": "town"}}, {"type": "Feature", "geometry": {"type": "Point", "coordinates": [119.5736912, 32.3244002]}, "properties": {"id": 2550201309, "name": "李典镇", "kind": "镇", "category": "place", "hours": "全天", "group": "聚落", "tags": {"place": "town"}, "icon": "town"}}, {"type": "Feature", "geometry": {"type": "Point", "coordinates": [119.3084862, 32.5133072]}, "properties": {"id": 2550201310, "name": "杨寿镇", "kind": "镇", "category": "place", "hours": "全天", "group": "聚落", "tags": {"place": "town"}, "icon": "town"}}, {"type": "Feature", "geometry": {"type": "Point", "coordinates": [119.3261684, 32.4182447]}, "properties": {"id": 2550201311, "name": "杨庙镇", "kind": "镇", "category": "place", "hours": "全天", "group": "聚落", "tags": {"place": "town"}, "icon": "town"}}, {"type": "Feature", "geometry": {"type": "Point", "coordinates": [119.5342008, 32.3864175]}, "properties": {"id": 2550201312, "name": "杭集镇", "kind": "镇", "category": "place", "hours": "全天", "group": "聚落", "tags": {"place": "town"}, "icon": "town"}}, {"type": "Feature", "geometry": {"type": "Point", "coordinates": [119.4390916, 32.4837975]}, "properties": {"id": 2550201313, "name": "槐泗镇", "kind": "镇", "category": "place", "hours": "全天", "group": "聚落", "tags": {"place": "town"}, "icon": "town"}}, {"type": "Feature", "geometry": {"type": "Point", "coordinates": [119.6873331, 32.6633839]}, "properties": {"id": 2550201314, "name": "樊川镇", "kind": "镇", "category": "place", "hours": "全天", "group": "聚落", "tags": {"place": "town"}, "icon": "town"}}, {"type": "Feature", "geometry": {"type": "Point", "coordinates": [119.4581362, 32.3675607]}, "properties": {"id": 2550201316, "name": "汤汪街道", "kind": "村", "category": "place", "hours": "全天", "group": "聚落", "tags": {"place": "suburb"}, "icon": "village"}}, {"type": "Feature", "geometry": {"type": "Point", "coordinates": [119.5195653, 32.3075018]}, "properties": {"id": 2550201317, "name": "沙头镇", "kind": "镇", "category": "place", "hours": "全天", "group": "聚落", "tags": {"place": "town"}, "icon": "town"}}, {"type": "Feature", "geometry": {"type": "Point", "coordinates": [119.5121511, 32.4610822]}, "properties": {"id": 2550201318, "name": "泰安镇", "kind": "镇", "category": "place", "hours": "全天", "group": "聚落", "tags": {"place": "town"}, "icon": "town"}}, {"type": "Feature", "geometry": {"type": "Point", "coordinates": [119.8274562, 32.3791641]}, "properties": {"id": 2550201319, "name": "浦头镇", "kind": "镇", "category": "place", "hours": "全天", "group": "聚落", "tags": {"place": "town"}, "icon": "town"}}, {"type": "Feature", "geometry": {"type": "Point", "coordinates": [119.4890327, 32.4254366]}, "properties": {"id": 2550201320, "name": "湾头镇", "kind": "镇", "category": "place", "hours": "全天", "group": "聚落", "tags": {"place": "town"}, "icon": "town"}}, {"type": "Feature", "geometry": {"type": "Point", "coordinates": [119.3836118, 32.2529863]}, "properties": {"id": 2550201321, "name": "瓜洲镇", "kind": "镇", "category": "place", "hours": "全天", "group": "聚落", "tags": {"place": "town"}, "icon": "town"}}, {"type": "Feature", "geometry": {"type": "Point", "coordinates": [119.5790479, 32.6171148]}, "properties": {"id": 2550201322, "name": "真武镇", "kind": "镇", "category": "place", "hours": "全天", "group": "聚落", "tags": {"place": "town"}, "icon": "town"}}, {"type": "Feature", "geometry": {"type": "Point", "coordinates": [119.3896734, 32.4272417]}, "properties": {"id": 2550201325, "name": "西湖街道", "kind": "村", "category": "place", "hours": "全天", "group": "聚落", "tags": {"place": "suburb"}, "icon": "village"}}, {"type": "Feature", "geometry": {"type": "Point", "coordinates": [119.5140286, 32.5238247]}, "properties": {"id": 2550201326, "name": "邵伯镇", "kind": "镇", "category": "place", "hours": "全天", "group": "聚落", "tags": {"place": "town"}, "icon": "town"}}, {"type": "Feature", "geometry": {"type": "Point", "coordinates": [119.8037047, 32.4814542]}, "properties": {"id": 2550201327, "name": "郭村镇", "kind": "镇", "category": "place", "hours": "全天", "group": "聚落", "tags": {"place": "town"}, "icon": "town"}}, {"type": "Feature", "geometry": {"type": "Point", "coordinates": [119.2473804, 32.6246205]}, "properties": {"id": 2560835965, "name": "天山社区", "kind": "村", "category": "place", "hours": "全天", "group": "聚落", "tags": {"place": "village"}, "icon": "village"}}, {"type": "Feature", "geometry": {"type": "Point", "coordinates": [119.3048964, 32.6434498]}, "properties": {"id": 2560835991, "name": "送桥镇", "kind": "镇", "category": "place", "hours": "全天", "group": "聚落", "tags": {"place": "town"}, "icon": "town"}}, {"type": "Feature", "geometry": {"type": "Point", "coordinates": [119.177699, 32.2682734]}, "properties": {"id": 2560880750, "name": "真州镇", "kind": "镇", "category": "place", "hours": "全天", "group": "聚落", "tags": {"place": "town"}, "icon": "town"}}, {"type": "Feature", "geometry": {"type": "Point", "coordinates": [119.2520763, 32.4358811]}, "properties": {"id": 2567960704, "name": "刘集镇", "kind": "镇", "category": "place", "hours": "全天", "group": "聚落", "tags": {"place": "town"}, "icon": "town"}}, {"type": "Feature", "geometry": {"type": "Point", "coordinates": [119.2366229, 32.5398261]}, "properties": {"id": 2567960709, "name": "大仪镇", "kind": "镇", "category": "place", "hours": "全天", "group": "聚落", "tags": {"place": "town"}, "icon": "town"}}, {"type": "Feature", "geometry": {"type": "Point", "coordinates": [119.2324681, 32.2889368]}, "properties": {"id": 2567960715, "name": "新城镇", "kind": "镇", "category": "place", "hours": "全天", "group": "聚落", "tags": {"place": "town"}, "icon": "town"}}, {"type": "Feature", "geometry": {"type": "Point", "coordinates": [119.2926899, 32.3296506]}, "properties": {"id": 2567960742, "name": "新集镇", "kind": "镇", "category": "place", "hours": "全天", "group": "聚落", "tags": {"place": "town"}, "icon": "town"}}, {"type": "Feature", "geometry": {"type": "Point", "coordinates": [119.13154, 32.4264722]}, "properties": {"id": 2567960745, "name": "月塘镇", "kind": "镇", "category": "place", "hours": "全天", "group": "聚落", "tags": {"place": "town"}, "icon": "town"}}, {"type": "Feature", "geometry": {"type": "Point", "coordinates": [119.1909494, 32.4816508]}, "properties": {"id": 2567961570, "name": "陈集镇", "kind": "镇", "category": "place", "hours": "全天", "group": "聚落", "tags": {"place": "town"}, "icon": "town"}}, {"type": "Feature", "geometry": {"type": "Point", "coordinates": [119.0679854, 32.2542049]}, "properties": {"id": 2567961571, "name": "青山镇", "kind": "镇", "category": "place", "hours": "全天", "group": "聚落", "tags": {"place": "town"}, "icon": "town"}}, {"type": "Feature", "geometry": {"type": "Point", "coordinates": [119.1700237, 32.3493407]}, "properties": {"id": 2567961572, "name": "马集镇", "kind": "镇", "category": "place", "hours": "全天", "group": "聚落", "tags": {"place": "town"}, "icon": "town"}}, {"type": "Feature", "geometry": {"type": "Point", "coordinates": [119.4275893, 32.3737294]}, "properties": {"id": 2572511107, "name": "文峰塔", "kind": "高台", "category": "tourism", "hours": "全天", "group": "地标", "tags": {"tourism": "attraction"}, "icon": "sight"}}, {"type": "Feature", "geometry": {"type": "Point", "coordinates": [119.6219356, 32.6473884]}, "properties": {"id": 2699780091, "name": "永安", "kind": "村", "category": "place", "hours": "全天", "group": "聚落", "tags": {"place": "village"}, "icon": "village"}}, {"type": "Feature", "geometry": {"type": "Point", "coordinates": [119.4467239, 32.4004092]}, "properties": {"id": 2973921285, "name": "东关街道", "kind": "村", "category": "place", "hours": "全天", "group": "聚落", "tags": {"place": "suburb"}, "icon": "village"}}, {"type": "Feature", "geometry": {"type": "Point", "coordinates": [119.4413071, 32.3686727]}, "properties": {"id": 2973921286, "name": "文峰街道", "kind": "村", "category": "place", "hours": "全天", "group": "聚落", "tags": {"place": "suburb"}, "icon": "village"}}, {"type": "Feature", "geometry": {"type": "Point", "coordinates": [119.4314927, 32.3956806]}, "properties": {"id": 2973921287, "name": "汶河街道", "kind": "村", "category": "place", "hours": "全天", "group": "聚落", "tags": {"place": "suburb"}, "icon": "village"}}, {"type": "Feature", "geometry": {"type": "Point", "coordinates": [119.4115488, 32.3816217]}, "properties": {"id": 2973966056, "name": "文汇街道", "kind": "村", "category": "place", "hours": "全天", "group": "聚落", "tags": {"place": "suburb"}, "icon": "village"}}, {"type": "Feature", "geometry": {"type": "Point", "coordinates": [119.465408, 32.3912554]}, "properties": {"id": 2973966057, "name": "曲江街道", "kind": "村", "category": "place", "hours": "全天", "group": "聚落", "tags": {"place": "suburb"}, "icon": "village"}}, {"type": "Feature", "geometry": {"type": "Point", "coordinates": [119.3798524, 32.342574]}, "properties": {"id": 2973966058, "name": "汊河街道", "kind": "村", "category": "place", "hours": "全天", "group": "聚落", "tags": {"place": "suburb"}, "icon": "village"}}, {"type": "Feature", "geometry": {"type": "Point", "coordinates": [119.3526773, 32.35805]}, "properties": {"id": 2973966147, "name": "蒋王街道", "kind": "村", "category": "place", "hours": "全天", "group": "聚落", "tags": {"place": "suburb"}, "icon": "village"}}, {"type": "Feature", "geometry": {"type": "Point", "coordinates": [119.3876188, 32.3800474]}, "properties": {"id": 2973966148, "name": "邗上街道", "kind": "村", "category": "place", "hours": "全天", "group": "聚落", "tags": {"place": "suburb"}, "icon": "village"}}, {"type": "Feature", "geometry": {"type": "Point", "coordinates": [119.4295766, 32.4123993]}, "properties": {"id": 3213641568, "name": "北门遗址", "kind": "城门", "category": "historic", "hours": "全天", "group": "城防", "tags": {"historic": "ruins"}, "icon": "gate"}}, {"type": "Feature", "geometry": {"type": "Point", "coordinates": [119.3389613, 32.484318]}, "properties": {"id": 3814922939, "name": "甘泉街道", "kind": "镇", "category": "place", "hours": "全天", "group": "聚落", "tags": {"place": "town"}, "icon": "town"}}, {"type": "Feature", "geometry": {"type": "Point", "coordinates": [119.1802382, 32.2671014]}, "properties": {"id": 4305355544, "name": "天宁塔", "kind": "高台", "category": "historic", "hours": "全天", "group": "地标", "tags": {"historic": "monument"}, "icon": "sight"}}, {"type": "Feature", "geometry": {"type": "Point", "coordinates": [119.177181, 32.2701059]}, "properties": {"id": 4305355545, "name": "鼓楼", "kind": "钟鼓楼", "category": "historic", "hours": "全天", "group": "城防", "tags": {"historic": "monument"}, "icon": "gate"}}, {"type": "Feature", "geometry": {"type": "Point", "coordinates": [119.6438378, 32.3210359]}, "properties": {"id": 6577308359, "name": "头桥社区", "kind": "村", "category": "place", "hours": "全天", "group": "聚落", "tags": {"place": "village"}, "icon": "village"}}, {"type": "Feature", "geometry": {"type": "Point", "coordinates": [119.4089278, 32.4088613]}, "properties": {"id": 6663024196, "name": "瘦西湖", "kind": "湖", "category": "tourism", "hours": "全天", "group": "山水", "tags": {"tourism": "attraction"}, "icon": "water"}}, {"type": "Feature", "geometry": {"type": "Point", "coordinates": [119.759572, 32.6656039]}, "properties": {"id": 8933358298, "name": "高垛", "kind": "村", "category": "place", "hours": "全天", "group": "聚落", "tags": {"place": "village"}, "icon": "village"}}, {"type": "Feature", "geometry": {"type": "Point", "coordinates": [119.4335743, 32.3853369]}, "properties": {"id": 9048094401, "name": "挹江门", "kind": "城门", "category": "historic", "hours": "全天", "group": "城防", "tags": {"historic": "ruins"}, "icon": "gate"}}, {"type": "Feature", "geometry": {"type": "Point", "coordinates": [119.4199795, 32.4098289]}, "properties": {"id": 9726747700, "name": "小金山", "kind": "园", "category": "tourism", "hours": "全天", "group": "游乐", "tags": {"tourism": "attraction"}, "icon": "garden"}}, {"type": "Feature", "geometry": {"type": "Point", "coordinates": [119.4184808, 32.4100242]}, "properties": {"id": 9726747709, "name": "钓鱼台", "kind": "亭", "category": "tourism", "hours": "全天", "group": "游乐", "tags": {"tourism": "attraction"}}}, {"type": "Feature", "geometry": {"type": "Point", "coordinates": [119.4106865, 32.4093761]}, "properties": {"id": 9730303999, "name": "熙春台", "kind": "高台", "category": "tourism", "hours": "全天", "group": "地标", "tags": {"tourism": "attraction"}, "icon": "sight"}}, {"type": "Feature", "geometry": {"type": "Point", "coordinates": [119.4404753, 32.3889739]}, "properties": {"id": 9735078273, "name": "小盘谷", "kind": "园", "category": "tourism", "hours": "全天", "group": "游乐", "tags": {"tourism": "attraction"}, "icon": "garden"}}, {"type": "Feature", "geometry": {"type": "Point", "coordinates": [119.462291, 32.4406833]}, "properties": {"id": 9853310845, "name": "竹西街道", "kind": "村", "category": "place", "hours": "全天", "group": "聚落", "tags": {"place": "suburb"}, "icon": "village"}}, {"type": "Feature", "geometry": {"type": "Point", "coordinates": [119.6755775, 32.5934646]}, "properties": {"id": 9997722201, "name": "乔河", "kind": "村", "category": "place", "hours": "全天", "group": "聚落", "tags": {"place": "village"}, "icon": "village"}}, {"type": "Feature", "geometry": {"type": "Point", "coordinates": [119.7142088, 32.5944167]}, "properties": {"id": 10961795553, "name": "朱家舍", "kind": "村", "category": "place", "hours": "全天", "group": "聚落", "tags": {"place": "hamlet"}, "icon": "village"}}, {"type": "Feature", "geometry": {"type": "Point", "coordinates": [119.714992, 32.5967758]}, "properties": {"id": 10961795554, "name": "徐家舍", "kind": "村", "category": "place", "hours": "全天", "group": "聚落", "tags": {"place": "hamlet"}, "icon": "village"}}, {"type": "Feature", "geometry": {"type": "Point", "coordinates": [119.7044563, 32.5953477]}, "properties": {"id": 10961795555, "name": "王河", "kind": "村", "category": "place", "hours": "全天", "group": "聚落", "tags": {"place": "hamlet"}, "icon": "village"}}, {"type": "Feature", "geometry": {"type": "Point", "coordinates": [119.797368, 32.647596]}, "properties": {"id": 10961795556, "name": "薛家舍", "kind": "村", "category": "place", "hours": "全天", "group": "聚落", "tags": {"place": "hamlet"}, "icon": "village"}}, {"type": "Feature", "geometry": {"type": "Point", "coordinates": [119.7882056, 32.6460241]}, "properties": {"id": 10961795557, "name": "三垛子", "kind": "村", "category": "place", "hours": "全天", "group": "聚落", "tags": {"place": "hamlet"}, "icon": "village"}}, {"type": "Feature", "geometry": {"type": "Point", "coordinates": [119.782691, 32.6453375]}, "properties": {"id": 10961795558, "name": "伯家沟", "kind": "村", "category": "place", "hours": "全天", "group": "聚落", "tags": {"place": "hamlet"}, "icon": "village"}}, {"type": "Feature", "geometry": {"type": "Point", "coordinates": [119.8171305, 32.645464]}, "properties": {"id": 10961795559, "name": "杨家舍", "kind": "村", "category": "place", "hours": "全天", "group": "聚落", "tags": {"place": "hamlet"}, "icon": "village"}}, {"type": "Feature", "geometry": {"type": "Point", "coordinates": [119.8226666, 32.6547865]}, "properties": {"id": 10961795560, "name": "卢家舍", "kind": "村", "category": "place", "hours": "全天", "group": "聚落", "tags": {"place": "hamlet"}, "icon": "village"}}, {"type": "Feature", "geometry": {"type": "Point", "coordinates": [119.8226344, 32.6572254]}, "properties": {"id": 10961795561, "name": "唐家舍", "kind": "村", "category": "place", "hours": "全天", "group": "聚落", "tags": {"place": "hamlet"}, "icon": "village"}}, {"type": "Feature", "geometry": {"type": "Point", "coordinates": [119.8272908, 32.6466474]}, "properties": {"id": 10961795562, "name": "西舍", "kind": "村", "category": "place", "hours": "全天", "group": "聚落", "tags": {"place": "hamlet"}, "icon": "village"}}, {"type": "Feature", "geometry": {"type": "Point", "coordinates": [119.8059404, 32.6627894]}, "properties": {"id": 10961795565, "name": "龚家", "kind": "村", "category": "place", "hours": "全天", "group": "聚落", "tags": {"place": "hamlet"}, "icon": "village"}}, {"type": "Feature", "geometry": {"type": "Point", "coordinates": [119.8076677, 32.6603597]}, "properties": {"id": 10961795566, "name": "张家", "kind": "村", "category": "place", "hours": "全天", "group": "聚落", "tags": {"place": "hamlet"}, "icon": "village"}}, {"type": "Feature", "geometry": {"type": "Point", "coordinates": [119.7990256, 32.662672]}, "properties": {"id": 10961795567, "name": "马家", "kind": "村", "category": "place", "hours": "全天", "group": "聚落", "tags": {"place": "hamlet"}, "icon": "village"}}, {"type": "Feature", "geometry": {"type": "Point", "coordinates": [119.8013377, 32.6614346]}, "properties": {"id": 10961795568, "name": "沈家", "kind": "村", "category": "place", "hours": "全天", "group": "聚落", "tags": {"place": "hamlet"}, "icon": "village"}}, {"type": "Feature", "geometry": {"type": "Point", "coordinates": [119.7939241, 32.6609829]}, "properties": {"id": 10961795569, "name": "杨宗庄", "kind": "村", "category": "place", "hours": "全天", "group": "聚落", "tags": {"place": "hamlet"}, "icon": "village"}}, {"type": "Feature", "geometry": {"type": "Point", "coordinates": [119.7984356, 32.6620081]}, "properties": {"id": 10961795570, "name": "潘丁垛", "kind": "村", "category": "place", "hours": "全天", "group": "聚落", "tags": {"place": "hamlet"}, "icon": "village"}}, {"type": "Feature", "geometry": {"type": "Point", "coordinates": [119.7379196, 32.6128997]}, "properties": {"id": 10961795576, "name": "前兔泥港", "kind": "村", "category": "place", "hours": "全天", "group": "聚落", "tags": {"place": "hamlet"}, "icon": "village"}}, {"type": "Feature", "geometry": {"type": "Point", "coordinates": [119.738794, 32.6153307]}, "properties": {"id": 10961795577, "name": "后兔泥港", "kind": "村", "category": "place", "hours": "全天", "group": "聚落", "tags": {"place": "hamlet"}, "icon": "village"}}, {"type": "Feature", "geometry": {"type": "Point", "coordinates": [119.748466, 32.6212859]}, "properties": {"id": 10961795578, "name": "三羊", "kind": "村", "category": "place", "hours": "全天", "group": "聚落", "tags": {"place": "hamlet"}, "icon": "village"}}, {"type": "Feature", "geometry": {"type": "Point", "coordinates": [119.7228455, 32.627846]}, "properties": {"id": 10961795579, "name": "张许河", "kind": "村", "category": "place", "hours": "全天", "group": "聚落", "tags": {"place": "hamlet"}, "icon": "village"}}, {"type": "Feature", "geometry": {"type": "Point", "coordinates": [119.7265148, 32.6351105]}, "properties": {"id": 10961795580, "name": "陈家庄", "kind": "村", "category": "place", "hours": "全天", "group": "聚落", "tags": {"place": "hamlet"}, "icon": "village"}}, {"type": "Feature", "geometry": {"type": "Point", "coordinates": [119.7015381, 32.6024792]}, "properties": {"id": 10961795581, "name": "马厂", "kind": "村", "category": "place", "hours": "全天", "group": "聚落", "tags": {"place": "village"}, "icon": "village"}}, {"type": "Feature", "geometry": {"type": "Point", "coordinates": [119.7128999, 32.5998851]}, "properties": {"id": 10961795582, "name": "前湾", "kind": "村", "category": "place", "hours": "全天", "group": "聚落", "tags": {"place": "hamlet"}, "icon": "village"}}, {"type": "Feature", "geometry": {"type": "Point", "coordinates": [119.7065055, 32.5895354]}, "properties": {"id": 10961795586, "name": "郭家舍", "kind": "村", "category": "place", "hours": "全天", "group": "聚落", "tags": {"place": "hamlet"}, "icon": "village"}}, {"type": "Feature", "geometry": {"type": "Point", "coordinates": [119.6999824, 32.5953206]}, "properties": {"id": 10961795587, "name": "凌家庄", "kind": "村", "category": "place", "hours": "全天", "group": "聚落", "tags": {"place": "village"}, "icon": "village"}}, {"type": "Feature", "geometry": {"type": "Point", "coordinates": [119.7064518, 32.6060131]}, "properties": {"id": 10961795588, "name": "赵家舍", "kind": "村", "category": "place", "hours": "全天", "group": "聚落", "tags": {"place": "hamlet"}, "icon": "village"}}, {"type": "Feature", "geometry": {"type": "Point", "coordinates": [119.7153246, 32.6051002]}, "properties": {"id": 10961795589, "name": "后湾", "kind": "村", "category": "place", "hours": "全天", "group": "聚落", "tags": {"place": "hamlet"}, "icon": "village"}}, {"type": "Feature", "geometry": {"type": "Point", "coordinates": [119.7159898, 32.6631507]}, "properties": {"id": 10961795590, "name": "唐家庄", "kind": "村", "category": "place", "hours": "全天", "group": "聚落", "tags": {"place": "hamlet"}, "icon": "village"}}, {"type": "Feature", "geometry": {"type": "Point", "coordinates": [119.7088873, 32.6649481]}, "properties": {"id": 10961795591, "name": "胜和庄", "kind": "村", "category": "place", "hours": "全天", "group": "聚落", "tags": {"place": "hamlet"}, "icon": "village"}}, {"type": "Feature", "geometry": {"type": "Point", "coordinates": [119.711473, 32.6652461]}, "properties": {"id": 10961795592, "name": "百迁庄", "kind": "村", "category": "place", "hours": "全天", "group": "聚落", "tags": {"place": "village"}, "icon": "village"}}, {"type": "Feature", "geometry": {"type": "Point", "coordinates": [119.8850441, 32.655753]}, "properties": {"id": 10961795593, "name": "余家沟", "kind": "村", "category": "place", "hours": "全天", "group": "聚落", "tags": {"place": "hamlet"}, "icon": "village"}}, {"type": "Feature", "geometry": {"type": "Point", "coordinates": [119.8872113, 32.6515888]}, "properties": {"id": 10961795594, "name": "张合浪", "kind": "村", "category": "place", "hours": "全天", "group": "聚落", "tags": {"place": "hamlet"}, "icon": "village"}}, {"type": "Feature", "geometry": {"type": "Point", "coordinates": [119.8741329, 32.6555453]}, "properties": {"id": 10961795595, "name": "陈家舍", "kind": "村", "category": "place", "hours": "全天", "group": "聚落", "tags": {"place": "hamlet"}, "icon": "village"}}, {"type": "Feature", "geometry": {"type": "Point", "coordinates": [119.8810422, 32.6536619]}, "properties": {"id": 10961795596, "name": "夏沟", "kind": "村", "category": "place", "hours": "全天", "group": "聚落", "tags": {"place": "hamlet"}, "icon": "village"}}, {"type": "Feature", "geometry": {"type": "Point", "coordinates": [119.878183, 32.6552111]}, "properties": {"id": 10961795597, "name": "朱沟", "kind": "村", "category": "place", "hours": "全天", "group": "聚落", "tags": {"place": "hamlet"}, "icon": "village"}}, {"type": "Feature", "geometry": {"type": "Point", "coordinates": [119.8822546, 32.645193]}, "properties": {"id": 10961795598, "name": "吉沟", "kind": "村", "category": "place", "hours": "全天", "group": "聚落", "tags": {"place": "village"}, "icon": "village"}}, {"type": "Feature", "geometry": {"type": "Point", "coordinates": [119.8998928, 32.637586]}, "properties": {"id": 10961795599, "name": "花南庄", "kind": "村", "category": "place", "hours": "全天", "group": "聚落", "tags": {"place": "hamlet"}, "icon": "village"}}, {"type": "Feature", "geometry": {"type": "Point", "coordinates": [119.8963523, 32.6403325]}, "properties": {"id": 10961795600, "name": "花陆庄", "kind": "村", "category": "place", "hours": "全天", "group": "聚落", "tags": {"place": "village"}, "icon": "village"}}, {"type": "Feature", "geometry": {"type": "Point", "coordinates": [119.8892712, 32.6331589]}, "properties": {"id": 10961795601, "name": "河南庄", "kind": "村", "category": "place", "hours": "全天", "group": "聚落", "tags": {"place": "hamlet"}, "icon": "village"}}, {"type": "Feature", "geometry": {"type": "Point", "coordinates": [119.8884559, 32.6367458]}, "properties": {"id": 10961795602, "name": "葛家巷", "kind": "村", "category": "place", "hours": "全天", "group": "聚落", "tags": {"place": "hamlet"}, "icon": "village"}}, {"type": "Feature", "geometry": {"type": "Point", "coordinates": [119.8895931, 32.6349659]}, "properties": {"id": 10961795603, "name": "东彭", "kind": "村", "category": "place", "hours": "全天", "group": "聚落", "tags": {"place": "village"}, "icon": "village"}}, {"type": "Feature", "geometry": {"type": "Point", "coordinates": [119.8839927, 32.6383992]}, "properties": {"id": 10961795604, "name": "西彭", "kind": "村", "category": "place", "hours": "全天", "group": "聚落", "tags": {"place": "village"}, "icon": "village"}}, {"type": "Feature", "geometry": {"type": "Point", "coordinates": [119.8205852, 32.6340895]}, "properties": {"id": 10961801905, "name": "何家垛", "kind": "村", "category": "place", "hours": "全天", "group": "聚落", "tags": {"place": "hamlet"}, "icon": "village"}}, {"type": "Feature", "geometry": {"type": "Point", "coordinates": [119.8201561, 32.6354538]}, "properties": {"id": 10961801906, "name": "杨金垛", "kind": "村", "category": "place", "hours": "全天", "group": "聚落", "tags": {"place": "hamlet"}, "icon": "village"}}, {"type": "Feature", "geometry": {"type": "Point", "coordinates": [119.8200273, 32.6364296]}, "properties": {"id": 10961801907, "name": "渔业队", "kind": "村", "category": "place", "hours": "全天", "group": "聚落", "tags": {"place": "hamlet"}, "icon": "village"}}, {"type": "Feature", "geometry": {"type": "Point", "coordinates": [119.7927975, 32.6247558]}, "properties": {"id": 10961801908, "name": "东沟", "kind": "村", "category": "place", "hours": "全天", "group": "聚落", "tags": {"place": "hamlet"}, "icon": "village"}}, {"type": "Feature", "geometry": {"type": "Point", "coordinates": [119.7904587, 32.6182315]}, "properties": {"id": 10961801909, "name": "马武", "kind": "村", "category": "place", "hours": "全天", "group": "聚落", "tags": {"place": "hamlet"}, "icon": "village"}}, {"type": "Feature", "geometry": {"type": "Point", "coordinates": [119.7898149, 32.6209154]}, "properties": {"id": 10961801910, "name": "华垛", "kind": "村", "category": "place", "hours": "全天", "group": "聚落", "tags": {"place": "hamlet"}, "icon": "village"}}, {"type": "Feature", "geometry": {"type": "Point", "coordinates": [119.7541523, 32.6360953]}, "properties": {"id": 10961801911, "name": "江家庄", "kind": "村", "category": "place", "hours": "全天", "group": "聚落", "tags": {"place": "village"}, "icon": "village"}}, {"type": "Feature", "geometry": {"type": "Point", "coordinates": [119.769001, 32.6075495]}, "properties": {"id": 10961801912, "name": "东贾湖", "kind": "村", "category": "place", "hours": "全天", "group": "聚落", "tags": {"place": "village"}, "icon": "village"}}, {"type": "Feature", "geometry": {"type": "Point", "coordinates": [119.7717047, 32.6181954]}, "properties": {"id": 10961801913, "name": "北曹庄", "kind": "村", "category": "place", "hours": "全天", "group": "聚落", "tags": {"place": "village"}, "icon": "village"}}, {"type": "Feature", "geometry": {"type": "Point", "coordinates": [119.7559976, 32.6082635]}, "properties": {"id": 10961801914, "name": "西贾湖", "kind": "村", "category": "place", "hours": "全天", "group": "聚落", "tags": {"place": "village"}, "icon": "village"}}, {"type": "Feature", "geometry": {"type": "Point", "coordinates": [119.7714042, 32.6124117]}, "properties": {"id": 10961801915, "name": "南曹庄", "kind": "村", "category": "place", "hours": "全天", "group": "聚落", "tags": {"place": "village"}, "icon": "village"}}, {"type": "Feature", "geometry": {"type": "Point", "coordinates": [119.7338319, 32.6391852]}, "properties": {"id": 10961801930, "name": "后竹墩", "kind": "村", "category": "place", "hours": "全天", "group": "聚落", "tags": {"place": "village"}, "icon": "village"}}, {"type": "Feature", "geometry": {"type": "Point", "coordinates": [119.8340177, 32.6650564]}, "properties": {"id": 10961801938, "name": "宋家垛", "kind": "村", "category": "place", "hours": "全天", "group": "聚落", "tags": {"place": "hamlet"}, "icon": "village"}}, {"type": "Feature", "geometry": {"type": "Point", "coordinates": [119.8369306, 32.6653048]}, "properties": {"id": 10961801939, "name": "宋家桥", "kind": "村", "category": "place", "hours": "全天", "group": "聚落", "tags": {"place": "hamlet"}, "icon": "village"}}, {"type": "Feature", "geometry": {"type": "Point", "coordinates": [119.8448861, 32.6456175]}, "properties": {"id": 10961801948, "name": "吴家", "kind": "村", "category": "place", "hours": "全天", "group": "聚落", "tags": {"place": "hamlet"}, "icon": "village"}}, {"type": "Feature", "geometry": {"type": "Point", "coordinates": [119.8449343, 32.6492717]}, "properties": {"id": 10961801949, "name": "吉吴", "kind": "村", "category": "place", "hours": "全天", "group": "聚落", "tags": {"place": "hamlet"}, "icon": "village"}}, {"type": "Feature", "geometry": {"type": "Point", "coordinates": [119.846136, 32.6491046]}, "properties": {"id": 10961801950, "name": "吉家桥", "kind": "村", "category": "place", "hours": "全天", "group": "聚落", "tags": {"place": "hamlet"}, "icon": "village"}}, {"type": "Feature", "geometry": {"type": "Point", "coordinates": [119.8435986, 32.6493394]}, "properties": {"id": 10961801951, "name": "吉家", "kind": "村", "category": "place", "hours": "全天", "group": "聚落", "tags": {"place": "hamlet"}, "icon": "village"}}, {"type": "Feature", "geometry": {"type": "Point", "coordinates": [119.8538232, 32.6412721]}, "properties": {"id": 10961801952, "name": "四汊港", "kind": "村", "category": "place", "hours": "全天", "group": "聚落", "tags": {"place": "village"}, "icon": "village"}}, {"type": "Feature", "geometry": {"type": "Point", "coordinates": [119.7573173, 32.6648036]}, "properties": {"id": 10961801958, "name": "安徐河", "kind": "村", "category": "place", "hours": "全天", "group": "聚落", "tags": {"place": "hamlet"}, "icon": "village"}}, {"type": "Feature", "geometry": {"type": "Point", "coordinates": [119.7707605, 32.6541542]}, "properties": {"id": 10961801959, "name": "高庄", "kind": "村", "category": "place", "hours": "全天", "group": "聚落", "tags": {"place": "village"}, "icon": "village"}}, {"type": "Feature", "geometry": {"type": "Point", "coordinates": [119.7669411, 32.6616604]}, "properties": {"id": 10961801960, "name": "新河庄", "kind": "村", "category": "place", "hours": "全天", "group": "聚落", "tags": {"place": "hamlet"}, "icon": "village"}}, {"type": "Feature", "geometry": {"type": "Point", "coordinates": [119.7688937, 32.6614797]}, "properties": {"id": 10961801961, "name": "徐西", "kind": "村", "category": "place", "hours": "全天", "group": "聚落", "tags": {"place": "hamlet"}, "icon": "village"}}, {"type": "Feature", "geometry": {"type": "Point", "coordinates": [119.7219551, 32.6043862]}, "properties": {"id": 10961801967, "name": "宗家", "kind": "镇", "category": "place", "hours": "全天", "group": "聚落", "tags": {"place": "town"}, "icon": "town"}}, {"type": "Feature", "geometry": {"type": "Point", "coordinates": [119.7249055, 32.5923286]}, "properties": {"id": 10961801968, "name": "赵家舍", "kind": "村", "category": "place", "hours": "全天", "group": "聚落", "tags": {"place": "hamlet"}, "icon": "village"}}, {"type": "Feature", "geometry": {"type": "Point", "coordinates": [119.7285426, 32.5957635]}, "properties": {"id": 10961801969, "name": "井家庄", "kind": "村", "category": "place", "hours": "全天", "group": "聚落", "tags": {"place": "village"}, "icon": "village"}}, {"type": "Feature", "geometry": {"type": "Point", "coordinates": [119.7125459, 32.6143457]}, "properties": {"id": 10961801970, "name": "新民庄", "kind": "村", "category": "place", "hours": "全天", "group": "聚落", "tags": {"place": "hamlet"}, "icon": "village"}}, {"type": "Feature", "geometry": {"type": "Point", "coordinates": [119.7168374, 32.6110922]}, "properties": {"id": 10961801971, "name": "北旺庄", "kind": "村", "category": "place", "hours": "全天", "group": "聚落", "tags": {"place": "village"}, "icon": "village"}}, {"type": "Feature", "geometry": {"type": "Point", "coordinates": [119.7115373, 32.6359236]}, "properties": {"id": 10961801972, "name": "王家庄", "kind": "村", "category": "place", "hours": "全天", "group": "聚落", "tags": {"place": "hamlet"}, "icon": "village"}}, {"type": "Feature", "geometry": {"type": "Point", "coordinates": [119.7102821, 32.639411]}, "properties": {"id": 10961801973, "name": "钱家庄", "kind": "村", "category": "place", "hours": "全天", "group": "聚落", "tags": {"place": "village"}, "icon": "village"}}, {"type": "Feature", "geometry": {"type": "Point", "coordinates": [119.7053039, 32.6279725]}, "properties": {"id": 10961801974, "name": "南湖庄", "kind": "村", "category": "place", "hours": "全天", "group": "聚落", "tags": {"place": "hamlet"}, "icon": "village"}}, {"type": "Feature", "geometry": {"type": "Point", "coordinates": [119.7176957, 32.6317765]}, "properties": {"id": 10961801975, "name": "凌家庄", "kind": "村", "category": "place", "hours": "全天", "group": "聚落", "tags": {"place": "village"}, "icon": "village"}}, {"type": "Feature", "geometry": {"type": "Point", "coordinates": [119.7150564, 32.6213672]}, "properties": {"id": 10961801976, "name": "蒲塘", "kind": "村", "category": "place", "hours": "全天", "group": "聚落", "tags": {"place": "village"}, "icon": "village"}}, {"type": "Feature", "geometry": {"type": "Point", "coordinates": [119.7377372, 32.6342612]}, "properties": {"id": 10961801977, "name": "竹墩", "kind": "镇", "category": "place", "hours": "全天", "group": "聚落", "tags": {"place": "town"}, "icon": "town"}}, {"type": "Feature", "geometry": {"type": "Point", "coordinates": [119.7742152, 32.6637107]}, "properties": {"id": 10961801979, "name": "高徐", "kind": "镇", "category": "place", "hours": "全天", "group": "聚落", "tags": {"place": "town"}, "icon": "town"}}, {"type": "Feature", "geometry": {"type": "Point", "coordinates": [119.800366, 32.4524659]}, "properties": {"id": 12090035049, "name": "二姜", "kind": "村", "category": "place", "hours": "全天", "group": "聚落", "tags": {"place": "village"}, "icon": "village"}}, {"type": "Feature", "geometry": {"type": "Point", "coordinates": [119.8139838, 32.4131596]}, "properties": {"id": 12090035050, "name": "高汉", "kind": "村", "category": "place", "hours": "全天", "group": "聚落", "tags": {"place": "village"}, "icon": "village"}}, {"type": "Feature", "geometry": {"type": "Point", "coordinates": [119.7759952, 32.3396037]}, "properties": {"id": 12090035051, "name": "嘶马", "kind": "村", "category": "place", "hours": "全天", "group": "聚落", "tags": {"place": "village"}, "icon": "village"}}, {"type": "Feature", "geometry": {"type": "Point", "coordinates": [119.770005, 32.3961843]}, "properties": {"id": 12090035052, "name": "昌松", "kind": "村", "category": "place", "hours": "全天", "group": "聚落", "tags": {"place": "village"}, "icon": "village"}}, {"type": "Feature", "geometry": {"type": "Point", "coordinates": [119.7044827, 32.447399]}, "properties": {"id": 12090035053, "name": "谢桥", "kind": "村", "category": "place", "hours": "全天", "group": "聚落", "tags": {"place": "village"}, "icon": "village"}}, {"type": "Feature", "geometry": {"type": "Point", "coordinates": [119.699687, 32.341834]}, "properties": {"id": 12090035054, "name": "中闸", "kind": "村", "category": "place", "hours": "全天", "group": "聚落", "tags": {"place": "village"}, "icon": "village"}}, {"type": "Feature", "geometry": {"type": "Point", "coordinates": [119.6179553, 32.4471216]}, "properties": {"id": 12090035055, "name": "砖桥", "kind": "村", "category": "place", "hours": "全天", "group": "聚落", "tags": {"place": "village"}, "icon": "village"}}, {"type": "Feature", "geometry": {"type": "Point", "coordinates": [119.6109495, 32.407063]}, "properties": {"id": 12090035056, "name": "正谊", "kind": "村", "category": "place", "hours": "全天", "group": "聚落", "tags": {"place": "suburb"}, "icon": "village"}}, {"type": "Feature", "geometry": {"type": "Point", "coordinates": [119.6814557, 32.3910492]}, "properties": {"id": 12090040280, "name": "花荡", "kind": "村", "category": "place", "hours": "全天", "group": "聚落", "tags": {"place": "village"}, "icon": "village"}}, {"type": "Feature", "geometry": {"type": "Point", "coordinates": [119.652017, 32.3990576]}, "properties": {"id": 12090040281, "name": "曹王", "kind": "村", "category": "place", "hours": "全天", "group": "聚落", "tags": {"place": "village"}, "icon": "village"}}, {"type": "Feature", "geometry": {"type": "Point", "coordinates": [119.6235405, 32.490549]}, "properties": {"id": 12090040282, "name": "锦西", "kind": "村", "category": "place", "hours": "全天", "group": "聚落", "tags": {"place": "village"}, "icon": "village"}}, {"type": "Feature", "geometry": {"type": "Point", "coordinates": [119.5618577, 32.4707445]}, "properties": {"id": 12090040283, "name": "双沟", "kind": "村", "category": "place", "hours": "全天", "group": "聚落", "tags": {"place": "village"}, "icon": "village"}}, {"type": "Feature", "geometry": {"type": "Point", "coordinates": [119.6913727, 32.5183127]}, "properties": {"id": 12090040284, "name": "七里", "kind": "村", "category": "place", "hours": "全天", "group": "聚落", "tags": {"place": "village"}, "icon": "village"}}, {"type": "Feature", "geometry": {"type": "Point", "coordinates": [119.8038576, 32.5011143]}, "properties": {"id": 12090040285, "name": "塘头", "kind": "村", "category": "place", "hours": "全天", "group": "聚落", "tags": {"place": "village"}, "icon": "village"}}, {"type": "Feature", "geometry": {"type": "Point", "coordinates": [119.7869801, 32.5360301]}, "properties": {"id": 12090040286, "name": "郭村", "kind": "村", "category": "place", "hours": "全天", "group": "聚落", "tags": {"place": "village"}, "icon": "village"}}, {"type": "Feature", "geometry": {"type": "Point", "coordinates": [119.7428807, 32.5617488]}, "properties": {"id": 12090040287, "name": "麾村", "kind": "村", "category": "place", "hours": "全天", "group": "聚落", "tags": {"place": "village"}, "icon": "village"}}, {"type": "Feature", "geometry": {"type": "Point", "coordinates": [119.476031, 32.6448283]}, "properties": {"id": 12090040288, "name": "渌洋", "kind": "村", "category": "place", "hours": "全天", "group": "聚落", "tags": {"place": "village"}, "icon": "village"}}, {"type": "Feature", "geometry": {"type": "Point", "coordinates": [119.5118162, 32.6103713]}, "properties": {"id": 12090040289, "name": "昭关", "kind": "村", "category": "place", "hours": "全天", "group": "聚落", "tags": {"place": "village"}, "icon": "village"}}, {"type": "Feature", "geometry": {"type": "Point", "coordinates": [119.5665664, 32.5842192]}, "properties": {"id": 12090040290, "name": "杨庄", "kind": "村", "category": "place", "hours": "全天", "group": "聚落", "tags": {"place": "village"}, "icon": "village"}}, {"type": "Feature", "geometry": {"type": "Point", "coordinates": [119.552468, 32.603669]}, "properties": {"id": 12090040291, "name": "滨湖", "kind": "村", "category": "place", "hours": "全天", "group": "聚落", "tags": {"place": "village"}, "icon": "village"}}, {"type": "Feature", "geometry": {"type": "Point", "coordinates": [119.6568178, 32.6241529]}, "properties": {"id": 12090040292, "name": "三周", "kind": "村", "category": "place", "hours": "全天", "group": "聚落", "tags": {"place": "village"}, "icon": "village"}}, {"type": "Feature", "geometry": {"type": "Point", "coordinates": [119.7945928, 32.6228942]}, "properties": {"id": 12090040294, "name": "华阳", "kind": "村", "category": "place", "hours": "全天", "group": "聚落", "tags": {"place": "village"}, "icon": "village"}}, {"type": "Feature", "geometry": {"type": "Point", "coordinates": [119.4578346, 32.3910915]}, "properties": {"id": 12148849031, "name": "城东", "kind": "村", "category": "place", "hours": "全天", "group": "聚落", "tags": {"place": "suburb"}, "icon": "village"}}, {"type": "Feature", "geometry": {"type": "Point", "coordinates": [119.4375713, 32.3824538]}, "properties": {"id": 12148849032, "name": "城南", "kind": "村", "category": "place", "hours": "全天", "group": "聚落", "tags": {"place": "suburb"}, "icon": "village"}}, {"type": "Feature", "geometry": {"type": "Point", "coordinates": [119.4346799, 32.4164549]}, "properties": {"id": 12148875314, "name": "梅岭街道", "kind": "村", "category": "place", "hours": "全天", "group": "聚落", "tags": {"place": "suburb"}, "icon": "village"}}, {"type": "Feature", "geometry": {"type": "Point", "coordinates": [119.4167325, 32.4298628]}, "properties": {"id": 12148875315, "name": "瘦西湖街道", "kind": "村", "category": "place", "hours": "全天", "group": "聚落", "tags": {"place": "suburb"}, "icon": "village"}}, {"type": "Feature", "geometry": {"type": "Point", "coordinates": [119.4381412, 32.4545415]}, "properties": {"id": 12148875316, "name": "平山乡", "kind": "镇", "category": "place", "hours": "全天", "group": "聚落", "tags": {"place": "town"}, "icon": "town"}}, {"type": "Feature", "geometry": {"type": "Point", "coordinates": [119.4397935, 32.3910821]}, "properties": {"id": 12149063686, "name": "广陵", "kind": "村", "category": "place", "hours": "全天", "group": "聚落", "tags": {"place": "suburb"}, "icon": "village"}}, {"type": "Feature", "geometry": {"type": "Point", "coordinates": [119.5077802, 32.3384574]}, "properties": {"id": 12149175583, "name": "霍桥", "kind": "村", "category": "place", "hours": "全天", "group": "聚落", "tags": {"place": "suburb"}, "icon": "village"}}, {"type": "Feature", "geometry": {"type": "Point", "coordinates": [119.6033195, 32.2808283]}, "properties": {"id": 12149175585, "name": "新坝", "kind": "村", "category": "place", "hours": "全天", "group": "聚落", "tags": {"place": "suburb"}, "icon": "village"}}, {"type": "Feature", "geometry": {"type": "Point", "coordinates": [119.6385564, 32.3309548]}, "properties": {"id": 12149175586, "name": "头桥", "kind": "村", "category": "place", "hours": "全天", "group": "聚落", "tags": {"place": "village"}, "icon": "village"}}, {"type": "Feature", "geometry": {"type": "Point", "coordinates": [119.6345584, 32.3059696]}, "properties": {"id": 12149175587, "name": "红桥", "kind": "村", "category": "place", "hours": "全天", "group": "聚落", "tags": {"place": "suburb"}, "icon": "village"}}, {"type": "Feature", "geometry": {"type": "Point", "coordinates": [119.4559145, 32.2917513]}, "properties": {"id": 12149175588, "name": "六圩", "kind": "村", "category": "place", "hours": "全天", "group": "聚落", "tags": {"place": "suburb"}, "icon": "village"}}, {"type": "Feature", "geometry": {"type": "Point", "coordinates": [119.3824936, 32.2938663]}, "properties": {"id": 12149175589, "name": "运西", "kind": "村", "category": "place", "hours": "全天", "group": "聚落", "tags": {"place": "suburb"}, "icon": "village"}}, {"type": "Feature", "geometry": {"type": "Point", "coordinates": [119.4029096, 32.5504516]}, "properties": {"id": 12149175594, "name": "黄珏", "kind": "村", "category": "place", "hours": "全天", "group": "聚落", "tags": {"place": "village"}, "icon": "village"}}, {"type": "Feature", "geometry": {"type": "Point", "coordinates": [119.38759, 32.6095195]}, "properties": {"id": 12149175595, "name": "滨湖农场", "kind": "村", "category": "place", "hours": "全天", "group": "聚落", "tags": {"place": "village"}, "icon": "village"}}, {"type": "Feature", "geometry": {"type": "Point", "coordinates": [119.3553586, 32.6101594]}, "properties": {"id": 12149175596, "name": "赤岸", "kind": "村", "category": "place", "hours": "全天", "group": "聚落", "tags": {"place": "village"}, "icon": "village"}}, {"type": "Feature", "geometry": {"type": "Point", "coordinates": [119.3742378, 32.233633]}, "properties": {"id": 13055565361, "name": "张若虚雕塑", "kind": "高台", "category": "tourism", "hours": "全天", "group": "地标", "tags": {"tourism": "artwork"}, "icon": "sight"}}, {"type": "Feature", "geometry": {"type": "Point", "coordinates": [119.3033718, 32.6425046]}, "properties": {"id": 13720930631, "name": "送桥社区", "kind": "村", "category": "place", "hours": "全天", "group": "聚落", "tags": {"place": "village"}, "icon": "village"}}, {"type": "Feature", "geometry": {"type": "Point", "coordinates": [119.3070843, 32.6311113]}, "properties": {"id": 13720930632, "name": "送驾桥村", "kind": "村", "category": "place", "hours": "全天", "group": "聚落", "tags": {"place": "village"}, "icon": "village"}}, {"type": "Feature", "geometry": {"type": "Point", "coordinates": [119.3184111, 32.6264372]}, "properties": {"id": 13720930633, "name": "准堤村", "kind": "村", "category": "place", "hours": "全天", "group": "聚落", "tags": {"place": "village"}, "icon": "village"}}, {"type": "Feature", "geometry": {"type": "Point", "coordinates": [119.2748095, 32.6519999]}, "properties": {"id": 13720930634, "name": "官路社区", "kind": "村", "category": "place", "hours": "全天", "group": "聚落", "tags": {"place": "village"}, "icon": "village"}}, {"type": "Feature", "geometry": {"type": "Point", "coordinates": [119.2449848, 32.6262443]}, "properties": {"id": 13720930635, "name": "肖祠村", "kind": "村", "category": "place", "hours": "全天", "group": "聚落", "tags": {"place": "village"}, "icon": "village"}}, {"type": "Feature", "geometry": {"type": "Point", "coordinates": [119.254571, 32.6228018]}, "properties": {"id": 13720930636, "name": "庙家村", "kind": "村", "category": "place", "hours": "全天", "group": "聚落", "tags": {"place": "village"}, "icon": "village"}}, {"type": "Feature", "geometry": {"type": "Point", "coordinates": [119.2397456, 32.6409025]}, "properties": {"id": 13720930637, "name": "神居山村", "kind": "村", "category": "place", "hours": "全天", "group": "聚落", "tags": {"place": "village"}, "icon": "village"}}, {"type": "Feature", "geometry": {"type": "MultiPolygon", "coordinates": [[[[119.0567031, 32.337477], [119.0567193, 32.3373179], [119.0568831, 32.3370546], [119.0569518, 32.3368537], [119.0570627, 32.3365725], [119.0570918, 32.3364833], [119.057237, 32.336481], [119.0574827, 32.3364922], [119.0577573, 32.3364253], [119.057892, 32.3363405], [119.0579317, 32.3362601], [119.0583754, 32.33597], [119.0587135, 32.3355639], [119.0589274, 32.335247], [119.0591809, 32.3349881], [119.059416, 32.3347917], [119.0595745, 32.3350885], [119.0597171, 32.3352581], [119.0602955, 32.3353876], [119.0603721, 32.3355036], [119.0605306, 32.3355482], [119.0609743, 32.3360213], [119.0611658, 32.3359152], [119.061614, 32.3357574], [119.0617485, 32.3358331], [119.0618083, 32.3359594], [119.0619465, 32.3361109], [119.0620548, 32.3360035], [119.0622042, 32.335912], [119.0623984, 32.3358268], [119.0623499, 32.3356785], [119.0623459, 32.3355363], [119.0626298, 32.3354227], [119.0630892, 32.3353248], [119.0635449, 32.3352743], [119.0643032, 32.3352617], [119.0651809, 32.3351291], [119.0655918, 32.3350913], [119.0659952, 32.3351197], [119.0663687, 32.3351197], [119.0667236, 32.3350187], [119.0668991, 32.3349019], [119.0672727, 32.3346431], [119.0676163, 32.3344758], [119.0679487, 32.3344253], [119.0688303, 32.3344601], [119.0694316, 32.3344127], [119.0699732, 32.3343054], [119.0707352, 32.3340624], [119.0712694, 32.3339961], [119.0715981, 32.3341129], [119.0721695, 32.3338699], [119.0722368, 32.3336363], [119.0727336, 32.3334817], [119.0730772, 32.333346], [119.073137, 32.3331219], [119.0735105, 32.3329136], [119.0741866, 32.332396], [119.0745265, 32.3320204], [119.0747506, 32.3317963], [119.0751465, 32.3315501], [119.0756657, 32.3313923], [119.0759869, 32.3311682], [119.0763679, 32.3311651], [119.0765734, 32.3312566], [119.0766518, 32.3313197], [119.0770944, 32.3401241], [119.0770733, 32.3401938], [119.077007, 32.3404122], [119.077007, 32.3406934], [119.076941, 32.3407581], [119.0767825, 32.3407559], [119.0767138, 32.3406577], [119.0766557, 32.3402203], [119.0766029, 32.3400842], [119.0764233, 32.3402694], [119.076249, 32.3403341], [119.0761671, 32.3403274], [119.0760615, 32.3402627], [119.0759426, 32.3401846], [119.0758687, 32.3401154], [119.0758026, 32.3402337], [119.0757366, 32.3406532], [119.0755015, 32.3407737], [119.0754036, 32.3407921], [119.0753931, 32.34056], [119.0745954, 32.3405957], [119.0746086, 32.3411157], [119.0741939, 32.3410175], [119.0741438, 32.3409304], [119.0739298, 32.3407988], [119.0738559, 32.3406738], [119.0739087, 32.3403413], [119.0739562, 32.3401115], [119.0740196, 32.3398883], [119.0740011, 32.3396362], [119.0736974, 32.339471], [119.073391, 32.3393349], [119.0729658, 32.339268], [119.0726937, 32.3392992], [119.0723108, 32.3393818], [119.0721893, 32.3395603], [119.0719727, 32.3394219], [119.0718089, 32.3392635], [119.0715078, 32.3393215], [119.0712886, 32.3392367], [119.0710773, 32.3390761], [119.0709373, 32.3391475], [119.0708264, 32.3393371], [119.0707076, 32.3397455], [119.0707023, 32.3399575], [119.0706547, 32.3401204], [119.0705306, 32.3403212], [119.0705148, 32.3404797], [119.0704434, 32.3406984], [119.0703959, 32.3408323], [119.0702137, 32.3409014], [119.0698624, 32.3409327], [119.0696247, 32.3409081], [119.0693658, 32.3406113], [119.0690066, 32.340319], [119.0683014, 32.3399575], [119.0680056, 32.3398705], [119.0676623, 32.3396563], [119.0670363, 32.3394956], [119.0666031, 32.3393595], [119.0657896, 32.3392568], [119.0651822, 32.3392769], [119.0646818, 32.3393065], [119.0638683, 32.3393735], [119.0635144, 32.3393958], [119.0627378, 32.3395386], [119.0623311, 32.339668], [119.0619422, 32.3397269], [119.0616098, 32.3397111], [119.061057, 32.3397048], [119.0608067, 32.3397269], [119.0605154, 32.3397553], [119.0602987, 32.3397963], [119.0601232, 32.3397805], [119.0599476, 32.3397364], [119.0598057, 32.3396796], [119.0596974, 32.3395218], [119.0596712, 32.3393892], [119.0596862, 32.3392156], [119.0599412, 32.3385013], [119.0600284, 32.3382268], [119.0598937, 32.3380862], [119.0593206, 32.3376711], [119.0590961, 32.3374435], [119.0589534, 32.3373833], [119.0585889, 32.3376488], [119.0579815, 32.3379099], [119.0574849, 32.3379992], [119.0569831, 32.3380885], [119.0568854, 32.3380929], [119.0567031, 32.337477]]]]}, "properties": {"id": null, "name": "枣林水库", "kind": "湖", "category": "water", "hours": "全天", "group": "山水", "tags": {"natural": "water"}, "icon": "water", "icon_lon": 119.06747110198785, "icon_lat": 32.3361855}}, {"type": "Feature", "geometry": {"type": "MultiPolygon", "coordinates": [[[[119.4221662, 32.385108], [119.4223058, 32.3845057], [119.4223523, 32.3842432], [119.4227518, 32.3842719], [119.4227654, 32.3842144], [119.4230219, 32.3840017], [119.4230968, 32.3840553], [119.4231921, 32.3840956], [119.4232988, 32.3840956], [119.4233668, 32.3840707], [119.4234417, 32.3840189], [119.423503, 32.3839595], [119.4235552, 32.3838943], [119.4236301, 32.383833], [119.4237073, 32.3838043], [119.4239932, 32.3837564], [119.4242134, 32.3837257], [119.424395, 32.3836874], [119.4245584, 32.3836356], [119.4247377, 32.38358], [119.4248943, 32.3835589], [119.425035, 32.3835609], [119.4252483, 32.3835609], [119.4257431, 32.3843352], [119.4257953, 32.3843582], [119.425873, 32.3844972], [119.425895, 32.3845365], [119.4259162, 32.3845791], [119.4259292, 32.3846054], [119.4254571, 32.3846629], [119.4254095, 32.3846188], [119.4252347, 32.3845977], [119.4250395, 32.3846227], [119.4249056, 32.3846782], [119.4247717, 32.3847319], [119.4247036, 32.3847396], [119.4246151, 32.3846802], [119.4245107, 32.3846533], [119.4243791, 32.3846802], [119.4242815, 32.3847108], [119.4240976, 32.3847415], [119.4239229, 32.384799], [119.4238616, 32.3848067], [119.423612, 32.3847856], [119.4234826, 32.3847913], [119.4233759, 32.3848239], [119.4232307, 32.384891], [119.4231422, 32.3849581], [119.4230673, 32.3850807], [119.4230378, 32.3851574], [119.4230695, 32.3852379], [119.4231036, 32.3853299], [119.4231376, 32.385397], [119.4229379, 32.3854315], [119.4228675, 32.3854545], [119.4228532, 32.3854867], [119.4227246, 32.3854259], [119.4227151, 32.3853118], [119.4226139, 32.3852518], [119.4221918, 32.3851497], [119.4221662, 32.385108]]]]}, "properties": {"id": null, "name": "荷花池", "kind": "湖", "category": "water", "hours": "全天", "group": "山水", "tags": {"natural": "water"}, "icon": "water", "icon_lon": 119.42409430487541, "icon_lat": 32.3845211}}, {"type": "Feature", "geometry": {"type": "MultiPolygon", "coordinates": [[[[119.3677909, 32.3924132], [119.3678059, 32.3923192], [119.3679064, 32.3922094], [119.368048, 32.3920939], [119.3682651, 32.3920016], [119.3683984, 32.3919235], [119.3684747, 32.3918164], [119.3685246, 32.3915381], [119.3685402, 32.3910868], [119.3685754, 32.3910485], [119.3685297, 32.3908273], [119.3684607, 32.3906297], [119.3683559, 32.3904768], [119.3682955, 32.3903742], [119.3683063, 32.3902386], [119.3683216, 32.3901661], [119.3683616, 32.3900663], [119.3684569, 32.3899698], [119.3686304, 32.3898297], [119.3687523, 32.3897412], [119.3689086, 32.3896478], [119.3690669, 32.389569], [119.3693547, 32.389474], [119.3696444, 32.3894225], [119.3699665, 32.3894048], [119.3702031, 32.3894101], [119.3702525, 32.3894112], [119.3703267, 32.3894227], [119.3704297, 32.3894386], [119.3707938, 32.3895126], [119.3710873, 32.3896205], [119.371379, 32.3897444], [119.3715925, 32.3898844], [119.3718422, 32.3900824], [119.3719718, 32.3902176], [119.3721567, 32.390422], [119.3723015, 32.3906136], [119.3723511, 32.3907295], [119.3723539, 32.3907924], [119.3723549, 32.3908148], [119.3723397, 32.3909081], [119.3723034, 32.3909741], [119.3722355, 32.3910449], [119.3722062, 32.3910755], [119.3721795, 32.391119], [119.3720232, 32.3915069], [119.3719622, 32.3920944], [119.371987, 32.3922279], [119.3720309, 32.3923004], [119.3720804, 32.3923583], [119.3721814, 32.3924179], [119.3722672, 32.3924565], [119.3723435, 32.3925048], [119.3724235, 32.3925708], [119.3724979, 32.3926851], [119.3724655, 32.3927961], [119.3725703, 32.3928219], [119.3724921, 32.3930311], [119.3723702, 32.3932419], [119.372151, 32.3935059], [119.3718688, 32.3937264], [119.3715143, 32.3939115], [119.3713335, 32.3939638], [119.3712186, 32.3939876], [119.3711527, 32.3939421], [119.3709132, 32.3939871], [119.3709222, 32.394049], [119.370567, 32.3940945], [119.3703566, 32.3941176], [119.37034, 32.3942063], [119.3702397, 32.3941978], [119.3699446, 32.3941468], [119.3696794, 32.394101], [119.3695777, 32.3940744], [119.3695922, 32.3939771], [119.3693919, 32.3938995], [119.3691125, 32.3937708], [119.3689301, 32.393668], [119.3687878, 32.3935756], [119.3687951, 32.3934763], [119.3687039, 32.3934411], [119.3687338, 32.3933514], [119.3686192, 32.3932233], [119.3686093, 32.3931391], [119.3686722, 32.3930942], [119.3688052, 32.3931151], [119.3688074, 32.3931891], [119.3688504, 32.3932606], [119.368916, 32.3933065], [119.3689854, 32.3932642], [119.36901, 32.3932047], [119.3689623, 32.3931052], [119.3688711, 32.3930565], [119.3688975, 32.3929424], [119.3688481, 32.3928476], [119.3687467, 32.3927426], [119.3686097, 32.3926349], [119.3685754, 32.3925351], [119.368568, 32.3923614], [119.3684278, 32.3922859], [119.368315, 32.392313], [119.3682222, 32.3923696], [119.3681348, 32.3924694], [119.3681479, 32.3926184], [119.3682125, 32.3927669], [119.3683538, 32.3929168], [119.3684432, 32.3929844], [119.3684925, 32.3930689], [119.368546, 32.3931397], [119.3685632, 32.393225], [119.3686253, 32.3933272], [119.3686196, 32.393371], [119.3684879, 32.3932601], [119.368367, 32.3931243], [119.3683612, 32.3930604], [119.3681288, 32.3928511], [119.3678745, 32.3926161], [119.3677909, 32.3924132]]]]}, "properties": {"id": null, "name": "明月湖", "kind": "湖", "category": "water", "hours": "全天", "group": "山水", "tags": {"natural": "water"}, "icon": "water", "icon_lon": 119.37025258129788, "icon_lat": 32.39167725}}, {"type": "Feature", "geometry": {"type": "MultiPolygon", "coordinates": [[[[119.3702031, 32.3894101], [119.3703273, 32.3889257], [119.370289, 32.3888638], [119.3702811, 32.3888167], [119.3702954, 32.388713], [119.3703273, 32.3886147], [119.370356, 32.3882364], [119.3703528, 32.3881126], [119.3703719, 32.387986], [119.370399, 32.3878447], [119.3704214, 32.3877491], [119.3704325, 32.3877141], [119.3704405, 32.3875727], [119.3704389, 32.3875054], [119.3704166, 32.3873668], [119.3704261, 32.3872133], [119.3704867, 32.3870167], [119.3705064, 32.38679], [119.3704721, 32.3865754], [119.3704721, 32.3864934], [119.3704891, 32.386477], [119.3704867, 32.3864145], [119.3704709, 32.386393], [119.3704888, 32.3862676], [119.3705083, 32.3862202], [119.3706118, 32.3852417], [119.3706571, 32.385116], [119.3706464, 32.3850394], [119.3706464, 32.3849046], [119.3706615, 32.3848827], [119.370683, 32.3846094], [119.3706917, 32.3843834], [119.3707262, 32.3843798], [119.3707499, 32.3837712], [119.3706464, 32.3836582], [119.3707801, 32.3835652], [119.3708039, 32.3832828], [119.3707089, 32.3830368], [119.3707154, 32.3829894], [119.3707866, 32.3829603], [119.3708125, 32.3827106], [119.3707909, 32.3826395], [119.3707888, 32.3825648], [119.370807, 32.3825612], [119.3708115, 32.3825364], [119.3707152, 32.3825225], [119.3707235, 32.3824427], [119.370696, 32.3824373], [119.3706996, 32.3823839], [119.3707593, 32.3823839], [119.3707593, 32.3823653], [119.3707024, 32.3823567], [119.3707148, 32.3823011], [119.3708061, 32.3822552], [119.3708126, 32.3821616], [119.3707474, 32.382101], [119.3707104, 32.3820257], [119.3707061, 32.3819394], [119.3707344, 32.3818696], [119.3707757, 32.3818017], [119.3708409, 32.381754], [119.370938, 32.3818193], [119.3709038, 32.3818732], [119.3709029, 32.3819091], [119.3709085, 32.3819372], [119.3709325, 32.3819411], [119.3709584, 32.3819255], [119.3709972, 32.3818942], [119.3710341, 32.3819348], [119.3709685, 32.3819512], [119.3709325, 32.3819731], [119.3709094, 32.3820113], [119.3709288, 32.3820534], [119.3709602, 32.3821018], [119.3710027, 32.3821291], [119.3710424, 32.3821393], [119.3710831, 32.3821198], [119.3711228, 32.3820839], [119.3711441, 32.3820332], [119.3711654, 32.381984], [119.3711718, 32.3819426], [119.3711607, 32.3819169], [119.3712411, 32.3817702], [119.3712855, 32.3817967], [119.3713206, 32.381849], [119.3713446, 32.3819122], [119.3713456, 32.3819692], [119.3713354, 32.3820293], [119.3713104, 32.3820932], [119.3712735, 32.3821448], [119.3712217, 32.3821799], [119.3711689, 32.3822303], [119.3709819, 32.383549], [119.3711288, 32.3836898], [119.3709384, 32.3838296], [119.3709135, 32.3839463], [119.3708811, 32.3842416], [119.3708513, 32.3846172], [119.370833, 32.3849044], [119.3707948, 32.3850207], [119.3708164, 32.3850866], [119.3707948, 32.3853318], [119.3708662, 32.3854243], [119.3707915, 32.3855224], [119.3708181, 32.3856331], [119.3707583, 32.3862469], [119.3707766, 32.3863057], [119.3707948, 32.3863814], [119.3707965, 32.3864935], [119.3707882, 32.3865552], [119.3707417, 32.3867065], [119.3707185, 32.3868284], [119.3707152, 32.3870162], [119.3707351, 32.3871717], [119.3707334, 32.3872502], [119.3707069, 32.3873777], [119.3706654, 32.3875038], [119.3706455, 32.3875823], [119.3706355, 32.3877294], [119.3706521, 32.3879228], [119.3706472, 32.3879943], [119.3706189, 32.3881204], [119.3705858, 32.3882072], [119.3705575, 32.3883544], [119.370536, 32.3885982], [119.3705542, 32.3886949], [119.3705542, 32.3888574], [119.3705111, 32.3889541], [119.3703983, 32.3893885], [119.3704297, 32.3894386], [119.3703267, 32.3894227], [119.3702525, 32.3894112], [119.3702031, 32.3894101]]]]}, "properties": {"id": null, "name": "赵家支沟", "kind": "", "category": "water", "hours": "全天", "tags": {"natural": "water"}}}, {"type": "Feature", "geometry": {"type": "MultiPolygon", "coordinates": [[[[119.3691334, 32.3814228], [119.3698586, 32.3814228], [119.3700871, 32.3814641], [119.3704416, 32.3814602], [119.3706398, 32.3814758], [119.3708431, 32.3814699], [119.3709659, 32.3814358], [119.3710132, 32.3814032], [119.3710378, 32.3811974], [119.3710167, 32.381116], [119.3709624, 32.3810568], [119.3708484, 32.3809516], [119.370787, 32.3808835], [119.3706818, 32.3807902], [119.3706064, 32.3807221], [119.3705556, 32.3806259], [119.3705205, 32.3805044], [119.3706179, 32.379885], [119.3708162, 32.3799182], [119.3707765, 32.3800099], [119.3707625, 32.3801328], [119.370773, 32.3802424], [119.3707099, 32.3804082], [119.3707064, 32.3804837], [119.3707362, 32.3805785], [119.3708098, 32.3806718], [119.3709133, 32.3807399], [119.3710728, 32.3808554], [119.3712517, 32.3810286], [119.3712517, 32.381424], [119.3712587, 32.3815602], [119.3712131, 32.381652], [119.3712411, 32.3817702], [119.3711607, 32.3819169], [119.3711502, 32.3819038], [119.3711187, 32.3818993], [119.3710754, 32.3819115], [119.3710341, 32.3819348], [119.3709972, 32.3818942], [119.3710125, 32.3818738], [119.3710348, 32.3818639], [119.371061, 32.3818661], [119.3710872, 32.3818572], [119.3711017, 32.3818351], [119.3711017, 32.3818074], [119.3710689, 32.3817941], [119.3710348, 32.3817919], [119.3709784, 32.3818041], [119.370938, 32.3818193], [119.3708409, 32.381754], [119.3708524, 32.3817387], [119.3708577, 32.3817154], [119.3708393, 32.3816933], [119.3708026, 32.3816722], [119.3707396, 32.3816556], [119.3706596, 32.3816401], [119.3705521, 32.3816457], [119.3704445, 32.3816534], [119.3703369, 32.3816589], [119.37011, 32.3816445], [119.3700247, 32.3816213], [119.3698844, 32.3815958], [119.3695858, 32.3815862], [119.3691404, 32.3815901], [119.3691334, 32.3814228]]]]}, "properties": {"id": null, "name": "赵家支沟", "kind": "", "category": "water", "hours": "全天", "tags": {"natural": "water"}}}, {"type": "Feature", "geometry": {"type": "MultiPolygon", "coordinates": [[[[119.3706179, 32.379885], [119.3706988, 32.3794358], [119.3707799, 32.379263], [119.3708983, 32.379107], [119.3711262, 32.3789231], [119.3712376, 32.3788302], [119.3713214, 32.3786932], [119.3713384, 32.378628], [119.3713205, 32.3785545], [119.3712802, 32.3784663], [119.3712498, 32.3783846], [119.3712592, 32.3782815], [119.3712833, 32.3781574], [119.3713616, 32.3779385], [119.3713578, 32.3777367], [119.3713398, 32.3776338], [119.3712917, 32.3775058], [119.3713027, 32.3772703], [119.3713523, 32.3772407], [119.3714582, 32.376343], [119.3717082, 32.3764015], [119.3715498, 32.3773869], [119.3714955, 32.3774629], [119.3714937, 32.377568], [119.3715268, 32.3776792], [119.3715547, 32.377782], [119.3715654, 32.3778934], [119.3714481, 32.3782618], [119.3714363, 32.3783501], [119.3714466, 32.3784194], [119.3714818, 32.3784718], [119.3715343, 32.3785115], [119.3715646, 32.3785723], [119.3715875, 32.3786563], [119.3715606, 32.3787447], [119.3715088, 32.3788037], [119.3713727, 32.3789283], [119.3713237, 32.3790632], [119.3713193, 32.3791577], [119.3713698, 32.3792836], [119.3714152, 32.3793675], [119.3714183, 32.3794662], [119.3713692, 32.3795863], [119.3712901, 32.3796686], [119.3711809, 32.3797069], [119.3710019, 32.3797497], [119.3709398, 32.379769], [119.3708162, 32.3799182], [119.3706179, 32.379885]]]]}, "properties": {"id": null, "name": "赵家支沟", "kind": "", "category": "water", "hours": "全天", "tags": {"natural": "water"}}}, {"type": "Feature", "geometry": {"type": "MultiPolygon", "coordinates": [[[[119.391038, 32.4176616], [119.3910728, 32.4173473], [119.3911249, 32.4170225], [119.3911809, 32.4166936], [119.3914687, 32.4168002], [119.3915822, 32.4166866], [119.3919686, 32.4162059], [119.3920186, 32.4161769], [119.3921324, 32.4161685], [119.3921766, 32.4161756], [119.3923976, 32.4162346], [119.3930032, 32.416421], [119.3929213, 32.416619], [119.39311, 32.4167039], [119.3933289, 32.4169021], [119.3932043, 32.4171579], [119.3929337, 32.417628], [119.3928772, 32.4177841], [119.3921748, 32.4190884], [119.3910877, 32.4187971], [119.3911175, 32.4182671], [119.3910604, 32.4179004], [119.391038, 32.4176616]]]]}, "properties": {"id": null, "name": "扬州墓园", "kind": "园", "category": "landuse", "hours": "全天", "group": "游乐", "tags": {"landuse": "cemetery"}, "icon": "garden", "icon_lon": 119.39198373970807, "icon_lat": 32.417644800000005}}, {"type": "Feature", "geometry": {"type": "MultiPolygon", "coordinates": [[[[119.5209305, 32.3810512], [119.5209416, 32.3798653], [119.5212885, 32.3799262], [119.5214994, 32.3798559], [119.5219185, 32.3798746], [119.5223764, 32.379877], [119.5220462, 32.3811848], [119.5217686, 32.3811497], [119.5217353, 32.3811848], [119.5209305, 32.3810512]]]]}, "properties": {"id": null, "name": "杭集公墓园", "kind": "园", "category": "landuse", "hours": "全天", "group": "游乐", "tags": {"landuse": "cemetery"}, "icon": "garden", "icon_lon": 119.52157885992969, "icon_lat": 32.3804887}}, {"type": "Feature", "geometry": {"type": "MultiPolygon", "coordinates": [[[[119.4433105, 32.3469972], [119.4434173, 32.3460304], [119.4436308, 32.345998], [119.4448984, 32.3461576], [119.4447122, 32.347173], [119.4433105, 32.3469972]]]]}, "properties": {"id": null, "name": "永安公墓园二园", "kind": "园", "category": "landuse", "hours": "全天", "group": "游乐", "tags": {"landuse": "cemetery"}, "icon": "garden", "icon_lon": 119.44408914650842, "icon_lat": 32.3465774}}, {"type": "Feature", "geometry": {"type": "MultiPolygon", "coordinates": [[[[119.4070799, 32.4481247], [119.4099405, 32.4468025], [119.4102459, 32.4472152], [119.4104258, 32.447433], [119.4098823, 32.4475911], [119.4093296, 32.4479638], [119.4083698, 32.4486373], [119.4079875, 32.4489188], [119.4070799, 32.4481247]]]]}, "properties": {"id": null, "name": "朱塘墓园", "kind": "园", "category": "landuse", "hours": "全天", "group": "游乐", "tags": {"landuse": "cemetery"}, "icon": "garden", "icon_lon": 119.40871856535321, "icon_lat": 32.44777745}}, {"type": "Feature", "geometry": {"type": "MultiPolygon", "coordinates": [[[[119.161346, 32.2724413], [119.1613501, 32.2723931], [119.1614314, 32.2723536], [119.1615412, 32.272333], [119.1616448, 32.2723502], [119.1616982, 32.2723774], [119.1616746, 32.2724104], [119.1617384, 32.272443], [119.1618054, 32.2725031], [119.1617061, 32.2725283], [119.1617145, 32.272552], [119.1617265, 32.2725886], [119.1617404, 32.2726338], [119.1617241, 32.2727352], [119.1617058, 32.2727609], [119.1616428, 32.2727953], [119.1615961, 32.2728091], [119.1615432, 32.2727902], [119.1614755, 32.2727095], [119.161594, 32.2726389], [119.1616306, 32.2726372], [119.1616733, 32.2726148], [119.1616835, 32.2725994], [119.1616184, 32.2725478], [119.161594, 32.2725581], [119.1615697, 32.2725372], [119.1615125, 32.2725846], [119.161346, 32.2724413]]]]}, "properties": {"id": null, "name": "泮池", "kind": "湖", "category": "water", "hours": "全天", "group": "山水", "tags": {"natural": "water"}, "icon": "water", "icon_lon": 119.16168447779975, "icon_lat": 32.27257135}}, {"type": "Feature", "geometry": {"type": "MultiPolygon", "coordinates": [[[[119.6569544, 32.6005521], [119.6572634, 32.6000384], [119.6577716, 32.6000623], [119.6578935, 32.6004117], [119.6569544, 32.6005521]]]]}, "properties": {"id": null, "name": "葛家营墓地", "kind": "", "category": "landuse", "hours": "全天", "tags": {"landuse": "cemetery"}}}, {"type": "Feature", "geometry": {"type": "MultiPolygon", "coordinates": [[[[119.4132012, 32.4228723], [119.4134265, 32.4227206], [119.4138717, 32.4228202], [119.4138342, 32.4232821], [119.4132012, 32.4232504], [119.4132012, 32.4228723]]]]}, "properties": {"id": null, "name": "崔致远纪念馆", "kind": "祠", "category": "tourism", "hours": "卯-申", "group": "信仰", "tags": {"tourism": "museum"}, "icon": "shrine", "icon_lon": 119.41352666094934, "icon_lat": 32.42306135}}, {"type": "Feature", "geometry": {"type": "MultiPolygon", "coordinates": [[[[119.5889568, 32.416112], [119.5892714, 32.416238], [119.5900357, 32.4185854], [119.5903648, 32.4199636], [119.5904302, 32.4206337], [119.5902669, 32.4205874], [119.590224, 32.4201527], [119.5898316, 32.4186369], [119.5889568, 32.416112]]]]}, "properties": {"id": null, "name": "张纲河", "kind": "", "category": "water", "hours": "全天", "tags": {"natural": "water"}}}, {"type": "Feature", "geometry": {"type": "MultiPolygon", "coordinates": [[[[119.5854117, 32.4156195], [119.585493, 32.4155139], [119.5860215, 32.4155894], [119.5866883, 32.41561], [119.5870642, 32.4156349], [119.5874363, 32.415713], [119.5882901, 32.4158228], [119.588908, 32.4159189], [119.5892333, 32.4159189], [119.5896561, 32.4159875], [119.5906887, 32.4161797], [119.5912985, 32.4163238], [119.5928951, 32.4165769], [119.5963504, 32.4159548], [119.5963131, 32.4160921], [119.5928761, 32.4167025], [119.5919096, 32.4165278], [119.5913363, 32.416468], [119.589326, 32.4160856], [119.5892714, 32.416238], [119.5889568, 32.416112], [119.5887739, 32.4160796], [119.5880731, 32.4159183], [119.5872308, 32.4158346], [119.5865088, 32.4157988], [119.5859638, 32.415739], [119.5854117, 32.4156195]]]]}, "properties": {"id": null, "name": "灰粪港", "kind": "", "category": "water", "hours": "全天", "tags": {"natural": "water"}}}, {"type": "Feature", "geometry": {"type": "MultiPolygon", "coordinates": [[[[119.588908, 32.4159189], [119.5895405, 32.4125598], [119.5896269, 32.412562], [119.5897519, 32.412074], [119.5898677, 32.4120896], [119.5898116, 32.412587], [119.5898902, 32.4125941], [119.5892333, 32.4159189], [119.588908, 32.4159189]]]]}, "properties": {"id": null, "name": "张纲河", "kind": "", "category": "water", "hours": "全天", "tags": {"natural": "water"}}}, {"type": "Feature", "geometry": {"type": "MultiPolygon", "coordinates": [[[[119.5896825, 32.41207], [119.5905837, 32.4083926], [119.5907216, 32.407865], [119.5909819, 32.4079021], [119.58994, 32.4120972], [119.5898677, 32.4120896], [119.5897519, 32.412074], [119.5896825, 32.41207]]]]}, "properties": {"id": null, "name": "张纲河", "kind": "", "category": "water", "hours": "全天", "tags": {"natural": "water"}}}, {"type": "Feature", "geometry": {"type": "MultiPolygon", "coordinates": [[[[119.7433845, 32.6706434], [119.7435713, 32.6699358], [119.7442064, 32.6690395], [119.7451777, 32.6676872], [119.7455327, 32.6670267], [119.7453832, 32.6647937], [119.7473446, 32.664951], [119.7470084, 32.6666493], [119.748783, 32.6669166], [119.7489137, 32.6666336], [119.7503895, 32.6669795], [119.750627, 32.6671153], [119.7523695, 32.6681117], [119.7522575, 32.6686464], [119.7526398, 32.6687675], [119.7534287, 32.6690175], [119.7539947, 32.6691968], [119.7544373, 32.6691703], [119.7540308, 32.6711278], [119.7522014, 32.670895], [119.7520487, 32.6709374], [119.7512114, 32.6737726], [119.7499411, 32.6730178], [119.7491199, 32.6727935], [119.7474007, 32.6721058], [119.7462612, 32.6716026], [119.7448415, 32.6711466], [119.7433845, 32.6706434]]]]}, "properties": {"id": null, "name": "万顷良田", "kind": "", "category": "landuse", "hours": "全天", "tags": {"landuse": "farmland"}}}, {"type": "Feature", "geometry": {"type": "MultiPolygon", "coordinates": [[[[119.7772071, 32.5134248], [119.7775, 32.5134517], [119.7776109, 32.5221765], [119.7777465, 32.5301898], [119.7777835, 32.5382728], [119.7778697, 32.5448315], [119.7779313, 32.5518306], [119.7780299, 32.558516], [119.7781105, 32.5603308], [119.777772, 32.5603425], [119.7776356, 32.5526248], [119.7775986, 32.5472364], [119.7775616, 32.542344], [119.7774137, 32.5350191], [119.7772535, 32.5224682], [119.7772071, 32.5134248]]]]}, "properties": {"id": null, "name": "野田河", "kind": "", "category": "water", "hours": "全天", "tags": {"natural": "water"}}}, {"type": "Feature", "geometry": {"type": "MultiPolygon", "coordinates": [[[[119.6750122, 32.5678083], [119.6751517, 32.5677631], [119.6752053, 32.567962], [119.6753662, 32.5684413], [119.6754745, 32.5688025], [119.6755711, 32.5692004], [119.6759895, 32.5694626], [119.6765367, 32.5697338], [119.6769551, 32.569987], [119.677513, 32.5701678], [119.6783499, 32.5701949], [119.6792082, 32.5701045], [119.6797768, 32.5701316], [119.6803416, 32.57035], [119.6806098, 32.5705489], [119.6812536, 32.5709649], [119.6824123, 32.5714169], [119.6833457, 32.5717243], [119.684204, 32.5723301], [119.6851692, 32.5729359], [119.6856305, 32.5734151], [119.6865425, 32.5737857], [119.6871326, 32.5737767], [119.6878943, 32.5735959], [119.6887007, 32.5732987], [119.6896805, 32.5730338], [119.6904507, 32.5726859], [119.6909437, 32.5725924], [119.6918803, 32.5725958], [119.692653, 32.5724574], [119.693146, 32.5724419], [119.694249, 32.5722393], [119.6946988, 32.5722549], [119.695352, 32.5723224], [119.6959806, 32.5723588], [119.6963626, 32.572338], [119.6968063, 32.5723068], [119.697783, 32.5723297], [119.698466, 32.5723982], [119.6993685, 32.5727682], [119.6998645, 32.5729121], [119.7004337, 32.5727066], [119.7012631, 32.572364], [119.7034177, 32.572083], [119.7046137, 32.5720214], [119.7053943, 32.5720556], [119.706435, 32.572083], [119.7074758, 32.5720556], [119.7078742, 32.5721173], [119.7085166, 32.5725421], [119.709592, 32.5734363], [119.7104467, 32.5739925], [119.711445, 32.5746104], [119.7122091, 32.5753685], [119.7128315, 32.5758411], [119.7134908, 32.5761994], [119.7142796, 32.5764123], [119.7142241, 32.5764954], [119.7134292, 32.5762773], [119.7127082, 32.575867], [119.7121555, 32.5754602], [119.7114193, 32.574649], [119.7104142, 32.5740406], [119.7095223, 32.5734679], [119.7084464, 32.572597], [119.7077952, 32.5721795], [119.7064078, 32.5721676], [119.7047232, 32.572096], [119.7034349, 32.5721914], [119.7012698, 32.5724777], [119.7003496, 32.5729311], [119.6998117, 32.5730146], [119.6994436, 32.5729192], [119.6987499, 32.5726686], [119.6983677, 32.5724658], [119.697246, 32.5723913], [119.696445, 32.5724173], [119.6960075, 32.5724173], [119.6948367, 32.5723394], [119.6942574, 32.5722927], [119.693216, 32.5725264], [119.6926245, 32.572625], [119.6918659, 32.572677], [119.6914892, 32.5727233], [119.6911126, 32.5727696], [119.6910804, 32.5729143], [119.6908766, 32.5729414], [119.6907264, 32.5728239], [119.6906083, 32.5727425], [119.6898359, 32.573068], [119.6891431, 32.573294], [119.6887139, 32.5734115], [119.6881238, 32.5736285], [119.6872333, 32.5738455], [119.6865252, 32.5738726], [119.6856133, 32.573511], [119.685109, 32.5729918], [119.6842507, 32.5724855], [119.6832851, 32.5717894], [119.6825019, 32.5715362], [119.6811608, 32.5710118], [119.6806244, 32.5706682], [119.6802703, 32.5704151], [119.6797972, 32.5702044], [119.6792286, 32.5701773], [119.6783596, 32.5702677], [119.6774584, 32.5702586], [119.6768897, 32.5700597], [119.676128, 32.5696438], [119.6754735, 32.5693273], [119.6753341, 32.5687939], [119.6750122, 32.5678083]]]]}, "properties": {"id": null, "name": "老丁泰河", "kind": "", "category": "water", "hours": "全天", "tags": {"natural": "water"}}}, {"type": "Feature", "geometry": {"type": "MultiPolygon", "coordinates": [[[[119.6729814, 32.5674838], [119.6730015, 32.5672891], [119.6774711, 32.5674222], [119.6868049, 32.567493], [119.6942508, 32.5676314], [119.6972975, 32.5676641], [119.7099243, 32.5677284], [119.7099243, 32.5678417], [119.6971693, 32.5677507], [119.686794, 32.5676001], [119.6729814, 32.5674838]]]]}, "properties": {"id": null, "name": "丁泰河", "kind": "", "category": "water", "hours": "全天", "tags": {"natural": "water"}}}, {"type": "Feature", "geometry": {"type": "MultiPolygon", "coordinates": [[[[119.3975884, 32.3328845], [119.3976421, 32.332841], [119.3977665, 32.3328065], [119.3977987, 32.3327358], [119.3977193, 32.3326651], [119.3977773, 32.3325817], [119.3978266, 32.3326034], [119.397921, 32.33254], [119.3981335, 32.3325418], [119.3982386, 32.3325055], [119.3984103, 32.3324675], [119.3986248, 32.3324657], [119.3986892, 32.3324022], [119.398921, 32.3323986], [119.399084, 32.3324185], [119.3991227, 32.3324675], [119.3990704, 32.3332903], [119.3989695, 32.3332225], [119.3986697, 32.3331467], [119.3983577, 32.3331317], [119.398127, 32.3331956], [119.3979823, 32.3332793], [119.3978866, 32.3333578], [119.3976249, 32.3333234], [119.3977901, 32.3331202], [119.3977408, 32.3330513], [119.3976185, 32.3329824], [119.3975884, 32.3328845]]]]}, "properties": {"id": null, "name": "甘霖湖", "kind": "湖", "category": "water", "hours": "全天", "group": "山水", "tags": {"natural": "water"}, "icon": "water", "icon_lon": 119.3983564132748, "icon_lat": 32.332862750000004}}, {"type": "Feature", "geometry": {"type": "MultiPolygon", "coordinates": [[[[119.524828, 32.4106192], [119.5250171, 32.4104289], [119.5252338, 32.4102364], [119.5257047, 32.4095136], [119.5260129, 32.4088986], [119.5263446, 32.4081792], [119.5263769, 32.4079238], [119.5265547, 32.4070447], [119.5266193, 32.4069512], [119.5268109, 32.4068696], [119.5269754, 32.4068509], [119.5273957, 32.4068761], [119.5286329, 32.4070016], [119.5298137, 32.407032], [119.5305824, 32.4069404], [119.531325, 32.4069111], [119.5322348, 32.4069527], [119.5346685, 32.4071253], [119.5346234, 32.4072498], [119.5321363, 32.4070677], [119.5312116, 32.407044], [119.5306419, 32.4070913], [119.5298557, 32.4071664], [119.5291299, 32.4071787], [119.5285906, 32.4071416], [119.527068, 32.4069911], [119.5268467, 32.4070132], [119.5266738, 32.4070868], [119.5264915, 32.407887], [119.5264569, 32.4081921], [119.5263166, 32.4086441], [119.5260846, 32.4091118], [119.5256029, 32.4099333], [119.5253206, 32.4103323], [119.5250869, 32.410547], [119.5248863, 32.410771], [119.524828, 32.4106192]]]]}, "properties": {"id": null, "name": "韩万河", "kind": "", "category": "water", "hours": "全天", "tags": {"natural": "water"}}}, {"type": "Feature", "geometry": {"type": "MultiPolygon", "coordinates": [[[[119.398482, 32.3471697], [119.3984826, 32.3471316], [119.3985093, 32.3470742], [119.3985078, 32.34703], [119.3984851, 32.3470036], [119.3984958, 32.3469746], [119.3985792, 32.3469785], [119.3986534, 32.3469715], [119.3987042, 32.3469577], [119.3987549, 32.3469264], [119.3987455, 32.3468853], [119.3987431, 32.3468614], [119.3987251, 32.346827], [119.398676, 32.3467801], [119.3986622, 32.3467495], [119.3987148, 32.3467517], [119.3987966, 32.3467531], [119.3989191, 32.346748], [119.3989976, 32.3467312], [119.3990929, 32.3467207], [119.3991792, 32.3466916], [119.3992381, 32.3466636], [119.3992815, 32.3466364], [119.3994281, 32.3466185], [119.399501, 32.346605], [119.3995793, 32.3465991], [119.3996182, 32.3466049], [119.399684, 32.346623], [119.3996987, 32.3466408], [119.3997033, 32.3467014], [119.3997272, 32.3467358], [119.3997481, 32.3467623], [119.3997748, 32.3467842], [119.3998192, 32.3468086], [119.399864, 32.3468379], [119.3998909, 32.3468689], [119.3999022, 32.3469145], [119.3998972, 32.3469712], [119.3998712, 32.3470522], [119.3998551, 32.3470786], [119.3998064, 32.3470692], [119.3997611, 32.3470704], [119.3997377, 32.3470928], [119.3996952, 32.3471477], [119.3996246, 32.347203], [119.399564, 32.347214], [119.3995069, 32.347224], [119.3994241, 32.3472258], [119.399359, 32.3472359], [119.3992751, 32.3472338], [119.3991857, 32.3472064], [119.3991168, 32.3472005], [119.3990638, 32.3472069], [119.3989755, 32.3471828], [119.3989081, 32.3471711], [119.3988052, 32.3471752], [119.3987189, 32.3471897], [119.3986579, 32.3472144], [119.3986087, 32.3472327], [119.3985549, 32.3472295], [119.3985041, 32.3472023], [119.398482, 32.3471697]]]]}, "properties": {"id": null, "name": "枫树林", "kind": "林", "category": "landuse", "hours": "全天", "group": "山水", "tags": {"landuse": "forest"}, "icon": "forest", "icon_lon": 119.39932760724069, "icon_lat": 32.34692045}}, {"type": "Feature", "geometry": {"type": "MultiPolygon", "coordinates": [[[[119.3919109, 32.3424541], [119.3919133, 32.3424199], [119.3919204, 32.3423869], [119.3919293, 32.3423563], [119.3919409, 32.3423324], [119.3919584, 32.3423123], [119.3919764, 32.3422973], [119.3920113, 32.3422762], [119.3920449, 32.3422597], [119.3920671, 32.3422544], [119.3920887, 32.3422528], [119.3921072, 32.3422532], [119.3921243, 32.3422556], [119.3921402, 32.342259], [119.392153, 32.3422646], [119.3921654, 32.3422735], [119.3921767, 32.3422825], [119.3923119, 32.3423837], [119.392355, 32.3424095], [119.3923656, 32.3424129], [119.3923768, 32.3424146], [119.3924156, 32.342414], [119.3924304, 32.3424156], [119.3924458, 32.3424193], [119.3924721, 32.3424329], [119.3924952, 32.3424458], [119.3925329, 32.3424715], [119.392545, 32.3424769], [119.3925606, 32.3424818], [119.3925796, 32.3424842], [119.3926063, 32.3424823], [119.3926369, 32.3424832], [119.3926635, 32.3424865], [119.3926263, 32.3425075], [119.3925821, 32.3425374], [119.3925421, 32.3425537], [119.3924537, 32.3425593], [119.39227, 32.342545], [119.3921184, 32.3425134], [119.3920589, 32.3425058], [119.392025, 32.3425233], [119.3919864, 32.3425339], [119.3919397, 32.3425142], [119.3919233, 32.3424882], [119.3919147, 32.3424726], [119.3919109, 32.3424541]]]]}, "properties": {"id": null, "name": "竹林", "kind": "林", "category": "natural", "hours": "全天", "group": "山水", "tags": {"natural": "scrub"}, "icon": "forest", "icon_lon": 119.39212704582805, "icon_lat": 32.342398200000005}}, {"type": "Feature", "geometry": {"type": "MultiPolygon", "coordinates": [[[[119.3949094, 32.344082], [119.3949446, 32.3438951], [119.394977, 32.3439576], [119.3950092, 32.3440115], [119.3950634, 32.3440424], [119.395067, 32.3440652], [119.3950258, 32.3440898], [119.3949544, 32.3440883], [119.3949094, 32.344082]]]]}, "properties": {"id": null, "name": "紫薇林", "kind": "林", "category": "landuse", "hours": "全天", "group": "山水", "tags": {"landuse": "forest"}, "icon": "forest", "icon_lon": 119.39496042667201, "icon_lat": 32.34398455}}, {"type": "Feature", "geometry": {"type": "MultiPolygon", "coordinates": [[[[119.3982552, 32.3454678], [119.3982583, 32.3454579], [119.3982657, 32.3454463], [119.3982713, 32.3454404], [119.3982816, 32.3454347], [119.398293, 32.3454312], [119.3982995, 32.3454321], [119.3982996, 32.3454377], [119.3982913, 32.3454438], [119.3982868, 32.3454516], [119.3982838, 32.3454565], [119.398277, 32.3454625], [119.39827, 32.3454671], [119.398266, 32.3454705], [119.3982637, 32.3454732], [119.3982582, 32.3454732], [119.3982552, 32.3454678]]]]}, "properties": {"id": null, "name": "朗月湖", "kind": "湖", "category": "natural", "hours": "全天", "group": "山水", "tags": {"natural": "bare_rock"}, "icon": "water", "icon_lon": 119.39827302801723, "icon_lat": 32.34545405}}, {"type": "Feature", "geometry": {"type": "MultiPolygon", "coordinates": [[[[119.3952288, 32.3431644], [119.3952476, 32.3431206], [119.3952683, 32.343072], [119.3952943, 32.3430332], [119.3953618, 32.3429974], [119.3954206, 32.3430136], [119.3954715, 32.3430328], [119.3955461, 32.3430371], [119.3956059, 32.3430458], [119.3956504, 32.3430574], [119.3957289, 32.3430613], [119.3957974, 32.3430699], [119.3958135, 32.3430952], [119.3957748, 32.3431191], [119.3957231, 32.3431428], [119.3956687, 32.3431683], [119.3956053, 32.3431834], [119.3955257, 32.3431815], [119.3954684, 32.3431736], [119.3953753, 32.3431743], [119.3953092, 32.3432069], [119.3952519, 32.3432046], [119.3952288, 32.3431644]]]]}, "properties": {"id": null, "name": "银杏林", "kind": "林", "category": "landuse", "hours": "全天", "group": "山水", "tags": {"landuse": "forest"}, "icon": "forest", "icon_lon": 119.39552373935186, "icon_lat": 32.34310715}}, {"type": "Feature", "geometry": {"type": "MultiPolygon", "coordinates": [[[[119.4052407, 32.4221783], [119.4053588, 32.4214806], [119.4057248, 32.4208447], [119.4058992, 32.4205282], [119.4064936, 32.4203854], [119.4069226, 32.4203217], [119.4072186, 32.4204111], [119.4074241, 32.4205624], [119.4078288, 32.4207082], [119.408255, 32.4208539], [119.4089305, 32.4211085], [119.4095818, 32.4214888], [119.4097166, 32.4218637], [119.4096224, 32.42235], [119.4093564, 32.4227544], [119.409329, 32.4231522], [119.4092231, 32.4232528], [119.4079047, 32.4231803], [119.4077841, 32.4233957], [119.4075468, 32.4236459], [119.4072754, 32.423762], [119.4062011, 32.4235118], [119.4056637, 32.4232594], [119.4055782, 32.4230809], [119.4053738, 32.4230099], [119.4052718, 32.4226614], [119.4052407, 32.4221783]]]]}, "properties": {"id": null, "name": "蜀冈中峰", "kind": "山", "category": "natural", "hours": "全天", "group": "山水", "tags": {"natural": "wood"}, "icon": "mountain", "icon_lon": 119.4074767280199, "icon_lat": 32.422021}}, {"type": "Feature", "geometry": {"type": "MultiPolygon", "coordinates": [[[[119.3949846, 32.4188649], [119.3952533, 32.4178588], [119.3957324, 32.4174594], [119.396854, 32.4173164], [119.3978297, 32.4172966], [119.3980283, 32.4170994], [119.3988345, 32.417272], [119.3996231, 32.4173558], [119.4003359, 32.4174249], [119.4006221, 32.4181547], [119.4015393, 32.4182682], [119.402252, 32.4184408], [119.4029735, 32.4185172], [119.4031225, 32.4188008], [119.4030378, 32.4194542], [119.4025091, 32.4200977], [119.4020943, 32.420581], [119.401183, 32.4206698], [119.3995647, 32.420724], [119.3981393, 32.4206303], [119.3964802, 32.4205317], [119.3956973, 32.4201471], [119.3950956, 32.4198019], [119.3949846, 32.4188649]]]]}, "properties": {"id": null, "name": "蜀冈西峰", "kind": "山", "category": "natural", "hours": "全天", "group": "山水", "tags": {"natural": "wood"}, "icon": "mountain", "icon_lon": 119.39904775027324, "icon_lat": 32.41915955}}, {"type": "Feature", "geometry": {"type": "MultiPolygon", "coordinates": [[[[119.403017, 32.4213863], [119.4032674, 32.4208011], [119.4038066, 32.4199965], [119.4040775, 32.4194014], [119.4043766, 32.4193876], [119.4049572, 32.4196836], [119.4053616, 32.4198827], [119.4058845, 32.4199579], [119.4062824, 32.4199259], [119.4066418, 32.4198045], [119.4068312, 32.4199022], [119.4069531, 32.4201788], [119.4066289, 32.4202322], [119.406336, 32.4202662], [119.4057831, 32.42041], [119.4054669, 32.4209007], [119.4052147, 32.4214554], [119.4050571, 32.4220812], [119.4049812, 32.4226542], [119.4046154, 32.4228615], [119.4043698, 32.4231175], [119.4038884, 32.4230281], [119.4036958, 32.4224226], [119.4036236, 32.4220121], [119.4032963, 32.4216911], [119.403017, 32.4213863]]]]}, "properties": {"id": null, "name": "蜀冈中西峰", "kind": "山", "category": "natural", "hours": "全天", "group": "山水", "tags": {"natural": "wood"}, "icon": "mountain", "icon_lon": 119.4042386998458, "icon_lat": 32.4211435}}, {"type": "Feature", "geometry": {"type": "MultiPolygon", "coordinates": [[[[119.1766768, 32.2544417], [119.1772831, 32.2477343], [119.1786155, 32.2474253], [119.1806141, 32.2469541], [119.1807686, 32.247157], [119.1806791, 32.24769], [119.1806498, 32.248139], [119.1806825, 32.2488302], [119.1806965, 32.2489211], [119.1808057, 32.2495166], [119.1811466, 32.251258], [119.18155, 32.2520601], [119.1821163, 32.2530658], [119.1820627, 32.2531805], [119.1766768, 32.2544417]]]]}, "properties": {"id": null, "name": "仪征大码头", "kind": "", "category": "natural", "hours": "全天", "tags": {"natural": "wood"}}}, {"type": "Feature", "geometry": {"type": "MultiPolygon", "coordinates": [[[[119.2337285, 32.246632], [119.2340516, 32.2458276], [119.2367691, 32.2445299], [119.2375645, 32.2442285], [119.2380361, 32.2440705], [119.238349, 32.2440231], [119.2389637, 32.2441939], [119.2393176, 32.2442478], [119.2395087, 32.2440802], [119.2395653, 32.2438647], [119.2394786, 32.2434344], [119.238893, 32.2416228], [119.2383865, 32.2404236], [119.2382945, 32.2401422], [119.2382945, 32.2399506], [119.2383794, 32.2397051], [119.2404541, 32.2364207], [119.2410912, 32.2365883], [119.2415159, 32.2366602], [119.2421452, 32.236676], [119.2440319, 32.2366997], [119.2464976, 32.2367866], [119.2463863, 32.2400715], [119.2443325, 32.2401314], [119.241616, 32.2469447], [119.2337285, 32.246632]]]]}, "properties": {"id": null, "name": "12圩", "kind": "", "category": "natural", "hours": "全天", "tags": {"natural": "wood"}}}, {"type": "Feature", "geometry": {"type": "MultiPolygon", "coordinates": [[[[119.3902597, 32.4233969], [119.390265, 32.4233539], [119.3902999, 32.4232701], [119.390375, 32.4232022], [119.3905118, 32.423132], [119.3906164, 32.4231184], [119.3906701, 32.4231207], [119.3907264, 32.4231252], [119.390772, 32.4231433], [119.3908149, 32.4231773], [119.3908632, 32.4232565], [119.3908685, 32.4233063], [119.3907988, 32.4234671], [119.3908095, 32.4235124], [119.390839, 32.4235509], [119.3909115, 32.4236097], [119.3909544, 32.4236346], [119.3911234, 32.4236505], [119.3914318, 32.4236958], [119.3914801, 32.4237139], [119.3915123, 32.4237501], [119.3914935, 32.4237886], [119.3914238, 32.4238407], [119.3913728, 32.4238407], [119.3912601, 32.4238271], [119.3910885, 32.4237818], [119.390941, 32.4237863], [119.390882, 32.4238022], [119.3907934, 32.4238565], [119.3907559, 32.4238837], [119.3907049, 32.4238905], [119.3905896, 32.4238792], [119.390493, 32.4238361], [119.3904528, 32.423809], [119.390375, 32.423732], [119.3903536, 32.4236935], [119.3902624, 32.4234875], [119.3902597, 32.4233969]]]]}, "properties": {"id": null, "name": "隋炀帝陵遗址博物馆", "kind": "义冢", "category": "tourism", "hours": "全天", "group": "信仰", "tags": {"tourism": "museum"}, "icon": "grave", "icon_lon": 119.3905372355581, "icon_lat": 32.42349995}}, {"type": "Feature", "geometry": {"type": "MultiPolygon", "coordinates": [[[[119.2799973, 32.4086178], [119.2800311, 32.4080859], [119.2814167, 32.4082163], [119.2814288, 32.409003], [119.2805742, 32.4090091], [119.2805428, 32.4089826], [119.2804559, 32.4089989], [119.2804101, 32.4090234], [119.2803714, 32.4090091], [119.2803449, 32.4089785], [119.2803377, 32.40895], [119.2803497, 32.4088848], [119.2803425, 32.4088522], [119.2803377, 32.4087788], [119.2802918, 32.4087706], [119.2802314, 32.4087441], [119.2801856, 32.4087136], [119.2799973, 32.4086178]]]]}, "properties": {"id": null, "name": "仪征联营墓葬群", "kind": "义冢", "category": "historic", "hours": "全天", "group": "信仰", "tags": {"historic": "archaeological_site"}, "icon": "grave", "icon_lon": 119.28071492224578, "icon_lat": 32.40841705}}, {"type": "Feature", "geometry": {"type": "MultiPolygon", "coordinates": [[[[119.0351915, 32.4529835], [119.0352023, 32.452936], [119.0352398, 32.4528998], [119.0354115, 32.4527798], [119.0354678, 32.4527708], [119.0355644, 32.452807], [119.035669, 32.4528228], [119.0357226, 32.4528138], [119.0357655, 32.4527821], [119.0357749, 32.452704], [119.0357602, 32.4526452], [119.0357481, 32.452592], [119.0357012, 32.4525196], [119.0356958, 32.452472], [119.0356636, 32.4524222], [119.035449, 32.4524403], [119.0353042, 32.4509646], [119.0353096, 32.4509194], [119.0353444, 32.4508831], [119.0388823, 32.4493757], [119.0412694, 32.4476781], [119.0413097, 32.4476623], [119.0413606, 32.4475763], [119.0414625, 32.4475536], [119.0415162, 32.4474767], [119.0415645, 32.447454], [119.041602, 32.447488], [119.041594, 32.4475378], [119.0416127, 32.4475831], [119.0416637, 32.4476012], [119.0417629, 32.4475604], [119.0418407, 32.4474948], [119.0418944, 32.4474722], [119.041948, 32.4474563], [119.0422752, 32.4474246], [119.0423262, 32.447411], [119.0423718, 32.4473861], [119.0424147, 32.4473567], [119.0424389, 32.447316], [119.0424764, 32.4471756], [119.0425193, 32.4470919], [119.0425649, 32.4469606], [119.0426293, 32.4468859], [119.0427151, 32.4468316], [119.0428144, 32.4467954], [119.0429699, 32.4467908], [119.0430853, 32.4468022], [119.0431899, 32.4467841], [119.0432382, 32.4467705], [119.0432864, 32.4467456], [119.0434232, 32.4466573], [119.0435064, 32.4465419], [119.0435439, 32.4464491], [119.0436459, 32.4462884], [119.0437102, 32.4462159], [119.0437961, 32.4461571], [119.0438497, 32.4461503], [119.0439033, 32.4461639], [119.0439382, 32.4462023], [119.0439168, 32.4462974], [119.043611, 32.4466799], [119.0433481, 32.4469063], [119.0432382, 32.4469334], [119.0429512, 32.4469221], [119.0428922, 32.4469357], [119.0427393, 32.4470036], [119.0427071, 32.4470421], [119.0425971, 32.4473703], [119.0425542, 32.4474631], [119.0425166, 32.4475061], [119.042471, 32.4475333], [119.0422484, 32.447608], [119.0418515, 32.44766], [119.041822, 32.4477008], [119.041838, 32.4477506], [119.04183, 32.4477958], [119.0418085, 32.4478185], [119.0416691, 32.4478954], [119.0416369, 32.4479339], [119.0416154, 32.4479792], [119.0416664, 32.4480086], [119.04172, 32.4480199], [119.0419883, 32.4480471], [119.0420258, 32.4480833], [119.0420607, 32.4481738], [119.0420634, 32.4482191], [119.0420338, 32.4482621], [119.041433, 32.448493], [119.0413365, 32.4485382], [119.0411943, 32.4487148], [119.041146, 32.4487487], [119.0410468, 32.4487918], [119.0409878, 32.4488099], [119.0409288, 32.4488166], [119.0406176, 32.4488166], [119.0404969, 32.4488257], [119.0404379, 32.4488393], [119.0403333, 32.4489366], [119.040159, 32.4491381], [119.0401027, 32.4492218], [119.0400651, 32.4493101], [119.0400597, 32.4494549], [119.0401027, 32.4497741], [119.0401214, 32.4498669], [119.0401429, 32.4499099], [119.0401885, 32.4499393], [119.0402904, 32.4499846], [119.0409958, 32.4501996], [119.0412748, 32.4503377], [119.0417629, 32.4500955], [119.0420794, 32.4503354], [119.0421787, 32.4505663], [119.0421867, 32.4506636], [119.0421867, 32.4510054], [119.0421438, 32.4510914], [119.0421116, 32.4512385], [119.0421063, 32.4513336], [119.042117, 32.4513788], [119.0421411, 32.4514241], [119.0421787, 32.4514648], [119.0424281, 32.4515712], [119.0425488, 32.4516731], [119.0426883, 32.4517636], [119.0427098, 32.4517908], [119.0426561, 32.4518745], [119.0424925, 32.4518111], [119.0424469, 32.4517862], [119.042412, 32.451698], [119.0422967, 32.4516753], [119.0420017, 32.451664], [119.0418327, 32.4516233], [119.04172, 32.4515735], [119.0416181, 32.4515033], [119.041543, 32.4514264], [119.0415242, 32.4513856], [119.0414974, 32.4512453], [119.0414974, 32.4511978], [119.0416905, 32.4509126], [119.0417147, 32.4508673], [119.0417415, 32.4507768], [119.0418166, 32.4506545], [119.0418273, 32.4506115], [119.0418005, 32.4505708], [119.0417522, 32.4505414], [119.0416986, 32.4505233], [119.0416449, 32.450521], [119.041307, 32.4506115], [119.0412453, 32.4506206], [119.0411326, 32.4506206], [119.0410253, 32.4505866], [119.0409663, 32.4505844], [119.0408456, 32.4506138], [119.0407839, 32.450641], [119.0406418, 32.4507519], [119.040446, 32.4509465], [119.0400892, 32.4512498], [119.039872, 32.4514875], [119.0396252, 32.4517115], [119.0394938, 32.4518157], [119.0393865, 32.4518587], [119.0393248, 32.4518654], [119.0392685, 32.4518496], [119.0391639, 32.4517885], [119.0391263, 32.4517523], [119.0389681, 32.4516753], [119.038842, 32.4517274], [119.038724, 32.4517478], [119.0386704, 32.451741], [119.0385658, 32.4516957], [119.0384987, 32.4515599], [119.0384102, 32.4515033], [119.0383565, 32.4514829], [119.0383002, 32.4514716], [119.0381339, 32.4514648], [119.0380239, 32.4514422], [119.0379703, 32.4514264], [119.0378174, 32.4513585], [119.0376055, 32.4512838], [119.0374875, 32.4512521], [119.0373775, 32.4512408], [119.0373212, 32.4512249], [119.0372729, 32.4511932], [119.0372166, 32.4511751], [119.0370449, 32.4511842], [119.0368679, 32.4511774], [119.0367419, 32.4513403], [119.0366667, 32.4515757], [119.0366238, 32.451612], [119.0363261, 32.4517749], [119.0362805, 32.4518089], [119.036082, 32.4519967], [119.0359184, 32.4521325], [119.0358862, 32.452171], [119.0358648, 32.4522163], [119.0358487, 32.4523657], [119.0358594, 32.4525082], [119.0360042, 32.4535607], [119.0360069, 32.4538255], [119.0359881, 32.4538685], [119.0359345, 32.4538504], [119.0359104, 32.4538074], [119.0358943, 32.4534747], [119.0358406, 32.4532257], [119.0358245, 32.4530854], [119.0358084, 32.4530379], [119.0357709, 32.4530039], [119.0355965, 32.4529926], [119.0352452, 32.4529994], [119.0351915, 32.4529835]]]]}, "properties": {"id": null, "name": "乌山大坝水库", "kind": "湖", "category": "water", "hours": "全天", "group": "山水", "tags": {"natural": "water"}, "icon": "water", "icon_lon": 119.03889769197002, "icon_lat": 32.45004005}}, {"type": "Feature", "geometry": {"type": "MultiPolygon", "coordinates": [[[[119.0258923, 32.4505052], [119.0259553, 32.4503694], [119.0261833, 32.4499461], [119.0263322, 32.4497333], [119.0280917, 32.4476306], [119.0284914, 32.4471236], [119.0286738, 32.4469131], [119.0288669, 32.446732], [119.0289178, 32.4466528], [119.0289795, 32.4464672], [119.0289474, 32.4459783], [119.029009, 32.4456433], [119.0290627, 32.445564], [119.0292343, 32.4455527], [119.0292987, 32.4455686], [119.0296876, 32.4456772], [119.0297252, 32.4457112], [119.0296769, 32.4459262], [119.0295884, 32.4461865], [119.029398, 32.4465962], [119.0291807, 32.4469606], [119.0287435, 32.4482191], [119.0286416, 32.4483911], [119.0285343, 32.4487125], [119.0282285, 32.4493259], [119.0281802, 32.4495364], [119.0281239, 32.4496722], [119.0280622, 32.4499552], [119.0278208, 32.450444], [119.0276813, 32.4506908], [119.0272978, 32.4514784], [119.0272495, 32.4515463], [119.0271798, 32.4515984], [119.0270671, 32.4516153], [119.0269504, 32.4515938], [119.0268713, 32.451552], [119.0258977, 32.4506432], [119.0258923, 32.4505052]]]]}, "properties": {"id": null, "name": "甘冲大坝水库", "kind": "湖", "category": "water", "hours": "全天", "group": "山水", "tags": {"natural": "water"}, "icon": "water", "icon_lon": 119.02795440354188, "icon_lat": 32.448551800000004}}, {"type": "Feature", "geometry": {"type": "MultiPolygon", "coordinates": [[[[119.0143454, 32.4285317], [119.0144312, 32.4284728], [119.0146512, 32.4284547], [119.0147531, 32.4284094], [119.0148497, 32.4278344], [119.0149409, 32.4277755], [119.0151769, 32.4277303], [119.0153539, 32.4275944], [119.0155578, 32.4273454], [119.0158689, 32.4272141], [119.0167862, 32.4270148], [119.0170222, 32.427042], [119.0171134, 32.4271009], [119.0173334, 32.4271416], [119.0176874, 32.4271235], [119.0178966, 32.4271869], [119.0181756, 32.4274903], [119.0182668, 32.4278616], [119.0184009, 32.42802], [119.0183419, 32.4281015], [119.016341, 32.4294916], [119.0161908, 32.429478], [119.0159172, 32.4295957], [119.0158153, 32.4295731], [119.0157294, 32.4295233], [119.0156972, 32.4294373], [119.0157241, 32.4291565], [119.0155095, 32.4289573], [119.0154505, 32.4287853], [119.0151179, 32.4287807], [119.0148121, 32.4286902], [119.0143561, 32.4286223], [119.0143454, 32.4285317]]]]}, "properties": {"id": null, "name": "戴洼水库", "kind": "湖", "category": "water", "hours": "全天", "group": "山水", "tags": {"natural": "water"}, "icon": "water", "icon_lon": 119.0164496345354, "icon_lat": 32.428255449999995}}, {"type": "Feature", "geometry": {"type": "Point", "coordinates": [119.443203, 32.399605]}, "properties": {"id": -1, "name": "同济当", "kind": "当铺", "category": "custom", "hours": "卯-酉", "group": "金融", "icon": "pawn"}}, {"type": "Feature", "geometry": {"type": "Point", "coordinates": [119.442523, 32.400593]}, "properties": {"id": -2, "name": "云韶坊", "kind": "教坊", "category": "custom", "hours": "酉-丑", "group": "风月", "icon": "jiaofang"}}, {"type": "Feature", "geometry": {"type": "Point", "coordinates": [119.442266, 32.398735]}, "properties": {"id": -3, "name": "广聚质库", "kind": "当铺", "category": "custom", "hours": "卯-酉", "group": "金融", "icon": "pawn"}}, {"type": "Feature", "geometry": {"type": "Point", "coordinates": [119.441719, 32.398902]}, "properties": {"id": -4, "name": "清和茶坊", "kind": "茶坊", "category": "custom", "hours": "卯-酉", "group": "饮食", "icon": "tea"}}, {"type": "Feature", "geometry": {"type": "Point", "coordinates": [119.443136, 32.398873]}, "properties": {"id": -5, "name": "长乐勾栏", "kind": "勾栏", "category": "custom", "hours": "酉-丑", "group": "百戏娱乐", "icon": "theater"}}, {"type": "Feature", "geometry": {"type": "Point", "coordinates": [119.443072, 32.400549]}, "properties": {"id": -6, "name": "聚宝坊", "kind": "赌坊", "category": "custom", "hours": "午-子", "group": "市井娱乐", "icon": "gamble"}}, {"type": "Feature", "geometry": {"type": "Point", "coordinates": [119.443058, 32.400077]}, "properties": {"id": -7, "name": "醒世书场", "kind": "书场", "category": "custom", "hours": "午-子", "group": "百戏娱乐", "icon": "story"}}, {"type": "Feature", "geometry": {"type": "Point", "coordinates": [119.442736, 32.398683]}, "properties": {"id": -8, "name": "平话场", "kind": "书场", "category": "custom", "hours": "午-子", "group": "百戏娱乐", "icon": "story"}}, {"type": "Feature", "geometry": {"type": "Point", "coordinates": [119.441825, 32.400117]}, "properties": {"id": -9, "name": "杏花村", "kind": "酒肆", "category": "custom", "hours": "卯-酉", "group": "饮食", "icon": "tavern"}}, {"type": "Feature", "geometry": {"type": "Point", "coordinates": [119.442404, 32.400213]}, "properties": {"id": -10, "name": "和声坊", "kind": "教坊", "category": "custom", "hours": "酉-丑", "group": "风月", "icon": "jiaofang"}}, {"type": "Feature", "geometry": {"type": "Point", "coordinates": [119.441789, 32.400518]}, "properties": {"id": -11, "name": "露台", "kind": "戏台", "category": "custom", "hours": "午-子", "group": "百戏娱乐", "icon": "stage"}}, {"type": "Feature", "geometry": {"type": "Point", "coordinates": [119.441559, 32.399347]}, "properties": {"id": -12, "name": "绮云楼", "kind": "青楼", "category": "custom", "hours": "酉-丑", "group": "风月", "icon": "qinglou"}}, {"type": "Feature", "geometry": {"type": "Point", "coordinates": [119.427661, 32.391005]}, "properties": {"id": -13, "name": "春熙茶坊", "kind": "茶坊", "category": "custom", "hours": "卯-酉", "group": "饮食", "icon": "tea"}}, {"type": "Feature", "geometry": {"type": "Point", "coordinates": [119.4279, 32.391666]}, "properties": {"id": -14, "name": "说书场", "kind": "书场", "category": "custom", "hours": "午-子", "group": "百戏娱乐", "icon": "story"}}, {"type": "Feature", "geometry": {"type": "Point", "coordinates": [119.428219, 32.390439]}, "properties": {"id": -15, "name": "醉仙居", "kind": "酒肆", "category": "custom", "hours": "卯-酉", "group": "饮食", "icon": "tavern"}}, {"type": "Feature", "geometry": {"type": "Point", "coordinates": [119.427187, 32.390096]}, "properties": {"id": -16, "name": "倚红阁", "kind": "青楼", "category": "custom", "hours": "酉-丑", "group": "风月", "icon": "qinglou"}}, {"type": "Feature", "geometry": {"type": "Point", "coordinates": [119.427227, 32.390975]}, "properties": {"id": -17, "name": "忘忧轩", "kind": "棋馆", "category": "custom", "hours": "午-子", "group": "百戏娱乐", "icon": "go"}}, {"type": "Feature", "geometry": {"type": "Point", "coordinates": [119.428759, 32.391358]}, "properties": {"id": -18, "name": "花间一壶", "kind": "酒肆", "category": "custom", "hours": "卯-酉", "group": "饮食", "icon": "tavern"}}, {"type": "Feature", "geometry": {"type": "Point", "coordinates": [119.429202, 32.390658]}, "properties": {"id": -19, "name": "正阳武馆", "kind": "武馆", "category": "custom", "hours": "卯-申", "group": "军武", "icon": "martial"}}, {"type": "Feature", "geometry": {"type": "Point", "coordinates": [119.428578, 32.390118]}, "properties": {"id": -20, "name": "旗亭小肆", "kind": "酒肆", "category": "custom", "hours": "卯-酉", "group": "饮食", "icon": "tavern"}}, {"type": "Feature", "geometry": {"type": "Point", "coordinates": [119.428111, 32.389964]}, "properties": {"id": -21, "name": "众乐勾栏", "kind": "勾栏", "category": "custom", "hours": "酉-丑", "group": "百戏娱乐", "icon": "theater"}}, {"type": "Feature", "geometry": {"type": "Point", "coordinates": [119.42715, 32.391707]}, "properties": {"id": -22, "name": "听雨轩", "kind": "茶坊", "category": "custom", "hours": "卯-酉", "group": "饮食", "icon": "tea"}}, {"type": "Feature", "geometry": {"type": "Point", "coordinates": [119.427605, 32.389923]}, "properties": {"id": -23, "name": "乐棚", "kind": "戏台", "category": "custom", "hours": "午-子", "group": "百戏娱乐", "icon": "stage"}}, {"type": "Feature", "geometry": {"type": "Point", "coordinates": [119.428201, 32.391926]}, "properties": {"id": -24, "name": "弈云阁", "kind": "棋馆", "category": "custom", "hours": "午-子", "group": "百戏娱乐", "icon": "go"}}, {"type": "Feature", "geometry": {"type": "Point", "coordinates": [119.432921, 32.396512]}, "properties": {"id": -25, "name": "书场·一", "kind": "书场", "category": "custom", "hours": "午-子", "group": "百戏娱乐", "icon": "story"}}, {"type": "Feature", "geometry": {"type": "Point", "coordinates": [119.432443, 32.395135]}, "properties": {"id": -26, "name": "太乐坊", "kind": "教坊", "category": "custom", "hours": "酉-丑", "group": "风月", "icon": "jiaofang"}}, {"type": "Feature", "geometry": {"type": "Point", "coordinates": [119.43293, 32.395588]}, "properties": {"id": -27, "name": "陆羽茶坊", "kind": "茶坊", "category": "custom", "hours": "卯-酉", "group": "饮食", "icon": "tea"}}, {"type": "Feature", "geometry": {"type": "Point", "coordinates": [119.432172, 32.395566]}, "properties": {"id": -28, "name": "舞雩坊", "kind": "教坊", "category": "custom", "hours": "酉-丑", "group": "风月", "icon": "jiaofang"}}, {"type": "Feature", "geometry": {"type": "Point", "coordinates": [119.433414, 32.396664]}, "properties": {"id": -29, "name": "烂柯馆", "kind": "棋馆", "category": "custom", "hours": "午-子", "group": "百戏娱乐", "icon": "go"}}, {"type": "Feature", "geometry": {"type": "Point", "coordinates": [119.433024, 32.39702]}, "properties": {"id": -30, "name": "书场·二", "kind": "书场", "category": "custom", "hours": "午-子", "group": "百戏娱乐", "icon": "story"}}, {"type": "Feature", "geometry": {"type": "Point", "coordinates": [119.432658, 32.397316]}, "properties": {"id": -31, "name": "浑名坊", "kind": "赌坊", "category": "custom", "hours": "午-子", "group": "市井娱乐", "icon": "gamble"}}, {"type": "Feature", "geometry": {"type": "Point", "coordinates": [119.433105, 32.395206]}, "properties": {"id": -32, "name": "英武堂", "kind": "武馆", "category": "custom", "hours": "卯-申", "group": "军武", "icon": "martial"}}, {"type": "Feature", "geometry": {"type": "Point", "coordinates": [119.433949, 32.396567]}, "properties": {"id": -33, "name": "清平乐坊", "kind": "教坊", "category": "custom", "hours": "酉-丑", "group": "风月", "icon": "jiaofang"}}, {"type": "Feature", "geometry": {"type": "Point", "coordinates": [119.43394, 32.39599]}, "properties": {"id": -34, "name": "醉春楼", "kind": "青楼", "category": "custom", "hours": "酉-丑", "group": "风月", "icon": "qinglou"}}, {"type": "Feature", "geometry": {"type": "Point", "coordinates": [119.433483, 32.39614]}, "properties": {"id": -35, "name": "庆丰台", "kind": "戏台", "category": "custom", "hours": "午-子", "group": "百戏娱乐", "icon": "stage"}}, {"type": "Feature", "geometry": {"type": "Point", "coordinates": [119.43355, 32.395784]}, "properties": {"id": -36, "name": "酒肆·一", "kind": "酒肆", "category": "custom", "hours": "卯-酉", "group": "饮食", "icon": "tavern"}}, {"type": "Feature", "geometry": {"type": "Point", "coordinates": [119.426255, 32.401153]}, "properties": {"id": -37, "name": "沉香院", "kind": "青楼", "category": "custom", "hours": "酉-丑", "group": "风月", "icon": "qinglou"}}, {"type": "Feature", "geometry": {"type": "Point", "coordinates": [119.427218, 32.400684]}, "properties": {"id": -38, "name": "酒肆·二", "kind": "酒肆", "category": "custom", "hours": "卯-酉", "group": "饮食", "icon": "tavern"}}, {"type": "Feature", "geometry": {"type": "Point", "coordinates": [119.42769, 32.400812]}, "properties": {"id": -39, "name": "茶坊·一", "kind": "茶坊", "category": "custom", "hours": "卯-酉", "group": "饮食", "icon": "tea"}}, {"type": "Feature", "geometry": {"type": "Point", "coordinates": [119.427262, 32.400101]}, "properties": {"id": -40, "name": "棋馆·一", "kind": "棋馆", "category": "custom", "hours": "午-子", "group": "百戏娱乐", "icon": "go"}}, {"type": "Feature", "geometry": {"type": "Point", "coordinates": [119.4279, 32.400356]}, "properties": {"id": -41, "name": "书场·三", "kind": "书场", "category": "custom", "hours": "午-子", "group": "百戏娱乐", "icon": "story"}}, {"type": "Feature", "geometry": {"type": "Point", "coordinates": [119.425305, 32.399992]}, "properties": {"id": -42, "name": "教坊·一", "kind": "教坊", "category": "custom", "hours": "酉-丑", "group": "风月", "icon": "jiaofang"}}, {"type": "Feature", "geometry": {"type": "Point", "coordinates": [119.426856, 32.401261]}, "properties": {"id": -43, "name": "教坊·二", "kind": "教坊", "category": "custom", "hours": "酉-丑", "group": "风月", "icon": "jiaofang"}}, {"type": "Feature", "geometry": {"type": "Point", "coordinates": [119.427458, 32.401207]}, "properties": {"id": -44, "name": "和声台", "kind": "戏台", "category": "custom", "hours": "午-子", "group": "百戏娱乐", "icon": "stage"}}, {"type": "Feature", "geometry": {"type": "Point", "coordinates": [119.426484, 32.399487]}, "properties": {"id": -45, "name": "得胜坊", "kind": "赌坊", "category": "custom", "hours": "午-子", "group": "市井娱乐", "icon": "gamble"}}, {"type": "Feature", "geometry": {"type": "Point", "coordinates": [119.425834, 32.401014]}, "properties": {"id": -46, "name": "棋馆·二", "kind": "棋馆", "category": "custom", "hours": "午-子", "group": "百戏娱乐", "icon": "go"}}, {"type": "Feature", "geometry": {"type": "Point", "coordinates": [119.427519, 32.399755]}, "properties": {"id": -47, "name": "棋馆·三", "kind": "棋馆", "category": "custom", "hours": "午-子", "group": "百戏娱乐", "icon": "go"}}, {"type": "Feature", "geometry": {"type": "Point", "coordinates": [119.427016, 32.399361]}, "properties": {"id": -48, "name": "万花楼", "kind": "青楼", "category": "custom", "hours": "酉-丑", "group": "风月", "icon": "qinglou"}}, {"type": "Feature", "geometry": {"type": "Point", "coordinates": [119.439949, 32.389487]}, "properties": {"id": -49, "name": "月华阁", "kind": "青楼", "category": "custom", "hours": "酉-丑", "group": "风月", "icon": "qinglou"}}, {"type": "Feature", "geometry": {"type": "Point", "coordinates": [119.442219, 32.390086]}, "properties": {"id": -50, "name": "金勾坊", "kind": "赌坊", "category": "custom", "hours": "午-子", "group": "市井娱乐", "icon": "gamble"}}, {"type": "Feature", "geometry": {"type": "Point", "coordinates": [119.4427, 32.389813]}, "properties": {"id": -51, "name": "棋馆·四", "kind": "棋馆", "category": "custom", "hours": "午-子", "group": "百戏娱乐", "icon": "go"}}, {"type": "Feature", "geometry": {"type": "Point", "coordinates": [119.442166, 32.391852]}, "properties": {"id": -52, "name": "莲花棚", "kind": "勾栏", "category": "custom", "hours": "酉-丑", "group": "百戏娱乐", "icon": "theater"}}, {"type": "Feature", "geometry": {"type": "Point", "coordinates": [119.441618, 32.391256]}, "properties": {"id": -53, "name": "教坊·三", "kind": "教坊", "category": "custom", "hours": "酉-丑", "group": "风月", "icon": "jiaofang"}}, {"type": "Feature", "geometry": {"type": "Point", "coordinates": [119.441709, 32.390218]}, "properties": {"id": -54, "name": "教坊·四", "kind": "教坊", "category": "custom", "hours": "酉-丑", "group": "风月", "icon": "jiaofang"}}, {"type": "Feature", "geometry": {"type": "Point", "coordinates": [119.442885, 32.390339]}, "properties": {"id": -55, "name": "酒肆·三", "kind": "酒肆", "category": "custom", "hours": "卯-酉", "group": "饮食", "icon": "tavern"}}, {"type": "Feature", "geometry": {"type": "Point", "coordinates": [119.443033, 32.39134]}, "properties": {"id": -56, "name": "茶坊·二", "kind": "茶坊", "category": "custom", "hours": "卯-酉", "group": "饮食", "icon": "tea"}}, {"type": "Feature", "geometry": {"type": "Point", "coordinates": [119.441049, 32.391277]}, "properties": {"id": -57, "name": "书场·四", "kind": "书场", "category": "custom", "hours": "午-子", "group": "百戏娱乐", "icon": "story"}}, {"type": "Feature", "geometry": {"type": "Point", "coordinates": [119.443601, 32.390842]}, "properties": {"id": -58, "name": "教坊·五", "kind": "教坊", "category": "custom", "hours": "酉-丑", "group": "风月", "icon": "jiaofang"}}, {"type": "Feature", "geometry": {"type": "Point", "coordinates": [119.441784, 32.389796]}, "properties": {"id": -59, "name": "茶坊·三", "kind": "茶坊", "category": "custom", "hours": "卯-酉", "group": "饮食", "icon": "tea"}}, {"type": "Feature", "geometry": {"type": "Point", "coordinates": [119.443343, 32.390479]}, "properties": {"id": -60, "name": "戏台·一", "kind": "戏台", "category": "custom", "hours": "午-子", "group": "百戏娱乐", "icon": "stage"}}, {"type": "Feature", "geometry": {"type": "Point", "coordinates": [119.427262, 32.404291]}, "properties": {"id": -61, "name": "赌坊·一", "kind": "赌坊", "category": "custom", "hours": "午-子", "group": "市井娱乐", "icon": "gamble"}}, {"type": "Feature", "geometry": {"type": "Point", "coordinates": [119.428333, 32.404143]}, "properties": {"id": -62, "name": "酒肆·四", "kind": "酒肆", "category": "custom", "hours": "卯-酉", "group": "饮食", "icon": "tavern"}}, {"type": "Feature", "geometry": {"type": "Point", "coordinates": [119.42663, 32.404958]}, "properties": {"id": -63, "name": "牡丹棚", "kind": "勾栏", "category": "custom", "hours": "酉-丑", "group": "百戏娱乐", "icon": "theater"}}, {"type": "Feature", "geometry": {"type": "Point", "coordinates": [119.429007, 32.405399]}, "properties": {"id": -64, "name": "赌坊·二", "kind": "赌坊", "category": "custom", "hours": "午-子", "group": "市井娱乐", "icon": "gamble"}}, {"type": "Feature", "geometry": {"type": "Point", "coordinates": [119.428108, 32.405304]}, "properties": {"id": -65, "name": "勾栏·一", "kind": "勾栏", "category": "custom", "hours": "酉-丑", "group": "百戏娱乐", "icon": "theater"}}, {"type": "Feature", "geometry": {"type": "Point", "coordinates": [119.428977, 32.404682]}, "properties": {"id": -66, "name": "勾栏·二", "kind": "勾栏", "category": "custom", "hours": "酉-丑", "group": "百戏娱乐", "icon": "theater"}}, {"type": "Feature", "geometry": {"type": "Point", "coordinates": [119.42721, 32.4053]}, "properties": {"id": -67, "name": "教坊·六", "kind": "教坊", "category": "custom", "hours": "酉-丑", "group": "风月", "icon": "jiaofang"}}, {"type": "Feature", "geometry": {"type": "Point", "coordinates": [119.427909, 32.403758]}, "properties": {"id": -68, "name": "赌坊·三", "kind": "赌坊", "category": "custom", "hours": "午-子", "group": "市井娱乐", "icon": "gamble"}}, {"type": "Feature", "geometry": {"type": "Point", "coordinates": [119.428554, 32.40539]}, "properties": {"id": -69, "name": "教坊·七", "kind": "教坊", "category": "custom", "hours": "酉-丑", "group": "风月", "icon": "jiaofang"}}, {"type": "Feature", "geometry": {"type": "Point", "coordinates": [119.426672, 32.40445]}, "properties": {"id": -70, "name": "永昌当", "kind": "当铺", "category": "custom", "hours": "卯-酉", "group": "金融", "icon": "pawn"}}, {"type": "Feature", "geometry": {"type": "Point", "coordinates": [119.427718, 32.404105]}, "properties": {"id": -71, "name": "茶坊·四", "kind": "茶坊", "category": "custom", "hours": "卯-酉", "group": "饮食", "icon": "tea"}}, {"type": "Feature", "geometry": {"type": "Point", "coordinates": [119.428779, 32.404267]}, "properties": {"id": -72, "name": "尚武馆", "kind": "武馆", "category": "custom", "hours": "卯-申", "group": "军武", "icon": "martial"}}, {"type": "Feature", "geometry": {"type": "Point", "coordinates": [119.428719, 32.40536]}, "properties": {"id": -73, "name": "凌波舫", "kind": "画舫", "category": "custom", "hours": "酉-丑", "group": "风月", "icon": "huafang"}}, {"type": "Feature", "geometry": {"type": "Point", "coordinates": [119.433211, 32.392123]}, "properties": {"id": -74, "name": "月影舫", "kind": "画舫", "category": "custom", "hours": "酉-丑", "group": "风月", "icon": "huafang"}}, {"type": "Feature", "geometry": {"type": "Point", "coordinates": [119.43158, 32.402465]}, "properties": {"id": -75, "name": "听雨舫", "kind": "画舫", "category": "custom", "hours": "酉-丑", "group": "风月", "icon": "huafang"}}, {"type": "Feature", "geometry": {"type": "Point", "coordinates": [119.421759, 32.395364]}, "properties": {"id": -76, "name": "烟霞舫", "kind": "画舫", "category": "custom", "hours": "酉-丑", "group": "风月", "icon": "huafang"}}, {"type": "Feature", "geometry": {"type": "Polygon", "coordinates": [[[119.595335, 32.195201], [119.5955155, 32.1952098], [119.6025313, 32.1954828], [119.6090504, 32.1963706], [119.6160918, 32.1981312], [119.6228974, 32.1998724], [119.6423922, 32.2076031], [119.6589718, 32.216709], [119.6702743, 32.2322148], [119.6796636, 32.254856], [119.679922, 32.2554789], [119.6802409, 32.2561358], [119.6967443, 32.285646], [119.6972844, 32.2864614], [119.7014905, 32.2918968], [119.7075817, 32.2997676], [119.7081085, 32.3003724], [119.7087109, 32.3009238], [119.7310269, 32.3192052], [119.7314855, 32.319553], [119.7319742, 32.3198697], [119.7460504, 32.3282837], [119.7467564, 32.3286605], [119.7475048, 32.3289726], [119.7482875, 32.3292166], [119.7490958, 32.32939], [119.7499209, 32.3294907], [119.7709104, 32.3311076], [119.7716267, 32.3311353], [119.7723429, 32.3311082], [119.7730534, 32.3310266], [119.7737525, 32.3308912], [119.7744344, 32.330703], [119.7787685, 32.3293208], [119.7956831, 32.3265871], [119.7962572, 32.3264755], [119.79682, 32.3263282], [119.8058751, 32.3236444], [119.8066155, 32.323389], [119.8140399, 32.3204513], [119.8144238, 32.3202886], [119.8192303, 32.3181124], [119.8201119, 32.3176483], [119.8243605, 32.3150731], [119.8249399, 32.3146865], [119.8314201, 32.3099349], [119.8320061, 32.309459], [119.8448378, 32.2979236], [119.8453735, 32.2973891], [119.8588138, 32.2824803], [119.8599247, 32.2815805], [119.867318, 32.2760228], [119.8678863, 32.2755507], [119.8683966, 32.2750328], [119.8688437, 32.2744744], [119.8733174, 32.2682413], [119.8737831, 32.2674905], [119.8803859, 32.2550093], [119.8806072, 32.254546], [119.8875738, 32.2382649], [119.887873, 32.2373846], [119.8914894, 32.2232156], [119.8943962, 32.2118255], [119.8944268, 32.2116995], [119.9016366, 32.1806124], [119.9016426, 32.1805864], [119.908475, 32.1505085], [119.9193851, 32.1196926], [119.9234216, 32.1082889], [119.923457, 32.1081858], [119.9373831, 32.0664579], [119.9519958, 32.0382015], [119.9814495, 32.0115411], [119.9931455, 32.00309], [119.9935772, 32.0027541], [119.9986627, 31.9984958], [119.999008, 31.998188], [120.0038574, 31.9935837], [120.0040095, 31.993435], [120.0086552, 31.9887576], [120.0089005, 31.9884979], [120.0134133, 31.9834733], [120.018278, 31.9793467], [120.0248187, 31.9757387], [120.0331841, 31.9727873], [120.044568, 31.9692106], [120.0519722, 31.967203], [120.0525865, 31.9670364], [120.0558047, 31.9663206], [120.0698695, 31.9631918], [120.0819532, 31.9605035], [120.0996384, 31.9565691], [120.1086786, 31.9545579], [120.1441058, 31.9467534], [120.1473487, 31.9462333], [120.150446, 31.9457616], [120.1622037, 31.9445278], [120.1622747, 31.9445201], [120.1662266, 31.9440747], [120.176698, 31.942929], [120.1923206, 31.9414699], [120.1905772, 31.9279855], [120.1748809, 31.9294515], [120.1747337, 31.9294664], [120.1641738, 31.9306218], [120.1641438, 31.9306251], [120.1602124, 31.9310682], [120.1482745, 31.9323209], [120.1478448, 31.9323762], [120.1444974, 31.932886], [120.1444252, 31.9328972], [120.140883, 31.9334653], [120.1403605, 31.9335647], [120.1046647, 31.9414283], [120.1046461, 31.9414324], [120.0955968, 31.9434457], [120.0779116, 31.9473801], [120.0658281, 31.9500683], [120.0517635, 31.953197], [120.0483415, 31.9539582], [120.047937, 31.954058], [120.0471218, 31.954279], [120.039545, 31.9563334], [120.0392033, 31.9564333], [120.0275025, 31.9601096], [120.02721, 31.9602071], [120.0180261, 31.9634473], [120.0173682, 31.9637099], [120.0167411, 31.9640223], [120.0088876, 31.9683545], [120.0082138, 31.9687701], [120.0075947, 31.9692431], [120.0017582, 31.974194], [120.0010523, 31.9748793], [119.9963326, 31.9801343], [119.9918881, 31.9846091], [119.9872829, 31.9889815], [119.9825844, 31.9929158], [119.9707698, 32.0014526], [119.9701211, 32.0019774], [119.9394232, 32.029764], [119.938843, 32.0303526], [119.9383449, 32.0309932], [119.9379351, 32.0316776], [119.92255, 32.0614276], [119.9221783, 32.062306], [119.9081192, 32.1044323], [119.9041012, 32.115784], [119.8930743, 32.1469298], [119.8928805, 32.1475984], [119.8859741, 32.1780018], [119.878782, 32.2090128], [119.8758914, 32.2203398], [119.8723895, 32.23406], [119.8657082, 32.2496745], [119.8594312, 32.2615397], [119.8558438, 32.266538], [119.8492393, 32.2715027], [119.8490206, 32.2716734], [119.8473518, 32.2730252], [119.8469194, 32.2734038], [119.8465229, 32.2738099], [119.8329557, 32.2888594], [119.8206869, 32.2998888], [119.8147931, 32.3042104], [119.8112677, 32.3063472], [119.8071091, 32.3082301], [119.8002419, 32.3109473], [119.7921218, 32.313354], [119.7751147, 32.3161026], [119.7744504, 32.3162352], [119.7738019, 32.3164155], [119.7705348, 32.3174575], [119.7534868, 32.3161442], [119.7416598, 32.3090747], [119.7204277, 32.2916812], [119.7148255, 32.2844423], [119.7109227, 32.2793988], [119.6948358, 32.2506335], [119.6947167, 32.2503463], [119.6850401, 32.2270124], [119.6847106, 32.2263367], [119.6842975, 32.225695], [119.6715946, 32.2082679], [119.6711966, 32.2077724], [119.6707487, 32.2073086], [119.6702543, 32.2068803], [119.6697173, 32.2064909], [119.6691419, 32.2061432], [119.6505944, 32.1959565], [119.6496373, 32.1955067], [119.6291237, 32.187372], [119.6280498, 32.1870238], [119.6206684, 32.1851353], [119.6206204, 32.1851232], [119.6130673, 32.1832346], [119.6120776, 32.1830442], [119.6046103, 32.1820273], [119.6037127, 32.181949], [119.5963358, 32.1816619], [119.5870704, 32.1811224], [119.5863341, 32.1811085], [119.5855994, 32.1811523], [119.5795378, 32.1817538], [119.571803, 32.1822518], [119.5724058, 32.1890152], [119.569081, 32.1828491], [119.5534169, 32.1889505], [119.5527103, 32.1892629], [119.5520439, 32.1896335], [119.5514243, 32.1900588], [119.549413, 32.1915863], [119.548077, 32.192601], [119.5474727, 32.1931117], [119.546936, 32.1936743], [119.546473, 32.1942823], [119.5448118, 32.1967422], [119.5440696, 32.1978411], [119.5437503, 32.1983657], [119.5434859, 32.1989118], [119.5432783, 32.1994755], [119.5431292, 32.2000524], [119.5420563, 32.2052815], [119.5419518, 32.2060439], [119.5419492, 32.2068116], [119.5422053, 32.2108522], [119.5427889, 32.2200601], [119.5426669, 32.2231814], [119.5422857, 32.2241614], [119.5401478, 32.2267313], [119.5303322, 32.2347629], [119.5203863, 32.2420717], [119.5193737, 32.242651], [119.5149489, 32.2451826], [119.5148832, 32.2452206], [119.5037577, 32.2517236], [119.4959292, 32.2548258], [119.4839265, 32.2581084], [119.4730522, 32.2597252], [119.4665724, 32.2602636], [119.4588655, 32.2598421], [119.4493717, 32.2587627], [119.4418124, 32.2571483], [119.4345376, 32.2550249], [119.4241626, 32.2495245], [119.417243, 32.2458285], [119.4169001, 32.2456553], [119.4123003, 32.243463], [119.4092587, 32.2415211], [119.4080566, 32.2401577], [119.4018844, 32.2331372], [119.3911988, 32.2201519], [119.3907681, 32.219675], [119.3902894, 32.2192324], [119.3897665, 32.2188276], [119.3729437, 32.2069188], [119.3722335, 32.2064703], [119.3606812, 32.1999875], [119.3603705, 32.1998217], [119.3532036, 32.1961904], [119.3522237, 32.1957687], [119.3402933, 32.1914836], [119.3397641, 32.1913121], [119.3318913, 32.1890288], [119.3311464, 32.1888465], [119.3303843, 32.1887266], [119.3036754, 32.1856544], [119.3029539, 32.1855996], [119.3022295, 32.1856006], [119.3015082, 32.1856575], [119.300796, 32.1857697], [119.2743602, 32.1909993], [119.2736861, 32.1911594], [119.2730311, 32.1913692], [119.2724002, 32.1916269], [119.2717983, 32.1919306], [119.2681381, 32.1939671], [119.2470077, 32.2057234], [119.232846, 32.2122714], [119.2182955, 32.2189988], [119.2045193, 32.2232441], [119.2042314, 32.2233382], [119.1799783, 32.2317269], [119.167314, 32.2353088], [119.1556278, 32.2373635], [119.1474382, 32.2385347], [119.1360795, 32.2395827], [119.1209068, 32.2397345], [119.089457, 32.2368094], [119.0786102, 32.2318351], [119.0714506, 32.243113], [119.0715301, 32.243237], [119.0718386, 32.2437247], [119.0719646, 32.2440174], [119.0719886, 32.2442127], [119.0788983, 32.2473815], [119.0790993, 32.2473249], [119.079228, 32.2472455], [119.0794829, 32.2469619], [119.0804914, 32.2473862], [119.081583, 32.2477287], [119.0801633, 32.2479617], [119.0809999, 32.2483453], [119.081247, 32.2482846], [119.0813587, 32.2482776], [119.0815615, 32.2482969], [119.082247, 32.2489172], [119.0832498, 32.2493771], [119.0839437, 32.2496595], [119.0846665, 32.2498838], [119.0854113, 32.2500479], [119.0861712, 32.2501503], [119.1196502, 32.2532641], [119.1206122, 32.2533039], [119.1366521, 32.2531435], [119.1374195, 32.2531044], [119.1493931, 32.2519996], [119.1498559, 32.2519452], [119.1584228, 32.2507201], [119.1570987, 32.2440313], [119.1587154, 32.2506735], [119.1710061, 32.2485125], [119.1719092, 32.2483061], [119.185265, 32.2445286], [119.1857533, 32.2443753], [119.2101047, 32.2359526], [119.2243011, 32.2315778], [119.224857, 32.2313861], [119.2253944, 32.2311595], [119.2404731, 32.2241879], [119.2366596, 32.2182296], [119.2404733, 32.2241878], [119.2549204, 32.2175078], [119.2554775, 32.2172246], [119.2768798, 32.2053171], [119.2793565, 32.2039391], [119.302987, 32.1992644], [119.3274729, 32.2020809], [119.3343414, 32.204073], [119.3455036, 32.2080822], [119.3520401, 32.211394], [119.3630695, 32.2175834], [119.3787315, 32.2286705], [119.3885419, 32.2405922], [119.3886144, 32.2404533], [119.3890822, 32.2400201], [119.3894801, 32.2406271], [119.3902838, 32.2420029], [119.3906003, 32.2423931], [119.3909651, 32.2429648], [119.3914962, 32.2436953], [119.3921131, 32.2445573], [119.3927461, 32.2453808], [119.3929036, 32.2455851], [119.3945935, 32.2475072], [119.3946075, 32.24752], [119.3950582, 32.2478739], [119.3954229, 32.2481756], [119.3959245, 32.2486656], [119.3964395, 32.2491828], [119.397271, 32.249945], [119.3978423, 32.2505234], [119.3979727, 32.2508907], [119.3978391, 32.2510862], [119.3980964, 32.2513051], [119.398366, 32.2510943], [119.3985403, 32.2512778], [119.3983597, 32.2515029], [119.3987623, 32.2517862], [119.3988346, 32.2518324], [119.3988621, 32.2518174], [119.3989983, 32.2518096], [119.3991482, 32.2520326], [119.4031396, 32.2545809], [119.4040293, 32.2550739], [119.4089193, 32.2574045], [119.4156813, 32.2610163], [119.415704, 32.2610284], [119.4268619, 32.2669439], [119.4276556, 32.2673133], [119.4284935, 32.2676039], [119.4369479, 32.2700716], [119.437595, 32.2702349], [119.4459205, 32.272013], [119.4468073, 32.2721576], [119.4570212, 32.2733188], [119.4575668, 32.2733647], [119.4661928, 32.2738365], [119.4667053, 32.2670677], [119.4674818, 32.2738183], [119.4749061, 32.2732014], [119.4755047, 32.2731321], [119.4872206, 32.2713902], [119.48829, 32.2711656], [119.5012934, 32.2676093], [119.5022211, 32.2673001], [119.5111045, 32.2637799], [119.5116932, 32.2635208], [119.5122544, 32.2632211], [119.5238947, 32.2564172], [119.5282863, 32.2539046], [119.5296981, 32.2530969], [119.5304613, 32.252601], [119.5409327, 32.244906], [119.541248, 32.2446615], [119.5517622, 32.2360583], [119.5522799, 32.2355927], [119.5527435, 32.2350877], [119.5560051, 32.231167], [119.5564274, 32.2306022], [119.5567822, 32.2300048], [119.5570659, 32.2293806], [119.5581817, 32.2265125], [119.5583859, 32.2258895], [119.5585193, 32.2252528], [119.5585808, 32.2246082], [119.5587524, 32.2202152], [119.5587453, 32.2196253], [119.5581431, 32.2101226], [119.5579358, 32.2068521], [119.5586115, 32.2035588], [119.5586544, 32.2034952], [119.5596735, 32.2019861], [119.5600477, 32.2017019], [119.5611612, 32.2008563], [119.5744325, 32.1956869], [119.580905, 32.1952702], [119.5812277, 32.1952438], [119.5867165, 32.1946991], [119.595335, 32.195201]]]}, "properties": {"id": null, "name": "长江", "kind": "", "category": "water", "hours": "全天"}}, {"type": "Feature", "geometry": {"type": "Polygon", "coordinates": [[[118.7577777, 32.3436824], [118.7578778, 32.3436836], [118.7579777, 32.3436768], [118.7580763, 32.343662], [118.7581729, 32.3436394], [118.7582665, 32.3436092], [118.7583564, 32.3435716], [118.7584417, 32.3435271], [118.7585218, 32.3434759], [118.7693102, 32.335873], [118.7693887, 32.3358118], [118.7694596, 32.3357442], [118.7695222, 32.3356709], [118.7695759, 32.3355927], [118.7696201, 32.3355103], [118.7703943, 32.3338518], [118.7704272, 32.3337701], [118.7704508, 32.3336862], [118.7704648, 32.3336006], [118.7704692, 32.3335144], [118.770464, 32.3334282], [118.770449, 32.3333428], [118.7704246, 32.333259], [118.7686855, 32.3283211], [118.7685039, 32.3265331], [118.7693573, 32.3259384], [118.7705194, 32.3262176], [118.7799303, 32.3313948], [118.7800156, 32.3314371], [118.7801051, 32.3314725], [118.7801981, 32.3315006], [118.7840129, 32.3324896], [118.7841146, 32.3325114], [118.7842185, 32.3325246], [118.7843233, 32.332529], [118.7893014, 32.332529], [118.7894021, 32.3325249], [118.7895018, 32.3325128], [118.7895998, 32.3324927], [118.789695, 32.3324648], [118.7897868, 32.3324294], [118.7898742, 32.3323868], [118.7899564, 32.3323373], [118.7923597, 32.3307417], [118.7924481, 32.330676], [118.7925275, 32.3306025], [118.7925968, 32.3305219], [118.7926553, 32.3304354], [118.7933352, 32.3292864], [118.7958443, 32.3253287], [118.798082, 32.3231856], [118.7994827, 32.3230035], [118.8003905, 32.3236001], [118.8006278, 32.3243064], [118.8008135, 32.3250665], [118.8009481, 32.3256179], [118.8009152, 32.3264636], [118.8006312, 32.3272687], [118.7998619, 32.3285162], [118.7991853, 32.3292265], [118.7985971, 32.3295132], [118.798539, 32.3295436], [118.7978526, 32.3299298], [118.7977621, 32.3299868], [118.7976792, 32.3300516], [118.7976048, 32.3301235], [118.7975398, 32.3302017], [118.7974849, 32.3302853], [118.7970054, 32.3311153], [118.796963, 32.331199], [118.7969308, 32.3312859], [118.7964479, 32.3328612], [118.7964239, 32.3329635], [118.7961936, 32.3343586], [118.7961833, 32.3344879], [118.7961892, 32.3357318], [118.7961965, 32.335834], [118.7962173, 32.3359348], [118.7962514, 32.336033], [118.796755, 32.3372289], [118.7968047, 32.3373278], [118.7968678, 32.3374211], [118.797803, 32.3386295], [118.7978678, 32.3387045], [118.7979413, 32.3387734], [118.7988671, 32.3395567], [118.7989724, 32.3396348], [118.8003748, 32.3405441], [118.8004555, 32.3405916], [118.800541, 32.3406326], [118.8006305, 32.3406666], [118.8023406, 32.3412386], [118.8024165, 32.3412612], [118.8024941, 32.3412789], [118.8039022, 32.3415513], [118.8049339, 32.3417627], [118.8057995, 32.3422284], [118.8077857, 32.3438268], [118.8095648, 32.3453132], [118.8096393, 32.3453698], [118.8097197, 32.3454202], [118.8110612, 32.3461818], [118.8111305, 32.346218], [118.8112028, 32.3462496], [118.8129548, 32.3469434], [118.8130739, 32.3469833], [118.8131977, 32.3470108], [118.8159336, 32.3474709], [118.8159914, 32.3474792], [118.8179207, 32.3477107], [118.8180115, 32.3477182], [118.8181027, 32.3477191], [118.8207738, 32.347648], [118.82084, 32.3476445], [118.8236046, 32.3474237], [118.8236889, 32.3474141], [118.823772, 32.3473988], [118.8248985, 32.3471507], [118.824974, 32.3471315], [118.8268877, 32.3465787], [118.8269874, 32.346545], [118.8270825, 32.346503], [118.8300691, 32.3450183], [118.8301277, 32.344987], [118.8327916, 32.3434569], [118.8359473, 32.3418673], [118.8413547, 32.3400611], [118.843249, 32.3394283], [118.8433285, 32.3393985], [118.8434049, 32.3393633], [118.8459798, 32.338058], [118.8460622, 32.3380117], [118.8461393, 32.337959], [118.8476843, 32.3367987], [118.8477549, 32.3367405], [118.847819, 32.3366769], [118.8478758, 32.3366086], [118.847925, 32.3365361], [118.8479661, 32.3364601], [118.8479988, 32.3363812], [118.8480227, 32.3363], [118.8480377, 32.3362173], [118.8481885, 32.3350207], [118.8481945, 32.3349331], [118.8481905, 32.3348454], [118.8480337, 32.3333256], [118.8480208, 32.3332438], [118.8479992, 32.3331634], [118.8479691, 32.3330849], [118.8479306, 32.3330092], [118.8478843, 32.3329367], [118.8478303, 32.3328681], [118.8477692, 32.332804], [118.8470573, 32.3321229], [118.8464487, 32.3315406], [118.8464179, 32.3315124], [118.841133, 32.3268696], [118.8411328, 32.3268531], [118.8411162, 32.3253414], [118.8414936, 32.324114], [118.8415681, 32.3239817], [118.8444476, 32.3211764], [118.8447585, 32.3208735], [118.8448266, 32.3207998], [118.8448853, 32.3207206], [118.8449341, 32.3206366], [118.8453083, 32.3198976], [118.8461231, 32.3183354], [118.8461616, 32.31825], [118.8461899, 32.3181618], [118.8462075, 32.3180716], [118.8462143, 32.3179803], [118.846252, 32.3154311], [118.8463266, 32.3135217], [118.8463249, 32.313433], [118.846313, 32.3133449], [118.8462911, 32.3132582], [118.8462592, 32.3131737], [118.8462178, 32.3130923], [118.8461671, 32.3130147], [118.8461078, 32.3129418], [118.8460404, 32.3128741], [118.8459654, 32.3128123], [118.8458838, 32.3127571], [118.8398695, 32.3090862], [118.8388922, 32.3077881], [118.8388223, 32.3074534], [118.8398575, 32.3053856], [118.8405286, 32.304819], [118.8435847, 32.3024017], [118.8436498, 32.3023456], [118.8437089, 32.3022848], [118.8437615, 32.3022199], [118.8438073, 32.3021513], [118.8451266, 32.2999576], [118.8451749, 32.2998647], [118.8459658, 32.2980798], [118.8473753, 32.2954044], [118.8487323, 32.2940279], [118.8503992, 32.2938362], [118.8530391, 32.2948993], [118.8531578, 32.2949398], [118.8532814, 32.294968], [118.8547487, 32.2952232], [118.8548577, 32.2952372], [118.8549678, 32.2952416], [118.8562757, 32.2952355], [118.856378, 32.2952308], [118.8564792, 32.2952178], [118.8565786, 32.2951966], [118.856675, 32.2951674], [118.8576057, 32.2948417], [118.8576972, 32.2948052], [118.8577843, 32.2947616], [118.857866, 32.2947111], [118.8586824, 32.294155], [118.8587571, 32.2940991], [118.8588253, 32.2940374], [118.8588864, 32.2939707], [118.85894, 32.2938993], [118.8589854, 32.2938241], [118.8590224, 32.2937455], [118.8593216, 32.2930119], [118.8593506, 32.2929277], [118.8593699, 32.2928415], [118.8593793, 32.2927541], [118.8593787, 32.2926664], [118.8593302, 32.2919119], [118.8593211, 32.2918333], [118.8593039, 32.2917556], [118.8590553, 32.2908503], [118.8590256, 32.2907625], [118.8589856, 32.2906776], [118.8589357, 32.2905966], [118.8588765, 32.2905203], [118.8588085, 32.2904495], [118.8522184, 32.2842519], [118.8469094, 32.2786723], [118.8456221, 32.2749991], [118.8454244, 32.2735964], [118.8464589, 32.2730957], [118.8480636, 32.2734094], [118.8507615, 32.2743852], [118.8570291, 32.2779658], [118.8571213, 32.2780129], [118.8572186, 32.2780518], [118.8573201, 32.2780822], [118.8574246, 32.2781038], [118.8610295, 32.2786843], [118.8611301, 32.2786963], [118.8612315, 32.2787001], [118.8613329, 32.2786956], [118.8614333, 32.278683], [118.8615319, 32.2786623], [118.8632485, 32.2782269], [118.8633501, 32.2781963], [118.8634475, 32.2781571], [118.8635398, 32.2781097], [118.8636259, 32.2780547], [118.8637051, 32.2779925], [118.8637764, 32.2779238], [118.8638392, 32.2778494], [118.8638929, 32.2777699], [118.8639368, 32.2776862], [118.8639705, 32.2775992], [118.8639936, 32.2775097], [118.8643369, 32.2757681], [118.8643496, 32.2756736], [118.8643505, 32.2755784], [118.8643396, 32.2754837], [118.8643171, 32.2753904], [118.8642832, 32.2752997], [118.8642382, 32.2752126], [118.8630366, 32.2731806], [118.8629899, 32.2731097], [118.862936, 32.2730427], [118.8628751, 32.2729801], [118.8628079, 32.2729224], [118.8558309, 32.2674445], [118.8552999, 32.2656483], [118.8561483, 32.2636156], [118.8581214, 32.2618187], [118.861957, 32.2599267], [118.8638357, 32.2595916], [118.86827, 32.2589525], [118.8683439, 32.2589396], [118.8753839, 32.2574823], [118.8754606, 32.2574638], [118.8755355, 32.2574405], [118.8784538, 32.2564244], [118.8785483, 32.2563867], [118.8786381, 32.2563414], [118.8787222, 32.2562888], [118.8806105, 32.2549822], [118.8806885, 32.2549226], [118.8807592, 32.2548568], [118.8808219, 32.2547853], [118.880876, 32.254709], [118.880921, 32.2546284], [118.8809565, 32.2545446], [118.8809821, 32.2544581], [118.8809976, 32.2543699], [118.8810028, 32.2542809], [118.8810028, 32.2525388], [118.8810017, 32.2524985], [118.8807855, 32.2483752], [118.8810142, 32.2478733], [118.8819327, 32.245857], [118.8910336, 32.2369562], [118.8959887, 32.2321096], [118.8979233, 32.2305256], [118.898102, 32.2304761], [118.9006809, 32.2302212], [118.9030388, 32.2305637], [118.9035678, 32.2312321], [118.9046905, 32.2329679], [118.9048118, 32.2350395], [118.9037835, 32.2388803], [118.9037646, 32.2389727], [118.9031211, 32.2435063], [118.9031147, 32.24357], [118.9029316, 32.2467196], [118.9029311, 32.2467975], [118.9029384, 32.2468752], [118.9029536, 32.2469521], [118.9029765, 32.2470276], [118.9034359, 32.2483102], [118.9034721, 32.2483957], [118.9035183, 32.2484777], [118.9035739, 32.2485553], [118.9036384, 32.2486278], [118.9037111, 32.2486944], [118.9037913, 32.2487545], [118.9038782, 32.2488074], [118.903971, 32.2488527], [118.9040686, 32.2488898], [118.9053752, 32.2493211], [118.905472, 32.2493486], [118.9055714, 32.2493681], [118.9056726, 32.2493794], [118.9125171, 32.2498611], [118.9126156, 32.2498641], [118.912714, 32.2498594], [118.9142273, 32.2497268], [118.914246, 32.249725], [118.9153058, 32.249616], [118.9153944, 32.2496037], [118.9154815, 32.249585], [118.9167999, 32.2492515], [118.9309421, 32.2502475], [118.9310638, 32.2502501], [118.931185, 32.2502409], [118.9313041, 32.25022], [118.9352061, 32.2493358], [118.9418798, 32.2493781], [118.9491629, 32.2496645], [118.9510236, 32.2499727], [118.9527504, 32.2505048], [118.9577166, 32.2530098], [118.9578191, 32.2530553], [118.9608655, 32.2542331], [118.961008, 32.2542781], [118.9738827, 32.2574718], [118.9739437, 32.2574852], [118.9794271, 32.2585503], [118.9795345, 32.2585663], [118.9796432, 32.2585729], [118.9797521, 32.25857], [118.9845683, 32.2582308], [118.9846746, 32.2582187], [118.9847789, 32.2581976], [118.9848801, 32.2581676], [118.9871437, 32.2573877], [118.987175, 32.2573764], [118.9881007, 32.2570278], [118.9977032, 32.2536853], [119.0072421, 32.2513804], [119.011905, 32.2503945], [119.0151613, 32.2503945], [119.0180686, 32.2514522], [119.0253416, 32.2556797], [119.0254624, 32.2557404], [119.0276025, 32.2566595], [119.0277123, 32.2567002], [119.0278268, 32.2567302], [119.0301837, 32.2572259], [119.0302855, 32.2572429], [119.0303887, 32.2572514], [119.0327459, 32.2573467], [119.0328504, 32.2573465], [119.0329544, 32.2573377], [119.0330568, 32.2573202], [119.0331567, 32.2572943], [119.0354807, 32.2565836], [119.0355467, 32.2565612], [119.0468764, 32.2523512], [119.0469859, 32.252304], [119.0470882, 32.2522464], [119.0506109, 32.2500035], [119.0506957, 32.2499434], [119.0507727, 32.2498762], [119.0508412, 32.2498025], [119.0545348, 32.2453712], [119.0545839, 32.2453239], [119.0546394, 32.2453131], [119.0558624, 32.2453131], [119.0657952, 32.2486172], [119.0659264, 32.2486527], [119.0681923, 32.2491313], [119.068292, 32.2491481], [119.0704571, 32.2494224], [119.0705077, 32.2494278], [119.071367, 32.2495011], [119.0714592, 32.2495055], [119.0730436, 32.2495233], [119.0731505, 32.2495199], [119.0751151, 32.2493737], [119.075207, 32.2493634], [119.0766608, 32.2491456], [119.0767261, 32.2491341], [119.0780511, 32.2488619], [119.078114, 32.2488472], [119.0791487, 32.2485766], [119.0807299, 32.2482676], [119.0808309, 32.2482433], [119.0809285, 32.2482107], [119.0810219, 32.2481701], [119.0811102, 32.2481219], [119.0876581, 32.2441435], [119.0864205, 32.2426721], [119.0800456, 32.2465454], [119.0786342, 32.2468212], [119.0785598, 32.2468382], [119.0775194, 32.2471103], [119.0762585, 32.2473693], [119.0748833, 32.2475753], [119.0730182, 32.2477141], [119.0715336, 32.2476974], [119.0713849, 32.2476847], [119.0712582, 32.2478923], [119.0710774, 32.2481715], [119.0716119, 32.2481914], [119.0720127, 32.2482845], [119.073498, 32.2482645], [119.0757772, 32.248105], [119.0760899, 32.248069], [119.0767443, 32.2479465], [119.0775007, 32.2477559], [119.0786487, 32.2474519], [119.0790993, 32.2473249], [119.079228, 32.2472455], [119.0794829, 32.2469619], [119.0804914, 32.2473862], [119.081583, 32.2477287], [119.0790466, 32.2481449], [119.0761381, 32.2487631], [119.0754622, 32.2488743], [119.0749633, 32.2489196], [119.0741909, 32.2489446], [119.0725654, 32.2490898], [119.0718734, 32.2491306], [119.0711325, 32.249102], [119.0681067, 32.2485902], [119.0661281, 32.2481824], [119.0629904, 32.2472143], [119.0585972, 32.2457321], [119.0588722, 32.2449943], [119.0631083, 32.2464699], [119.0660319, 32.2473805], [119.0684289, 32.247899], [119.0697178, 32.2480452], [119.0702758, 32.2479521], [119.0706825, 32.247824], [119.0708394, 32.2476382], [119.0707456, 32.2476302], [119.0686561, 32.2473655], [119.0665066, 32.2469115], [119.056451, 32.2435665], [119.056357, 32.2435395], [119.0562605, 32.24352], [119.0561623, 32.2435083], [119.0560632, 32.2435043], [119.0545183, 32.2435043], [119.054398, 32.2435101], [119.0542793, 32.2435274], [119.0537735, 32.2436265], [119.0536677, 32.2436522], [119.0535657, 32.243687], [119.0534684, 32.2437306], [119.0533769, 32.2437825], [119.0532922, 32.2438421], [119.0532152, 32.2439089], [119.0529023, 32.2442098], [119.0528313, 32.2442859], [119.0492012, 32.248641], [119.045911, 32.250736], [119.0347268, 32.2548919], [119.0326355, 32.2555314], [119.0305938, 32.2554489], [119.0284548, 32.254999], [119.0264849, 32.254153], [119.0191839, 32.2499092], [119.0190953, 32.249863], [119.0190019, 32.2498243], [119.0157982, 32.2486587], [119.0156974, 32.248627], [119.0155932, 32.2486042], [119.0154869, 32.2485903], [119.0153795, 32.2485857], [119.0117746, 32.2485857], [119.0116452, 32.2485924], [119.0115177, 32.2486125], [119.0067112, 32.2496288], [119.0066771, 32.2496365], [118.997064, 32.2519593], [118.9969517, 32.2519923], [118.9872802, 32.2553589], [118.9872525, 32.255369], [118.9863285, 32.2557169], [118.9842309, 32.2564396], [118.9797406, 32.2567558], [118.9744486, 32.2557279], [118.9616773, 32.2525599], [118.958753, 32.2514293], [118.9537504, 32.2489059], [118.9536622, 32.248866], [118.95357, 32.2488334], [118.9516711, 32.2482483], [118.9515923, 32.2482269], [118.9515119, 32.2482108], [118.9494934, 32.2478765], [118.9493391, 32.2478608], [118.9419576, 32.2475705], [118.9419163, 32.2475696], [118.9350785, 32.2475262], [118.9349836, 32.2475292], [118.9348893, 32.2475394], [118.9347965, 32.2475567], [118.9309341, 32.248432], [118.9167762, 32.2474349], [118.9166773, 32.2474319], [118.9165786, 32.2474366], [118.9164808, 32.2474492], [118.9163848, 32.2474694], [118.9149608, 32.2478296], [118.9139997, 32.2479284], [118.9125942, 32.2480516], [118.9060019, 32.2475876], [118.9053211, 32.2473629], [118.9050663, 32.2466515], [118.9052384, 32.2436912], [118.9058708, 32.2392359], [118.9069193, 32.2353195], [118.9069365, 32.2352384], [118.9069449, 32.2351563], [118.9069445, 32.2350739], [118.9068038, 32.2326699], [118.9067947, 32.2325883], [118.9067769, 32.2325078], [118.9067506, 32.232429], [118.9067161, 32.2323526], [118.9066735, 32.2322791], [118.9054097, 32.2303253], [118.9053602, 32.2302563], [118.9045503, 32.2292328], [118.9044858, 32.2291596], [118.904413, 32.2290923], [118.9043325, 32.2290316], [118.9042452, 32.2289781], [118.904152, 32.2289323], [118.9040538, 32.2288949], [118.9039517, 32.228866], [118.9038466, 32.2288461], [118.9008889, 32.2284165], [118.9007886, 32.228406], [118.9006876, 32.2284037], [118.9005868, 32.2284096], [118.8977503, 32.2286899], [118.8976455, 32.2287048], [118.897543, 32.2287285], [118.8970308, 32.2288706], [118.896941, 32.2288994], [118.8968546, 32.2289349], [118.8967723, 32.2289769], [118.8966949, 32.2290251], [118.8966228, 32.229079], [118.8944783, 32.2308348], [118.8944133, 32.2308929], [118.8894272, 32.2357698], [118.8802044, 32.2447899], [118.8801471, 32.2448511], [118.8800963, 32.2449162], [118.8800522, 32.2449849], [118.8800153, 32.2450566], [118.8790296, 32.2472203], [118.8787203, 32.2478993], [118.8786859, 32.2479881], [118.8786626, 32.2480795], [118.8786504, 32.2481725], [118.8786496, 32.2482661], [118.8788746, 32.2525589], [118.8788746, 32.253851], [118.877501, 32.2548015], [118.8748027, 32.255741], [118.867877, 32.2571746], [118.8634595, 32.2578113], [118.8634189, 32.2578178], [118.8613524, 32.2581864], [118.8612431, 32.2582111], [118.8611375, 32.2582456], [118.8610368, 32.2582893], [118.8569169, 32.2603215], [118.8568294, 32.2603697], [118.8567479, 32.2604249], [118.8566731, 32.2604866], [118.8544415, 32.2625189], [118.8543713, 32.2625898], [118.85431, 32.2626665], [118.8542582, 32.262748], [118.8542166, 32.2628336], [118.8531867, 32.2653012], [118.8531567, 32.265386], [118.8531366, 32.2654727], [118.8531266, 32.2655608], [118.8531268, 32.2656492], [118.8531371, 32.2657373], [118.8531575, 32.265824], [118.8538441, 32.2681465], [118.8538739, 32.2682299], [118.853913, 32.2683106], [118.853961, 32.2683876], [118.8540176, 32.2684604], [118.8540822, 32.2685282], [118.8541541, 32.2685904], [118.8612219, 32.2741396], [118.8621806, 32.2757608], [118.8620044, 32.2766549], [118.8611714, 32.2768662], [118.8580352, 32.2763612], [118.8518648, 32.2728361], [118.8517786, 32.2727918], [118.8516878, 32.2727545], [118.8488103, 32.2717138], [118.8487226, 32.2716859], [118.8486322, 32.2716646], [118.8465315, 32.2712539], [118.8464342, 32.2712389], [118.8463357, 32.2712317], [118.8462368, 32.2712322], [118.8461384, 32.2712405], [118.8460414, 32.2712566], [118.8459465, 32.2712802], [118.8458546, 32.2713113], [118.8457665, 32.2713494], [118.8437574, 32.2723218], [118.8436697, 32.2723692], [118.8435879, 32.2724237], [118.8435127, 32.2724846], [118.8434448, 32.2725515], [118.843385, 32.2726237], [118.8433338, 32.2727006], [118.8432916, 32.2727813], [118.8432588, 32.2728651], [118.8432359, 32.2729512], [118.8432229, 32.2730389], [118.8432201, 32.2731272], [118.8432274, 32.2732153], [118.8435199, 32.2752909], [118.8435345, 32.2753668], [118.8435566, 32.2754415], [118.8449299, 32.2793601], [118.8449644, 32.2794433], [118.8450082, 32.2795233], [118.8450611, 32.2795993], [118.8451223, 32.2796706], [118.850582, 32.2854086], [118.85062, 32.2854463], [118.8570454, 32.291489], [118.8572103, 32.2920896], [118.8572423, 32.2925875], [118.8571121, 32.2929067], [118.8566543, 32.2932185], [118.8560566, 32.2934277], [118.8550669, 32.2934323], [118.853834, 32.2932179], [118.851025, 32.2920867], [118.8509306, 32.2920533], [118.8508328, 32.2920278], [118.8507326, 32.2920103], [118.8506309, 32.2920011], [118.8505286, 32.2920003], [118.8504267, 32.2920078], [118.8480386, 32.2922825], [118.847942, 32.2922975], [118.8478474, 32.29232], [118.8477556, 32.2923499], [118.8476675, 32.2923868], [118.8475837, 32.2924304], [118.8475051, 32.2924804], [118.8474322, 32.2925364], [118.8473657, 32.2925979], [118.8456491, 32.2943392], [118.8455897, 32.2944054], [118.8455377, 32.294476], [118.8454936, 32.2945504], [118.8440103, 32.2973657], [118.8439856, 32.2974166], [118.8432044, 32.2991797], [118.8419977, 32.3011862], [118.8390661, 32.303505], [118.8390411, 32.3035254], [118.83821, 32.3042271], [118.8381407, 32.3042916], [118.838079, 32.3043614], [118.8380255, 32.304436], [118.8379808, 32.3045146], [118.8367403, 32.3069926], [118.8367048, 32.3070743], [118.8366786, 32.3071585], [118.8366622, 32.3072444], [118.8366555, 32.3073313], [118.8366587, 32.3074183], [118.8366717, 32.3075047], [118.8368339, 32.3082817], [118.8368572, 32.3083684], [118.8368905, 32.3084528], [118.8369333, 32.3085339], [118.8369853, 32.3086111], [118.8381869, 32.3102071], [118.8382452, 32.310277], [118.8383109, 32.3103418], [118.8383836, 32.3104011], [118.8384625, 32.3104543], [118.8441808, 32.3139445], [118.8441247, 32.3153804], [118.8441242, 32.315399], [118.8440891, 32.317772], [118.8433604, 32.3191691], [118.8433558, 32.319178], [118.8430453, 32.3197913], [118.842844, 32.3199874], [118.8398693, 32.3228855], [118.8398095, 32.3229493], [118.8397568, 32.3230174], [118.8397115, 32.3230893], [118.8395303, 32.3234108], [118.8394908, 32.3234904], [118.8394604, 32.3235728], [118.8390214, 32.3250006], [118.8390017, 32.3250787], [118.8389902, 32.3251579], [118.8389869, 32.3252377], [118.8390048, 32.3268698], [118.8390089, 32.3272473], [118.8390146, 32.3273331], [118.8390299, 32.3274179], [118.8390545, 32.3275012], [118.8390884, 32.327582], [118.8391311, 32.3276598], [118.8391823, 32.3277338], [118.8392415, 32.3278034], [118.8393082, 32.3278678], [118.8448727, 32.3327562], [118.8454663, 32.3333241], [118.8459445, 32.3337816], [118.8460615, 32.3349157], [118.8459657, 32.3356757], [118.8448045, 32.3365478], [118.8423895, 32.337772], [118.8405763, 32.3383777], [118.8350892, 32.3402105], [118.835011, 32.3402397], [118.8349359, 32.3402742], [118.8316794, 32.3419146], [118.8316261, 32.3419433], [118.8289648, 32.3434719], [118.826101, 32.3448956], [118.8243265, 32.3454081], [118.8233207, 32.3456297], [118.820674, 32.3458411], [118.8181275, 32.3459088], [118.8163179, 32.3456917], [118.813737, 32.3452577], [118.8121755, 32.3446393], [118.8109851, 32.3439635], [118.8092704, 32.3425309], [118.8092561, 32.3425192], [118.8071876, 32.3408545], [118.8071094, 32.3407974], [118.807025, 32.340747], [118.8059233, 32.3401544], [118.8058219, 32.3401062], [118.805715, 32.3400678], [118.8056037, 32.3400394], [118.8043944, 32.3397916], [118.8043812, 32.339789], [118.803045, 32.3395305], [118.8015478, 32.3390297], [118.8003189, 32.3382329], [118.7995206, 32.3375575], [118.7987157, 32.3365175], [118.7983165, 32.3355695], [118.7983117, 32.3345456], [118.7985228, 32.3332666], [118.7989631, 32.3318304], [118.799268, 32.3313026], [118.7996853, 32.3310678], [118.8004165, 32.3307114], [118.8004994, 32.3306666], [118.8005771, 32.3306154], [118.8006489, 32.3305584], [118.8007142, 32.3304959], [118.8015823, 32.3295845], [118.8016444, 32.3295124], [118.8016977, 32.3294354], [118.8025635, 32.3280315], [118.8026065, 32.3279529], [118.8026403, 32.3278713], [118.8029933, 32.3268705], [118.8030158, 32.3267951], [118.8030306, 32.3267183], [118.8030376, 32.3266407], [118.8030793, 32.3255697], [118.8030759, 32.3254623], [118.8030576, 32.325356], [118.8028971, 32.3246989], [118.8027035, 32.3239062], [118.8026848, 32.3238416], [118.8023408, 32.3228179], [118.8023043, 32.3227276], [118.8022567, 32.322641], [118.8021987, 32.3225591], [118.8021308, 32.3224829], [118.8020538, 32.3224133], [118.8019686, 32.3223509], [118.8004237, 32.3213355], [118.8003353, 32.3212832], [118.8002411, 32.3212388], [118.8001421, 32.3212028], [118.8000394, 32.3211754], [118.7999339, 32.321157], [118.7998268, 32.3211477], [118.7997191, 32.3211477], [118.7996119, 32.3211569], [118.7973803, 32.321447], [118.7972771, 32.3214649], [118.7971765, 32.3214914], [118.7970795, 32.3215262], [118.796987, 32.321569], [118.7968999, 32.3216194], [118.7968191, 32.3216768], [118.7967453, 32.3217407], [118.7941704, 32.3242068], [118.7940942, 32.324289], [118.7940296, 32.3243781], [118.7914547, 32.3284396], [118.7914408, 32.3284622], [118.7908614, 32.3294413], [118.7889351, 32.3307202], [118.784482, 32.3307202], [118.7809615, 32.3298075], [118.7715413, 32.3246252], [118.7714495, 32.3245801], [118.771353, 32.3245429], [118.7712525, 32.3245141], [118.7694016, 32.3240694], [118.7693019, 32.3240498], [118.7692005, 32.3240384], [118.7690982, 32.3240354], [118.768996, 32.3240407], [118.7688949, 32.3240544], [118.7687959, 32.3240762], [118.7686997, 32.324106], [118.7686074, 32.3241436], [118.7685197, 32.3241885], [118.7684376, 32.3242403], [118.7667209, 32.3254366], [118.7666443, 32.3254955], [118.7665749, 32.3255603], [118.7665131, 32.3256306], [118.7664597, 32.3257056], [118.766415, 32.3257847], [118.7663796, 32.3258671], [118.7663537, 32.325952], [118.7663376, 32.3260386], [118.7663315, 32.3261262], [118.7663354, 32.3262138], [118.7665747, 32.3285692], [118.7665896, 32.3286609], [118.7666154, 32.3287507], [118.7682799, 32.3334767], [118.7677423, 32.3346283], [118.7574874, 32.3418552], [118.754076, 32.3416779], [118.7539965, 32.3416763], [118.7539171, 32.3416798], [118.7510605, 32.3418951], [118.7512485, 32.3436967], [118.7540257, 32.3434874], [118.7577777, 32.3436824]]]}, "properties": {"id": null, "name": "滁河", "kind": "", "category": "water", "hours": "全天"}}, {"type": "Feature", "geometry": {"type": "MultiPolygon", "coordinates": [[[[119.661091, 32.4864299], [119.6612153, 32.4863961], [119.6612166, 32.4862418], [119.6611306, 32.4861017], [119.6609939, 32.4861354], [119.661091, 32.4864299]]], [[[119.6617333, 32.4901887], [119.661618, 32.4890448], [119.661521, 32.4882017], [119.6614077, 32.4877747], [119.6617333, 32.4901887]]], [[[119.6620176, 32.4925071], [119.6620304, 32.4924909], [119.6620096, 32.4924404], [119.6620176, 32.4925071]]], [[[119.667006, 32.5398913], [119.6667934, 32.5372774], [119.6667581, 32.5368976], [119.6668063, 32.5368366], [119.666799, 32.5367798], [119.6667508, 32.5367513], [119.666681, 32.5361988], [119.6664667, 32.5345307], [119.6665076, 32.5341285], [119.6661123, 32.5308364], [119.6659829, 32.529816], [119.667006, 32.5398913]]], [[[119.6764921, 32.6678263], [119.6765098, 32.6674884], [119.6762974, 32.6649105], [119.6764921, 32.6678263]]], [[[119.6645392, 32.7294052], [119.6645598, 32.729341], [119.6645641, 32.7291196], [119.6645517, 32.7290881], [119.6645392, 32.7294052]]], [[[119.6642586, 32.7365362], [119.664372, 32.7365281], [119.6643828, 32.7361869], [119.6644174, 32.7361197], [119.6644346, 32.7359709], [119.664385, 32.7356696], [119.6643362, 32.7345643], [119.6642586, 32.7365362]]], [[[119.664233, 32.7371866], [119.6642577, 32.7370816], [119.6642385, 32.7370454], [119.664233, 32.7371866]]], [[[119.6641834, 32.7384452], [119.6641852, 32.7384921], [119.6643593, 32.740024], [119.6643699, 32.7399673], [119.6644562, 32.7398566], [119.6645403, 32.7398493], [119.664454, 32.7396424], [119.6645166, 32.7395916], [119.6645188, 32.7395118], [119.6645619, 32.7394718], [119.6645209, 32.7389256], [119.6644648, 32.7389056], [119.6644281, 32.7388475], [119.6644583, 32.7387459], [119.6644087, 32.7385771], [119.6644907, 32.7384356], [119.6644993, 32.7383757], [119.6644648, 32.738323], [119.6642093, 32.7377872], [119.6641834, 32.7384452]]], [[[119.6645685, 32.7418644], [119.6646202, 32.7416823], [119.6646288, 32.7415063], [119.6645425, 32.7412105], [119.6644993, 32.7411306], [119.6644845, 32.7411253], [119.6645685, 32.7418644]]], [[[119.6647725, 32.7436586], [119.6647475, 32.7433239], [119.6647777, 32.7432078], [119.6647388, 32.7429719], [119.6648014, 32.742753], [119.6648316, 32.742606], [119.664823, 32.7424645], [119.6647453, 32.7423084], [119.6646067, 32.7422002], [119.6647725, 32.7436586]]], [[[119.6651903, 32.7473333], [119.6654828, 32.7556993], [119.6650646, 32.761819], [119.6642684, 32.7727427], [119.6635563, 32.7787651], [119.6635549, 32.7787795], [119.6625926, 32.792357], [119.6601716, 32.8010939], [119.6561396, 32.8126015], [119.6561357, 32.8126132], [119.6517423, 32.8268941], [119.6517316, 32.8269419], [119.6492951, 32.8439439], [119.6492947, 32.8439464], [119.6470561, 32.8605503], [119.6443377, 32.8789611], [119.6429618, 32.8835625], [119.6384375, 32.8955205], [119.638434, 32.8955301], [119.6350202, 32.9054995], [119.6330406, 32.9109018], [119.628777, 32.9225365], [119.6138001, 32.9621517], [119.6137908, 32.9621803], [119.5930949, 33.0376866], [119.5930932, 33.0376928], [119.5920623, 33.041778], [119.590958, 33.0438347], [119.589574, 33.0456192], [119.5829632, 33.0536366], [119.5744003, 33.0640311], [119.5732078, 33.0654787], [119.5715759, 33.0669255], [119.5698141, 33.0682217], [119.5674214, 33.068836], [119.5650091, 33.0690186], [119.5610788, 33.0687092], [119.5308958, 33.0628885], [119.5076338, 33.058183], [119.5076225, 33.0581808], [119.4764485, 33.0526358], [119.4764009, 33.0526297], [119.4763529, 33.0526282], [119.4752837, 33.0526462], [119.4114778, 33.0527629], [119.4089323, 33.0527676], [119.4089263, 33.0527676], [119.4028935, 33.0528506], [119.4029073, 33.053574], [119.4089371, 33.053491], [119.4114796, 33.0534863], [119.4752893, 33.0533696], [119.4752968, 33.0533696], [119.4763214, 33.0533524], [119.5074424, 33.058888], [119.5307009, 33.0635928], [119.5307052, 33.0635937], [119.5609176, 33.06942], [119.5609725, 33.0694274], [119.564969, 33.069742], [119.5650075, 33.0697435], [119.5650461, 33.0697421], [119.5675405, 33.0695533], [119.5675835, 33.0695482], [119.5676258, 33.0695393], [119.5701471, 33.068892], [119.5701891, 33.0688791], [119.5702293, 33.0688626], [119.5702673, 33.0688425], [119.5703026, 33.0688192], [119.572148, 33.0674615], [119.5721766, 33.0674383], [119.5738449, 33.0659593], [119.5738666, 33.0659386], [119.5738864, 33.0659165], [119.5750977, 33.0644461], [119.5836603, 33.0540517], [119.5902745, 33.0460302], [119.5902814, 33.0460217], [119.5916869, 33.0442095], [119.5917039, 33.0441856], [119.5917187, 33.0441606], [119.5928559, 33.0420426], [119.5928728, 33.0420061], [119.5928849, 33.0419683], [119.5939248, 33.0378477], [119.6146159, 32.9623589], [119.629588, 32.9227563], [119.6295892, 32.9227532], [119.6338534, 32.911117], [119.6358342, 32.9057114], [119.6358365, 32.9057049], [119.6392497, 32.8957371], [119.6437762, 32.8837732], [119.6437835, 32.8837516], [119.6451692, 32.8791175], [119.645179, 32.8790734], [119.647901, 32.8606384], [119.6479016, 32.8606346], [119.6501403, 32.8440301], [119.6525731, 32.8270535], [119.6569575, 32.8128021], [119.6609909, 32.8012903], [119.6609973, 32.80127], [119.6634296, 32.7924926], [119.6634364, 32.7924622], [119.6634402, 32.7924315], [119.6644041, 32.7788303], [119.6651162, 32.7728082], [119.6651175, 32.7727944], [119.6659143, 32.7618631], [119.6659144, 32.7618617], [119.6663337, 32.7557254], [119.6663342, 32.7556937], [119.6660407, 32.7472998], [119.6660389, 32.7472757], [119.6657073, 32.7443586], [119.6648525, 32.7443619], [119.6651903, 32.7473333]]], [[[119.6655048, 32.7265135], [119.6653732, 32.7282818], [119.6654299, 32.7284171], [119.6655048, 32.7265135]]], [[[119.6658729, 32.7171615], [119.6658731, 32.7171494], [119.6658731, 32.7157918], [119.6658123, 32.715905], [119.6658479, 32.7167661], [119.6657745, 32.7170566], [119.6657055, 32.7190607], [119.6655405, 32.7256061], [119.6658729, 32.7171615]]], [[[119.6658731, 32.7146179], [119.665852, 32.7153248], [119.6658731, 32.7153449], [119.6658731, 32.7146179]]], [[[119.6660387, 32.7070683], [119.6660322, 32.7071146], [119.6660339, 32.7071265], [119.6660387, 32.7070683]]], [[[119.6662247, 32.706192], [119.6662005, 32.706225], [119.6661358, 32.7063811], [119.6661228, 32.7064729], [119.6662247, 32.706192]]], [[[119.677303, 32.675259], [119.6773124, 32.6752277], [119.6773185, 32.6751959], [119.6773213, 32.6751637], [119.6773241, 32.6750749], [119.6772533, 32.6753033], [119.6770439, 32.6759827], [119.677303, 32.675259]]], [[[119.6763143, 32.6523979], [119.6763142, 32.6523959], [119.675676, 32.6436854], [119.6756661, 32.6436853], [119.6768235, 32.6603839], [119.6772317, 32.6669558], [119.677303, 32.6672019], [119.6763143, 32.6523979]]], [[[119.6717616, 32.590941], [119.671761, 32.5910568], [119.6718319, 32.5919311], [119.6717616, 32.590941]]], [[[119.6701646, 32.5678467], [119.670164, 32.567852], [119.670166, 32.567867], [119.6701646, 32.5678467]]], [[[119.6700782, 32.5665502], [119.6700837, 32.5669907], [119.6701129, 32.5670701], [119.6700782, 32.5665502]]], [[[119.669867, 32.5633824], [119.6698226, 32.563408], [119.6698703, 32.5636238], [119.6698835, 32.563629], [119.669867, 32.5633824]]], [[[119.6692465, 32.5540727], [119.669234, 32.554077], [119.6692021, 32.5541309], [119.6692234, 32.5542207], [119.6694771, 32.5583182], [119.6695825, 32.5597447], [119.6697834, 32.5623012], [119.6698061, 32.5624688], [119.6692465, 32.5540727]]], [[[119.6691434, 32.5525273], [119.6691425, 32.5525167], [119.6690606, 32.5517095], [119.6692244, 32.5539521], [119.6692384, 32.5539521], [119.6691434, 32.5525273]]], [[[119.665753, 32.5190448], [119.6657973, 32.5197181], [119.6658484, 32.5199952], [119.665753, 32.5190448]]], [[[119.6649353, 32.5108985], [119.6649011, 32.5105581], [119.6642019, 32.5035921], [119.6642012, 32.5035861], [119.6637847, 32.5001113], [119.6640898, 32.5027742], [119.6641516, 32.5039582], [119.6643163, 32.5048321], [119.6645702, 32.5074999], [119.6647417, 32.5094327], [119.6646731, 32.5096179], [119.6647417, 32.5099362], [119.6648378, 32.5099825], [119.6649685, 32.5117619], [119.6652142, 32.5139644], [119.6654407, 32.5162602], [119.6655263, 32.5167866], [119.6649353, 32.5108985]]], [[[119.6628691, 32.4924727], [119.6628116, 32.4925318], [119.6628359, 32.4927938], [119.6629129, 32.492838], [119.6628691, 32.4924727]]], [[[119.6618061, 32.4859174], [119.6618088, 32.4859595], [119.6616752, 32.4859978], [119.6616934, 32.4861422], [119.6617543, 32.4862823], [119.6619162, 32.4862513], [119.6618061, 32.4859174]]]]}, "properties": {"id": null, "name": "三阳河", "kind": "", "category": "water", "hours": "全天"}}, {"type": "Feature", "geometry": {"type": "MultiPolygon", "coordinates": [[[[119.8406677, 32.3228969], [119.8408077, 32.3239757], [119.8413619, 32.3262276], [119.8424743, 32.328467], [119.8444255, 32.3312495], [119.8487237, 32.3636306], [119.8487253, 32.3636961], [119.8487261, 32.363709], [119.8487371, 32.3638278], [119.8487379, 32.363835], [119.8528328, 32.3952663], [119.8528329, 32.395267], [119.8560329, 32.4191257], [119.856033, 32.4191263], [119.85634, 32.4213655], [119.8566111, 32.4233831], [119.8570373, 32.4265556], [119.8574977, 32.4299824], [119.8574997, 32.4299942], [119.8579708, 32.4323774], [119.8581736, 32.4338287], [119.8584676, 32.4360341], [119.8589274, 32.4403707], [119.8589282, 32.4403775], [119.8591548, 32.4419737], [119.859155, 32.4419752], [119.8595005, 32.4442785], [119.8601795, 32.448777], [119.8621757, 32.4627898], [119.8630216, 32.4693345], [119.8632869, 32.4713799], [119.8632874, 32.4713834], [119.8636444, 32.4737914], [119.8636446, 32.4737928], [119.8653192, 32.4845432], [119.8671454, 32.4994092], [119.8671458, 32.4994123], [119.8683774, 32.508259], [119.8692682, 32.5157918], [119.8697976, 32.5157466], [119.8689065, 32.5082118], [119.868906, 32.5082078], [119.8676744, 32.4993607], [119.865848, 32.4844931], [119.8658471, 32.4844869], [119.8641721, 32.4737341], [119.8638155, 32.4713286], [119.8635504, 32.4692851], [119.8627044, 32.4627392], [119.8627041, 32.4627367], [119.8607076, 32.4487218], [119.8607074, 32.4487202], [119.8600283, 32.4442212], [119.8596829, 32.4419188], [119.8594569, 32.4403267], [119.8589972, 32.4359909], [119.8589966, 32.4359857], [119.8587021, 32.4337771], [119.858702, 32.4337759], [119.8584984, 32.4323186], [119.8584965, 32.4323078], [119.8580255, 32.4299251], [119.8575659, 32.4265043], [119.8571397, 32.4233319], [119.8568686, 32.421314], [119.8568685, 32.4213134], [119.8565615, 32.4190742], [119.8533616, 32.3952162], [119.8492672, 32.3637888], [119.8492571, 32.36368], [119.8492554, 32.3636107], [119.8492537, 32.3635902], [119.8449477, 32.3311504], [119.8446834, 32.3311757], [119.8449119, 32.3310599], [119.8416139, 32.3263567], [119.8409986, 32.3241294], [119.8406677, 32.3228969]]], [[[119.8401405, 32.3190837], [119.8401398, 32.3190782], [119.8397994, 32.3166906], [119.83971, 32.3159824], [119.8384902, 32.3043066], [119.8393043, 32.293278], [119.8387733, 32.2932496], [119.8379579, 32.3042953], [119.8379574, 32.3043124], [119.8379584, 32.3043295], [119.8391756, 32.3159801], [119.8394452, 32.3160045], [119.8397114, 32.3160249], [119.839699, 32.3160849], [119.839642, 32.3166209], [119.8399917, 32.3189709], [119.8400811, 32.3194382], [119.8402118, 32.3197123], [119.8401405, 32.3190837]]], [[[119.8392706, 32.3167404], [119.839271, 32.3167435], [119.8396112, 32.3191298], [119.8396761, 32.3197022], [119.8396908, 32.3196786], [119.8397396, 32.3195275], [119.8393819, 32.3166346], [119.8391901, 32.3161028], [119.8392706, 32.3167404]]]]}, "properties": {"id": null, "name": "引江河", "kind": "", "category": "water", "hours": "全天"}}, {"type": "Feature", "geometry": {"type": "MultiPolygon", "coordinates": [[[[119.1104551, 32.3365491], [119.1144942, 32.3320232], [119.1187347, 32.327357], [119.1187592, 32.3273271], [119.11878, 32.3272953], [119.1187969, 32.3272618], [119.1191655, 32.3264177], [119.1191757, 32.3263914], [119.1191834, 32.3263645], [119.1194238, 32.3253683], [119.1194293, 32.3253398], [119.1194321, 32.3253111], [119.1197729, 32.3185706], [119.1199009, 32.3162238], [119.1201111, 32.3150377], [119.1204492, 32.3140857], [119.1230462, 32.3096058], [119.1259851, 32.3054425], [119.1259862, 32.3054409], [119.1312431, 32.2979076], [119.1312443, 32.2979059], [119.1328977, 32.2955068], [119.1371344, 32.2911235], [119.137143, 32.2911143], [119.1382868, 32.2898491], [119.1383409, 32.2897893], [119.1381779, 32.2898272], [119.1378386, 32.2902011], [119.1377186, 32.2903402], [119.1361768, 32.2919175], [119.1332834, 32.2948039], [119.1320012, 32.2962934], [119.131295, 32.2973888], [119.13015, 32.2990754], [119.1289021, 32.3007793], [119.1287581, 32.3010285], [119.1273319, 32.3031148], [119.1238968, 32.307977], [119.1226421, 32.3098082], [119.1210583, 32.3124622], [119.120688, 32.3123869], [119.1220456, 32.3101327], [119.1245071, 32.3065108], [119.1257481, 32.3047317], [119.1273428, 32.3024139], [119.1281355, 32.3012235], [119.1285985, 32.300576], [119.1292724, 32.2996826], [119.1297864, 32.2989613], [119.1303927, 32.2979163], [119.131305, 32.296567], [119.1324285, 32.2950754], [119.1355825, 32.2918645], [119.1370087, 32.2904212], [119.1378109, 32.2895518], [119.1391822, 32.2878245], [119.1413008, 32.2852219], [119.1419488, 32.2845003], [119.1430218, 32.2832453], [119.143488, 32.2825294], [119.1438823, 32.2819498], [119.1439851, 32.2817817], [119.1439234, 32.2817208], [119.1438674, 32.281707], [119.1428968, 32.2831846], [119.1393937, 32.2874373], [119.1376118, 32.2894083], [119.1364722, 32.2906688], [119.1322186, 32.2950697], [119.1321983, 32.2950924], [119.1321802, 32.2951165], [119.1305103, 32.2975394], [119.1252546, 32.3050711], [119.1223072, 32.3092464], [119.1222904, 32.3092726], [119.1196701, 32.3137927], [119.1196559, 32.3138199], [119.1196444, 32.3138481], [119.1192873, 32.3148536], [119.1192739, 32.3149042], [119.1190559, 32.3161345], [119.1190516, 32.3161716], [119.1189225, 32.3185377], [119.1189225, 32.318539], [119.1185831, 32.3252512], [119.1183561, 32.3261919], [119.1180214, 32.3269584], [119.1138194, 32.3315822], [119.1138171, 32.3315847], [119.1097769, 32.3361119], [119.1074302, 32.3387414], [119.1074274, 32.3387445], [119.1057794, 32.3406331], [119.1064632, 32.3410641], [119.1081098, 32.3391771], [119.1104551, 32.3365491]]], [[[119.1400744, 32.2878717], [119.1400856, 32.2878588], [119.1436066, 32.2835845], [119.1436295, 32.2835533], [119.1447268, 32.2818828], [119.1447483, 32.2818452], [119.1447645, 32.2818056], [119.1467461, 32.2758936], [119.1467521, 32.2758737], [119.1483669, 32.2697552], [119.1483579, 32.2697541], [119.148227, 32.2697766], [119.1481737, 32.2698402], [119.1481058, 32.2699939], [119.1477664, 32.2711991], [119.1462613, 32.2764333], [119.1457085, 32.2785935], [119.1453619, 32.2797331], [119.1452625, 32.2797905], [119.1451486, 32.2801286], [119.1451558, 32.280227], [119.1446662, 32.281498], [119.1442347, 32.2823547], [119.1438759, 32.2828056], [119.1431147, 32.2838303], [119.1417621, 32.2854534], [119.1405936, 32.2870396], [119.140487, 32.2870314], [119.1400749, 32.2876093], [119.1391391, 32.2886421], [119.1389501, 32.2889659], [119.1385311, 32.2894505], [119.1384556, 32.2896215], [119.1384612, 32.2896562], [119.1400744, 32.2878717]]], [[[119.149226, 32.2665003], [119.1493667, 32.265999], [119.1492505, 32.2661916], [119.1492042, 32.2662988], [119.1491303, 32.2665512], [119.1487276, 32.2675499], [119.1486307, 32.267718], [119.1482872, 32.2692758], [119.1482752, 32.2693454], [119.1483027, 32.2693961], [119.1484449, 32.2694541], [119.1484463, 32.2694544], [119.149226, 32.2665003]]], [[[119.1502891, 32.2627137], [119.1508106, 32.260856], [119.1508127, 32.260848], [119.1510552, 32.2598887], [119.151685, 32.2573981], [119.1542033, 32.2512709], [119.1574947, 32.2441638], [119.1567027, 32.2438988], [119.1534082, 32.2510125], [119.1534024, 32.2510257], [119.1508726, 32.2571808], [119.1508583, 32.2572241], [119.150223, 32.2597367], [119.1499815, 32.260692], [119.1494611, 32.2625457], [119.1483973, 32.2663347], [119.148396, 32.2663395], [119.1460636, 32.2751767], [119.1470554, 32.2715117], [119.1475559, 32.2696537], [119.1479091, 32.2682536], [119.1482999, 32.2671781], [119.1485647, 32.2661725], [119.1489525, 32.264793], [119.1491247, 32.2642662], [119.1490631, 32.2639997], [119.1491315, 32.263768], [119.1492236, 32.2637783], [119.1492866, 32.2637578], [119.1493933, 32.2634933], [119.149403, 32.2633437], [119.149386, 32.2632781], [119.1493133, 32.2632494], [119.149386, 32.2630854], [119.1494854, 32.2627], [119.1498751, 32.2626297], [119.1501811, 32.2628251], [119.1501192, 32.2632116], [119.150088, 32.2634008], [119.1500659, 32.2634127], [119.1499941, 32.263415], [119.1499358, 32.2634581], [119.1498674, 32.263597], [119.1497903, 32.263775], [119.1497876, 32.2638539], [119.1498231, 32.2638981], [119.1499454, 32.2639378], [119.1502891, 32.2627137]]], [[[119.1439602, 32.2815647], [119.1440503, 32.2815846], [119.1441086, 32.2815875], [119.1445474, 32.2805586], [119.1448731, 32.2794393], [119.1458908, 32.2758047], [119.1439602, 32.2815647]]]]}, "properties": {"id": null, "name": "胥浦河", "kind": "", "category": "water", "hours": "全天"}}, {"type": "Feature", "geometry": {"type": "MultiPolygon", "coordinates": [[[[119.8567253, 32.7271636], [119.8587837, 32.7235817], [119.8618633, 32.7195646], [119.8618671, 32.7195596], [119.8641013, 32.7165377], [119.8684943, 32.7114435], [119.8725206, 32.7083637], [119.8725526, 32.7083365], [119.8725809, 32.7083066], [119.8760722, 32.7041986], [119.8760966, 32.7041665], [119.8775442, 32.7020168], [119.8775612, 32.7019888], [119.8775752, 32.7019597], [119.8775863, 32.7019296], [119.8785044, 32.6989797], [119.8805072, 32.696475], [119.8805267, 32.6964482], [119.8805434, 32.69642], [119.8805571, 32.6963907], [119.8811248, 32.6950053], [119.8811356, 32.6949749], [119.8811431, 32.6949438], [119.8811474, 32.6949123], [119.8811485, 32.6948806], [119.8811201, 32.6933518], [119.88112, 32.6933484], [119.8811045, 32.6928261], [119.8810639, 32.6914616], [119.8812526, 32.6899869], [119.8832087, 32.6861299], [119.8846785, 32.6836796], [119.8846921, 32.6836546], [119.8847034, 32.6836288], [119.8856968, 32.6810725], [119.8857074, 32.6810404], [119.8857144, 32.6810077], [119.8858069, 32.6804297], [119.8866496, 32.6751637], [119.8871539, 32.6728997], [119.8862864, 32.6729047], [119.8858112, 32.6750383], [119.8858077, 32.6750568], [119.8849635, 32.6803321], [119.8848762, 32.6808772], [119.8839053, 32.6833756], [119.8824441, 32.6858117], [119.8824324, 32.6858328], [119.8804455, 32.6897505], [119.8804307, 32.6897842], [119.8804199, 32.689819], [119.8804133, 32.6898546], [119.8802146, 32.6914074], [119.8802122, 32.6914556], [119.8802535, 32.6928443], [119.880269, 32.6933649], [119.8802961, 32.6948279], [119.8797717, 32.6961077], [119.8777595, 32.6986242], [119.8777348, 32.6986591], [119.8777149, 32.6986962], [119.8777, 32.698735], [119.8767776, 32.7016986], [119.875369, 32.7037905], [119.8719174, 32.7078517], [119.8678923, 32.7109307], [119.8678613, 32.710957], [119.8678337, 32.7109857], [119.8634057, 32.7161204], [119.8633886, 32.7161418], [119.8611482, 32.7191721], [119.8580562, 32.7232054], [119.8580304, 32.7232441], [119.8559583, 32.7268498], [119.855954, 32.7268575], [119.853513, 32.7313704], [119.8535006, 32.7313959], [119.8534905, 32.731422], [119.852639, 32.733953], [119.8534574, 32.734152], [119.8543, 32.7316475], [119.8567253, 32.7271636]]], [[[119.8888747, 32.6696726], [119.8882537, 32.6704441], [119.8878291, 32.6709512], [119.8876731, 32.6712353], [119.8874843, 32.6716354], [119.8873715, 32.6720808], [119.8888747, 32.6696726]]], [[[119.8925045, 32.6635958], [119.8924389, 32.6636672], [119.8922416, 32.6639358], [119.8917169, 32.6649236], [119.8917114, 32.6649342], [119.8925045, 32.6635958]]], [[[119.8947282, 32.6575466], [119.8947386, 32.6575077], [119.8947438, 32.6574681], [119.8947595, 32.6572352], [119.8946323, 32.6572658], [119.8945432, 32.6575207], [119.894305, 32.6583022], [119.8942483, 32.6585743], [119.8942525, 32.6587298], [119.8942, 32.6587793], [119.8940888, 32.6592034], [119.8937886, 32.660239], [119.8937389, 32.6604957], [119.8947282, 32.6575466]]], [[[119.8949702, 32.6541087], [119.8950659, 32.6533934], [119.8949499, 32.6539917], [119.8949627, 32.6542211], [119.8949702, 32.6541087]]], [[[119.9058441, 32.6337981], [119.9057898, 32.6338227], [119.9056104, 32.6339998], [119.9055907, 32.6341108], [119.9053776, 32.6343587], [119.9050692, 32.6349867], [119.9046014, 32.6356578], [119.9043952, 32.6360552], [119.9037608, 32.6371169], [119.9035586, 32.6374408], [119.9035883, 32.637513], [119.9058441, 32.6337981]]], [[[119.9066431, 32.6315139], [119.9065637, 32.6314818], [119.9065399, 32.6315335], [119.9062103, 32.6326139], [119.9061856, 32.6328412], [119.9066431, 32.6315139]]], [[[119.9076077, 32.6287158], [119.9073029, 32.6294081], [119.9072328, 32.6295923], [119.907244, 32.6297529], [119.9072076, 32.629852], [119.9071067, 32.6299795], [119.9068319, 32.6307516], [119.9066048, 32.6311743], [119.9066093, 32.6313315], [119.9067017, 32.631344], [119.9076077, 32.6287158]]], [[[119.9102153, 32.6205539], [119.9098925, 32.6213062], [119.9096679, 32.6220118], [119.9090554, 32.6240638], [119.9089465, 32.6243906], [119.9088968, 32.6248966], [119.9102153, 32.6205539]]], [[[119.9138879, 32.6113886], [119.9138989, 32.6113454], [119.9139501, 32.6110634], [119.9139408, 32.6110692], [119.9135702, 32.6120705], [119.9132355, 32.6133511], [119.9138879, 32.6113886]]], [[[119.9148684, 32.6029024], [119.9148651, 32.6028724], [119.9148588, 32.6028428], [119.9140924, 32.5999255], [119.91409, 32.5999169], [119.9133144, 32.5972678], [119.9147745, 32.590241], [119.9147797, 32.5902067], [119.914781, 32.5901721], [119.9147248, 32.5872811], [119.9149611, 32.5857543], [119.9158063, 32.5848264], [119.9167463, 32.584081], [119.9167708, 32.5840599], [119.9167932, 32.5840371], [119.9168133, 32.5840129], [119.9175229, 32.5830801], [119.9175446, 32.5830482], [119.9175623, 32.5830145], [119.9175759, 32.5829795], [119.9175853, 32.5829435], [119.9175902, 32.5829069], [119.9175908, 32.58287], [119.917587, 32.5828333], [119.9175787, 32.5827971], [119.9172665, 32.5817209], [119.9172537, 32.5816849], [119.9172366, 32.5816502], [119.9172153, 32.5816173], [119.9171901, 32.5815863], [119.9161856, 32.5804813], [119.9138723, 32.577082], [119.9138545, 32.577058], [119.9138345, 32.5770353], [119.9126708, 32.5758154], [119.9126365, 32.5757835], [119.912598, 32.5757554], [119.9110466, 32.5747516], [119.9091808, 32.5728507], [119.9048417, 32.5680781], [119.903878, 32.5663788], [119.9034584, 32.5642997], [119.9035093, 32.5619105], [119.9048804, 32.5563082], [119.9048879, 32.5562641], [119.9050611, 32.5544681], [119.9065927, 32.5463703], [119.9079862, 32.5411571], [119.9079867, 32.5411554], [119.9092365, 32.5363729], [119.9084055, 32.5362161], [119.9071559, 32.5409977], [119.9057596, 32.5462213], [119.9057544, 32.546244], [119.9042181, 32.5543671], [119.9042141, 32.5543949], [119.9040416, 32.5561827], [119.9026678, 32.5617963], [119.9026615, 32.5618297], [119.9026589, 32.5618634], [119.9026065, 32.5643206], [119.9026077, 32.5643546], [119.9026126, 32.5643884], [119.9030491, 32.5665513], [119.9030576, 32.5665841], [119.9030697, 32.5666162], [119.9030852, 32.5666472], [119.9040943, 32.5684264], [119.9041156, 32.5684595], [119.9041409, 32.5684905], [119.9085121, 32.5732984], [119.9085221, 32.5733089], [119.9104238, 32.5752464], [119.9104564, 32.5752761], [119.9104928, 32.5753025], [119.9120418, 32.5763047], [119.9131522, 32.5774688], [119.915463, 32.5808644], [119.9154946, 32.5809045], [119.9164616, 32.5819682], [119.9167082, 32.5828185], [119.9161271, 32.5835825], [119.9152004, 32.5843173], [119.9151763, 32.584338], [119.9151542, 32.5843604], [119.9142175, 32.5853888], [119.914192, 32.5854201], [119.9141704, 32.5854536], [119.9141531, 32.5854889], [119.9141403, 32.5855255], [119.9141321, 32.585563], [119.9138767, 32.5872132], [119.9138738, 32.5872397], [119.9138731, 32.5872664], [119.9139292, 32.5901494], [119.9124604, 32.5972177], [119.9124549, 32.5972553], [119.9124541, 32.5972931], [119.912458, 32.5973308], [119.9124665, 32.597368], [119.9132627, 32.6000874], [119.9140203, 32.6029709], [119.9141536, 32.6051049], [119.9150066, 32.6051144], [119.9148684, 32.6029024]]], [[[119.9007715, 32.6401899], [119.9007905, 32.6401913], [119.9008185, 32.6401276], [119.900816, 32.6401262], [119.9007715, 32.6401899]]], [[[119.8922494, 32.6622975], [119.8924138, 32.6619705], [119.8924159, 32.6618556], [119.8924053, 32.6618326], [119.8922494, 32.6622975]]], [[[119.891779, 32.6632117], [119.8917862, 32.6632057], [119.8917971, 32.6631811], [119.891779, 32.6632117]]], [[[119.889217, 32.6675136], [119.8889211, 32.668009], [119.8889844, 32.6679136], [119.8892153, 32.6675421], [119.8892427, 32.6674705], [119.889217, 32.6675136]]]]}, "properties": {"id": null, "name": "卤汀河", "kind": "", "category": "water", "hours": "全天"}}, {"type": "Feature", "geometry": {"type": "MultiPolygon", "coordinates": [[[[119.8680818, 32.4358118], [119.8689081, 32.435785], [119.8689074, 32.4357629], [119.868888, 32.4357319], [119.8688371, 32.4357087], [119.8688044, 32.4357], [119.8656825, 32.4358027], [119.8656386, 32.4358242], [119.865607, 32.4358715], [119.8656053, 32.4359064], [119.8660671, 32.4358841], [119.8680818, 32.4358118]]], [[[119.894255, 32.4349619], [119.9045256, 32.4348363], [119.9045315, 32.4348361], [119.9199832, 32.4343567], [119.9255439, 32.4342033], [119.9369883, 32.4343375], [119.9629596, 32.4350052], [119.9675725, 32.4351238], [119.9675774, 32.4351239], [119.9853873, 32.4353011], [119.9927781, 32.4353733], [119.9927797, 32.4353733], [119.9974011, 32.4353953], [120.0088984, 32.4354499], [120.0116849, 32.4357344], [120.020145, 32.4375147], [120.0201482, 32.4375153], [120.0226837, 32.4380207], [120.0320782, 32.4398934], [120.0320788, 32.4398935], [120.0425772, 32.4419647], [120.0425777, 32.4419648], [120.0600523, 32.4453783], [120.0600705, 32.4453813], [120.0656606, 32.4461292], [120.0656678, 32.4461301], [120.086546, 32.4484307], [120.0958987, 32.4497717], [120.1067785, 32.4516579], [120.1083904, 32.4519374], [120.1276561, 32.4555303], [120.1276576, 32.4555306], [120.1356351, 32.4569769], [120.1356622, 32.4569806], [120.1395002, 32.4573307], [120.140809, 32.4574501], [120.1602438, 32.4594181], [120.1603068, 32.4589691], [120.1408704, 32.4570009], [120.1408673, 32.4570006], [120.139557, 32.4568811], [120.1357327, 32.4565322], [120.1277694, 32.4550885], [120.1085025, 32.4514954], [120.1084987, 32.4514947], [120.1068849, 32.4512149], [120.0960006, 32.4493279], [120.0959917, 32.4493265], [120.0866295, 32.4479841], [120.0866194, 32.4479828], [120.0657398, 32.4456821], [120.0601624, 32.4449359], [120.0426972, 32.4415242], [120.0321993, 32.4394531], [120.0228051, 32.4375805], [120.0202712, 32.4370754], [120.0117968, 32.4352921], [120.0117646, 32.4352871], [120.0089468, 32.4349994], [120.0089166, 32.4349978], [119.9974041, 32.4349431], [119.9927835, 32.4349211], [119.9853935, 32.4348489], [119.9675861, 32.4346717], [119.9629756, 32.4345532], [119.9370022, 32.4338855], [119.9369979, 32.4338854], [119.9255451, 32.4337511], [119.9255328, 32.4337512], [119.9199654, 32.4339047], [119.9199643, 32.4339048], [119.904515, 32.4343842], [119.8942442, 32.4345098], [119.8942378, 32.43451], [119.8680609, 32.43536], [119.8680599, 32.43536], [119.8660428, 32.4354324], [119.8660389, 32.4354326], [119.8614967, 32.4356515], [119.865582, 32.435528], [119.8655877, 32.435584], [119.8656209, 32.4356254], [119.8656757, 32.4356497], [119.8688228, 32.4355437], [119.8688595, 32.4355248], [119.8688982, 32.4354886], [119.8689002, 32.4354215], [119.8716735, 32.4353441], [119.8716735, 32.4352941], [119.8733027, 32.4352236], [119.8775391, 32.4351171], [119.8811213, 32.4350325], [119.8813549, 32.4350179], [119.8814441, 32.4350035], [119.8819227, 32.4349971], [119.8844239, 32.4349226], [119.8873856, 32.4348253], [119.8903639, 32.4347364], [119.8903657, 32.4350882], [119.894255, 32.4349619]]], [[[119.8587172, 32.4357855], [119.8587474, 32.4362369], [119.864543, 32.4359576], [119.8636422, 32.4359788], [119.861624, 32.4360731], [119.8605334, 32.436124], [119.8604098, 32.4357039], [119.8587172, 32.4357855]]]]}, "properties": {"id": null, "name": "周山河", "kind": "", "category": "water", "hours": "全天"}}, {"type": "Feature", "geometry": {"type": "Polygon", "coordinates": [[[119.1467136, 32.2394933], [119.1481148, 32.2453287], [119.1489488, 32.2451841], [119.1475435, 32.2393317], [119.1475335, 32.2392981], [119.1471594, 32.2382597], [119.1463454, 32.2384715], [119.1467136, 32.2394933]]]}, "properties": {"id": null, "name": "双纲河", "kind": "", "category": "water", "hours": "全天"}}, {"type": "Feature", "geometry": {"type": "LineString", "coordinates": [[119.4262025, 32.3835], [119.4467975, 32.3835], [119.4485, 32.384947], [119.4485, 32.403053], [119.4467975, 32.4045], [119.4262025, 32.4045], [119.4245, 32.403053], [119.4245, 32.384947], [119.4262025, 32.3835]]}, "properties": {"id": -77, "name": "大城城墙", "kind": "城墙", "category": "road", "hours": "全天", "tags": {"man_made": "city_wall", "highway": "primary"}}}, {"type": "Feature", "geometry": {"type": "LineString", "coordinates": [[119.4485323, 32.3975388], [119.4497904, 32.397532], [119.4498675, 32.3975317]]}, "properties": {"id": -78, "name": "文昌街", "kind": "官道", "category": "road", "hours": "全天", "group": "道路", "tags": {"highway": "primary"}}}, {"type": "Feature", "geometry": {"type": "LineString", "coordinates": [[119.446822, 32.4044063], [119.4462186, 32.4043817], [119.4456876, 32.4043669], [119.4450829, 32.4043148], [119.4445077, 32.4042094], [119.4435061, 32.4038974], [119.4432033, 32.4038031], [119.4413234, 32.4032181], [119.4394881, 32.4027151], [119.438378, 32.4026684], [119.4382553, 32.4026632], [119.4367019, 32.4026037], [119.4351575, 32.4025574]]}, "properties": {"id": -83, "name": "盐阜街", "kind": "官道", "category": "road", "hours": "全天", "group": "道路", "tags": {"highway": "secondary"}}}, {"type": "Feature", "geometry": {"type": "LineString", "coordinates": [[119.4283466, 32.3965453], [119.4282693, 32.3966685], [119.4282567, 32.3967663], [119.428407, 32.3995489]]}, "properties": {"id": -87, "name": "汶河街", "kind": "官道", "category": "road", "hours": "全天", "group": "道路", "tags": {"highway": "primary"}}}, {"type": "Feature", "geometry": {"type": "LineString", "coordinates": [[119.4351827, 32.4029828], [119.435023, 32.4046948], [119.4349146, 32.4058566]]}, "properties": {"id": -90, "name": "史可法街", "kind": "官道", "category": "road", "hours": "全天", "group": "道路", "tags": {"highway": "secondary"}}}, {"type": "Feature", "geometry": {"type": "LineString", "coordinates": [[119.4484172, 32.3906666], [119.4480107, 32.3924803], [119.4478022, 32.3930273]]}, "properties": {"id": -101, "name": "泰州街", "kind": "官道", "category": "road", "hours": "全天", "group": "道路", "tags": {"highway": "secondary"}}}, {"type": "Feature", "geometry": {"type": "LineString", "coordinates": [[119.4272032, 32.3857956], [119.4273491, 32.3859602], [119.4274369, 32.3862548], [119.4275449, 32.3878859], [119.4275611, 32.3880517], [119.4277762, 32.3902835], [119.4278665, 32.3916099], [119.42801, 32.3934869], [119.4281064, 32.3945157], [119.4281967, 32.3958356], [119.4282622, 32.3960143], [119.4283015, 32.3961024]]}, "properties": {"id": -105, "name": "汶河街", "kind": "官道", "category": "road", "hours": "全天", "group": "道路", "tags": {"highway": "primary"}}}, {"type": "Feature", "geometry": {"type": "LineString", "coordinates": [[119.4351575, 32.4025574], [119.4341426, 32.4025192], [119.4338237, 32.4024751], [119.4334995, 32.4023885], [119.4334375, 32.4023719], [119.4328644, 32.4021881], [119.4326354, 32.4021446], [119.4323472, 32.4021102], [119.4315688, 32.4021506], [119.4312894, 32.4021391], [119.43083, 32.4020113], [119.4307409, 32.4019841]]}, "properties": {"id": -108, "name": "盐阜街", "kind": "官道", "category": "road", "hours": "全天", "group": "道路", "tags": {"highway": "secondary"}}}, {"type": "Feature", "geometry": {"type": "LineString", "coordinates": [[119.4333856, 32.3960574], [119.4337993, 32.3960586], [119.4344567, 32.3960604], [119.4349087, 32.3960686], [119.4356377, 32.3960203], [119.436423, 32.3961031], [119.4373735, 32.3961493], [119.4383684, 32.3962132], [119.440387, 32.3966335], [119.440657, 32.3966897], [119.4408472, 32.3967274], [119.442337, 32.3970149], [119.4427247, 32.3970718], [119.4437934, 32.3971948], [119.4454324, 32.3973834], [119.4469024, 32.3975539], [119.4474794, 32.3975426]]}, "properties": {"id": -114, "name": "文昌街", "kind": "官道", "category": "road", "hours": "全天", "group": "道路", "tags": {"highway": "primary"}}}, {"type": "Feature", "geometry": {"type": "LineString", "coordinates": [[119.447781, 32.3975446], [119.4482101, 32.3975435], [119.4485323, 32.3975388]]}, "properties": {"id": -115, "name": "文昌街", "kind": "官道", "category": "road", "hours": "全天", "group": "道路", "tags": {"highway": "primary"}}}, {"type": "Feature", "geometry": {"type": "LineString", "coordinates": [[119.4278958, 32.3964706], [119.427745, 32.3964297], [119.4260183, 32.3964288], [119.4254434, 32.3964643], [119.4251167, 32.3964669], [119.4241796, 32.3964597], [119.4235142, 32.3964073], [119.4229039, 32.3963785]]}, "properties": {"id": -116, "name": "文昌街", "kind": "官道", "category": "road", "hours": "全天", "group": "道路", "tags": {"highway": "primary"}}}, {"type": "Feature", "geometry": {"type": "LineString", "coordinates": [[119.4468689, 32.4047244], [119.4468637, 32.4052299], [119.4468838, 32.405853]]}, "properties": {"id": -117, "name": "高桥街", "kind": "官道", "category": "road", "hours": "全天", "group": "道路", "tags": {"highway": "secondary"}}}, {"type": "Feature", "geometry": {"type": "LineString", "coordinates": [[119.4474745, 32.3976546], [119.4472518, 32.3976561], [119.4468978, 32.3976523], [119.4454107, 32.3974747], [119.4453018, 32.3974611], [119.4433945, 32.3972237], [119.4423872, 32.3970983], [119.4406444, 32.396747], [119.438381, 32.3963136], [119.4373696, 32.3962452], [119.4364896, 32.3961952], [119.4356236, 32.3962027], [119.4349022, 32.3961513], [119.4344592, 32.396144], [119.433716, 32.3961415], [119.4334092, 32.3961405], [119.4333635, 32.3961435]]}, "properties": {"id": -118, "name": "文昌街", "kind": "官道", "category": "road", "hours": "全天", "group": "道路", "tags": {"highway": "primary"}}}, {"type": "Feature", "geometry": {"type": "LineString", "coordinates": [[119.4485501, 32.3976552], [119.4477768, 32.3976638]]}, "properties": {"id": -119, "name": "文昌街", "kind": "官道", "category": "road", "hours": "全天", "group": "道路", "tags": {"highway": "primary"}}}, {"type": "Feature", "geometry": {"type": "LineString", "coordinates": [[119.4229039, 32.396287], [119.4235164, 32.396317], [119.424171, 32.396317], [119.425122, 32.39633], [119.425446, 32.3963355], [119.4260206, 32.39633], [119.4266343, 32.3963324], [119.4276329, 32.3963294], [119.4278018, 32.3962815], [119.4279209, 32.3962158]]}, "properties": {"id": -129, "name": "文昌街", "kind": "官道", "category": "road", "hours": "全天", "group": "道路", "tags": {"highway": "primary"}}}, {"type": "Feature", "geometry": {"type": "LineString", "coordinates": [[119.4483315, 32.3904411], [119.448262, 32.3891982], [119.4482259, 32.3886478]]}, "properties": {"id": -139, "name": "泰州街", "kind": "官道", "category": "road", "hours": "全天", "group": "道路", "tags": {"highway": "secondary"}}}, {"type": "Feature", "geometry": {"type": "LineString", "coordinates": [[119.4478022, 32.3930273], [119.4479103, 32.3924775], [119.4483053, 32.3908152]]}, "properties": {"id": -140, "name": "泰州街", "kind": "官道", "category": "road", "hours": "全天", "group": "道路", "tags": {"highway": "secondary"}}}, {"type": "Feature", "geometry": {"type": "LineString", "coordinates": [[119.4478022, 32.3930273], [119.4478304, 32.3926419], [119.4479453, 32.3919802], [119.4482399, 32.3906299]]}, "properties": {"id": -141, "name": "泰州街", "kind": "官道", "category": "road", "hours": "全天", "group": "道路", "tags": {"highway": "secondary"}}}, {"type": "Feature", "geometry": {"type": "LineString", "coordinates": [[119.4487326, 32.3906702], [119.4484172, 32.3906666]]}, "properties": {"id": -142, "name": "广陵街", "kind": "官道", "category": "road", "hours": "全天", "group": "道路", "tags": {"highway": "secondary"}}}, {"type": "Feature", "geometry": {"type": "LineString", "coordinates": [[119.4474745, 32.3976546], [119.4474565, 32.3984526], [119.4474359, 32.3993648], [119.4474446, 32.3998478], [119.447414, 32.4003082], [119.447239, 32.4012444], [119.4469973, 32.4024028], [119.4469129, 32.4031344], [119.4468793, 32.4036268], [119.446822, 32.4044063]]}, "properties": {"id": -144, "name": "泰州街", "kind": "官道", "category": "road", "hours": "全天", "group": "道路", "tags": {"highway": "secondary"}}}, {"type": "Feature", "geometry": {"type": "LineString", "coordinates": [[119.4483053, 32.3908152], [119.4483315, 32.3904411]]}, "properties": {"id": -148, "name": "泰州街", "kind": "官道", "category": "road", "hours": "全天", "group": "道路", "tags": {"highway": "secondary"}}}, {"type": "Feature", "geometry": {"type": "LineString", "coordinates": [[119.4352105, 32.4026497], [119.4351827, 32.4029828]]}, "properties": {"id": -151, "name": "史可法街", "kind": "官道", "category": "road", "hours": "全天", "group": "道路", "tags": {"highway": "secondary"}}}, {"type": "Feature", "geometry": {"type": "LineString", "coordinates": [[119.4468676, 32.4045221], [119.4468689, 32.4047244]]}, "properties": {"id": -152, "name": "高桥街", "kind": "官道", "category": "road", "hours": "全天", "group": "道路", "tags": {"highway": "secondary"}}}, {"type": "Feature", "geometry": {"type": "LineString", "coordinates": [[119.4498675, 32.3975317], [119.4500961, 32.3975311]]}, "properties": {"id": -154, "name": "文昌街", "kind": "官道", "category": "road", "hours": "全天", "group": "道路", "tags": {"highway": "primary"}}}, {"type": "Feature", "geometry": {"type": "LineString", "coordinates": [[119.4500961, 32.3976496], [119.4498555, 32.3976505], [119.449781, 32.3976507]]}, "properties": {"id": -155, "name": "文昌街", "kind": "官道", "category": "road", "hours": "全天", "group": "道路", "tags": {"highway": "primary"}}}, {"type": "Feature", "geometry": {"type": "LineString", "coordinates": [[119.4331603, 32.3960563], [119.4333856, 32.3960574]]}, "properties": {"id": -156, "name": "文昌街", "kind": "官道", "category": "road", "hours": "全天", "group": "道路", "tags": {"highway": "primary"}}}, {"type": "Feature", "geometry": {"type": "LineString", "coordinates": [[119.4287362, 32.4023805], [119.4285209, 32.4024037], [119.427985, 32.4024326], [119.4254544, 32.4024578]]}, "properties": {"id": -158, "name": "盐阜街", "kind": "官道", "category": "road", "hours": "全天", "group": "道路", "tags": {"highway": "secondary"}}}, {"type": "Feature", "geometry": {"type": "LineString", "coordinates": [[119.4307409, 32.4019841], [119.4305091, 32.4019053]]}, "properties": {"id": -159, "name": "盐阜街", "kind": "官道", "category": "road", "hours": "全天", "group": "道路", "tags": {"highway": "secondary"}}}, {"type": "Feature", "geometry": {"type": "LineString", "coordinates": [[119.4279209, 32.3962158], [119.4280514, 32.3960212], [119.4280995, 32.3958793], [119.4280142, 32.3947579], [119.4279171, 32.393482], [119.4277763, 32.3916126], [119.4276988, 32.3902722]]}, "properties": {"id": -179, "name": "汶河街", "kind": "官道", "category": "road", "hours": "全天", "group": "道路", "tags": {"highway": "primary"}}}, {"type": "Feature", "geometry": {"type": "LineString", "coordinates": [[119.4283313, 32.3994098], [119.4281687, 32.3967656], [119.4281279, 32.3966733], [119.4280049, 32.3965703]]}, "properties": {"id": -180, "name": "汶河街", "kind": "官道", "category": "road", "hours": "全天", "group": "道路", "tags": {"highway": "primary"}}}, {"type": "Feature", "geometry": {"type": "LineString", "coordinates": [[119.4305091, 32.4019053], [119.4303312, 32.4018849], [119.4299958, 32.4019496], [119.4295274, 32.4021506]]}, "properties": {"id": -192, "name": "盐阜街", "kind": "官道", "category": "road", "hours": "全天", "group": "道路", "tags": {"highway": "secondary"}}}, {"type": "Feature", "geometry": {"type": "LineString", "coordinates": [[119.4280943, 32.4023827], [119.4284888, 32.4023525], [119.4286873, 32.4023251], [119.4290404, 32.4022734], [119.4295274, 32.4021506]]}, "properties": {"id": -193, "name": "盐阜街", "kind": "官道", "category": "road", "hours": "全天", "group": "道路", "tags": {"highway": "secondary"}}}, {"type": "Feature", "geometry": {"type": "LineString", "coordinates": [[119.4478022, 32.3930273], [119.4477028, 32.3935146], [119.4475839, 32.3953324], [119.4475487, 32.3958708], [119.4474794, 32.3975426]]}, "properties": {"id": -195, "name": "泰州街", "kind": "官道", "category": "road", "hours": "全天", "group": "道路", "tags": {"highway": "secondary"}}}, {"type": "Feature", "geometry": {"type": "LineString", "coordinates": [[119.4474794, 32.3975426], [119.447781, 32.3975446]]}, "properties": {"id": -196, "name": "文昌街", "kind": "官道", "category": "road", "hours": "全天", "group": "道路", "tags": {"highway": "primary"}}}, {"type": "Feature", "geometry": {"type": "LineString", "coordinates": [[119.4331616, 32.3961412], [119.4316803, 32.3961358], [119.430509, 32.3961316], [119.4288369, 32.3961255], [119.4286538, 32.3961663], [119.4285429, 32.3962291], [119.4284458, 32.3963518]]}, "properties": {"id": -197, "name": "文昌街", "kind": "官道", "category": "road", "hours": "全天", "group": "道路", "tags": {"highway": "primary"}}}, {"type": "Feature", "geometry": {"type": "LineString", "coordinates": [[119.4278958, 32.3964706], [119.4278699, 32.3964056], [119.4278663, 32.3963372], [119.4278839, 32.3962734], [119.4279209, 32.3962158]]}, "properties": {"id": -200, "name": "汶河街", "kind": "官道", "category": "road", "hours": "全天", "group": "道路", "tags": {"highway": "primary"}}}, {"type": "Feature", "geometry": {"type": "LineString", "coordinates": [[119.4279209, 32.3962158], [119.4279704, 32.3961715], [119.4280314, 32.3961388], [119.4281, 32.3961198], [119.4282207, 32.3961009], [119.4283015, 32.3961024]]}, "properties": {"id": -201, "name": "文昌街", "kind": "官道", "category": "road", "hours": "全天", "group": "道路", "tags": {"highway": "primary"}}}, {"type": "Feature", "geometry": {"type": "LineString", "coordinates": [[119.4477768, 32.3976638], [119.4474745, 32.3976546]]}, "properties": {"id": -202, "name": "文昌街", "kind": "官道", "category": "road", "hours": "全天", "group": "道路", "tags": {"highway": "primary"}}}, {"type": "Feature", "geometry": {"type": "LineString", "coordinates": [[119.428407, 32.3995489], [119.428512, 32.4009718], [119.428525, 32.4020184], [119.4285779, 32.4021558], [119.4286873, 32.4023251], [119.4287362, 32.4023805]]}, "properties": {"id": -203, "name": "汶河街", "kind": "官道", "category": "road", "hours": "全天", "group": "道路", "tags": {"highway": "primary"}}}, {"type": "Feature", "geometry": {"type": "LineString", "coordinates": [[119.4276988, 32.3902722], [119.4275037, 32.3880579], [119.427489, 32.3878905], [119.4273345, 32.3862767], [119.4272016, 32.385884], [119.4270229, 32.3857235]]}, "properties": {"id": -206, "name": "汶河街", "kind": "官道", "category": "road", "hours": "全天", "group": "道路", "tags": {"highway": "primary"}}}, {"type": "Feature", "geometry": {"type": "LineString", "coordinates": [[119.4284044, 32.4020367], [119.4284289, 32.4010109], [119.428394, 32.400451], [119.4283442, 32.3996221]]}, "properties": {"id": -211, "name": "汶河街", "kind": "官道", "category": "road", "hours": "全天", "group": "道路", "tags": {"highway": "primary"}}}, {"type": "Feature", "geometry": {"type": "LineString", "coordinates": [[119.449781, 32.3976507], [119.4485501, 32.3976552]]}, "properties": {"id": -213, "name": "文昌街", "kind": "官道", "category": "road", "hours": "全天", "group": "道路", "tags": {"highway": "primary"}}}, {"type": "Feature", "geometry": {"type": "LineString", "coordinates": [[119.4283466, 32.3965453], [119.4282744, 32.3965843], [119.4282126, 32.396601], [119.428148, 32.3966057], [119.4280737, 32.3965959], [119.4280049, 32.3965703]]}, "properties": {"id": -215, "name": "文昌街", "kind": "官道", "category": "road", "hours": "全天", "group": "道路", "tags": {"highway": "primary"}}}, {"type": "Feature", "geometry": {"type": "LineString", "coordinates": [[119.4253804, 32.4024244], [119.425421, 32.4024121], [119.4280943, 32.4023827]]}, "properties": {"id": -216, "name": "盐阜街", "kind": "官道", "category": "road", "hours": "全天", "group": "道路", "tags": {"highway": "secondary"}}}, {"type": "Feature", "geometry": {"type": "LineString", "coordinates": [[119.4285209, 32.4024037], [119.4284888, 32.4023525], [119.4284326, 32.4022101], [119.4284044, 32.4020367]]}, "properties": {"id": -217, "name": "汶河街", "kind": "官道", "category": "road", "hours": "全天", "group": "道路", "tags": {"highway": "primary"}}}, {"type": "Feature", "geometry": {"type": "LineString", "coordinates": [[119.4295274, 32.4021506], [119.4290586, 32.4023312], [119.4287362, 32.4023805]]}, "properties": {"id": -218, "name": "盐阜街", "kind": "官道", "category": "road", "hours": "全天", "group": "道路", "tags": {"highway": "secondary"}}}, {"type": "Feature", "geometry": {"type": "LineString", "coordinates": [[119.4284458, 32.3963518], [119.4284362, 32.3964237], [119.4284021, 32.3964901], [119.4283466, 32.3965453]]}, "properties": {"id": -219, "name": "文昌街", "kind": "官道", "category": "road", "hours": "全天", "group": "道路", "tags": {"highway": "primary"}}}, {"type": "Feature", "geometry": {"type": "LineString", "coordinates": [[119.4283015, 32.3961024], [119.4283922, 32.3962184], [119.4284301, 32.3962806], [119.4284458, 32.3963518]]}, "properties": {"id": -220, "name": "汶河街", "kind": "官道", "category": "road", "hours": "全天", "group": "道路", "tags": {"highway": "primary"}}}, {"type": "Feature", "geometry": {"type": "LineString", "coordinates": [[119.4283015, 32.3961024], [119.4288347, 32.3960598], [119.4304109, 32.39606], [119.43059, 32.3960598], [119.4316937, 32.3960583], [119.4331603, 32.3960563]]}, "properties": {"id": -221, "name": "文昌街", "kind": "官道", "category": "road", "hours": "全天", "group": "道路", "tags": {"highway": "primary"}}}, {"type": "Feature", "geometry": {"type": "LineString", "coordinates": [[119.4348477, 32.4058566], [119.4349522, 32.4046911], [119.4350939, 32.4029829]]}, "properties": {"id": -222, "name": "史可法街", "kind": "官道", "category": "road", "hours": "全天", "group": "道路", "tags": {"highway": "secondary"}}}, {"type": "Feature", "geometry": {"type": "LineString", "coordinates": [[119.4350939, 32.4029829], [119.4351109, 32.4026484]]}, "properties": {"id": -223, "name": "史可法街", "kind": "官道", "category": "road", "hours": "全天", "group": "道路", "tags": {"highway": "secondary"}}}, {"type": "Feature", "geometry": {"type": "LineString", "coordinates": [[119.4468068, 32.4058562], [119.4467893, 32.4052564], [119.4467778, 32.4047235]]}, "properties": {"id": -224, "name": "高桥街", "kind": "官道", "category": "road", "hours": "全天", "group": "道路", "tags": {"highway": "secondary"}}}, {"type": "Feature", "geometry": {"type": "LineString", "coordinates": [[119.4467778, 32.4047235], [119.4467781, 32.4045236]]}, "properties": {"id": -225, "name": "高桥街", "kind": "官道", "category": "road", "hours": "全天", "group": "道路", "tags": {"highway": "secondary"}}}, {"type": "Feature", "geometry": {"type": "LineString", "coordinates": [[119.4283442, 32.3996221], [119.4283313, 32.3994098]]}, "properties": {"id": -237, "name": "汶河街", "kind": "官道", "category": "road", "hours": "全天", "group": "道路", "tags": {"highway": "primary"}}}, {"type": "Feature", "geometry": {"type": "Point", "coordinates": [119.4485, 32.3906675]}, "properties": {"id": -252, "name": "东门", "kind": "城门", "category": "custom", "hours": "全天", "group": "城防", "tags": {"man_made": "city_gate"}, "icon": "gate"}}, {"type": "Feature", "geometry": {"type": "Point", "coordinates": [119.4245, 32.3963215]}, "properties": {"id": -253, "name": "西门", "kind": "城门", "category": "custom", "hours": "全天", "group": "城防", "tags": {"man_made": "city_gate"}, "icon": "gate"}}, {"type": "Feature", "geometry": {"type": "Point", "coordinates": [119.4367127, 32.3835]}, "properties": {"id": -254, "name": "南门", "kind": "城门", "category": "custom", "hours": "全天", "group": "城防", "tags": {"man_made": "city_gate"}, "icon": "gate"}}, {"type": "Feature", "geometry": {"type": "Point", "coordinates": [119.4350412, 32.4045]}, "properties": {"id": -255, "name": "北门", "kind": "城门", "category": "custom", "hours": "全天", "group": "城防", "tags": {"man_made": "city_gate"}, "icon": "gate"}}, {"type": "Feature", "geometry": {"type": "Point", "coordinates": [119.4477281, 32.4037091]}, "properties": {"id": -256, "name": "水门", "kind": "城门", "category": "custom", "hours": "全天", "group": "城防", "tags": {"man_made": "city_gate"}, "icon": "gate"}}, {"type": "Feature", "geometry": {"type": "Polygon", "coordinates": [[[119.4259564, 32.3841558], [119.4269035, 32.3839862], [119.4268208, 32.3835], [119.4262025, 32.3835], [119.425792, 32.3838489], [119.4259564, 32.3841558]]]}, "properties": {"id": -343, "name": "太平坊", "kind": "坊", "category": "area", "hours": "全天", "group": "聚落", "icon": "ward", "icon_lon": 119.42642386150246, "icon_lat": 32.38367445}}, {"type": "Feature", "geometry": {"type": "Polygon", "coordinates": [[[119.4245, 32.384947], [119.4245, 32.3876314], [119.4245441, 32.3876332], [119.424619, 32.386814], [119.4246948, 32.386565], [119.4248851, 32.3862962], [119.4252645, 32.3859551], [119.4254885, 32.3858063], [119.4254595, 32.3853942], [119.4254854, 32.385206], [119.4256241, 32.3850746], [119.4258044, 32.384974], [119.4261535, 32.3848904], [119.4261362, 32.384863], [119.4258588, 32.3848969], [119.4246612, 32.38481], [119.4245, 32.384947]]]}, "properties": {"id": -344, "name": "仁丰坊", "kind": "坊", "category": "area", "hours": "全天", "group": "聚落", "icon": "ward", "icon_lon": 119.4247874, "icon_lat": 32.38612565}}, {"type": "Feature", "geometry": {"type": "Polygon", "coordinates": [[[119.4263391, 32.3848406], [119.4266606, 32.3852097], [119.4270998, 32.3856357], [119.4271237, 32.3855293], [119.4270282, 32.3847032], [119.4263391, 32.3848406]]]}, "properties": {"id": -345, "name": "开明坊", "kind": "坊", "category": "area", "hours": "全天", "group": "聚落", "icon": "ward", "icon_lon": 119.4267826342634, "icon_lat": 32.38502515}}, {"type": "Feature", "geometry": {"type": "Polygon", "coordinates": [[[119.4270804, 32.3846939], [119.4271646, 32.3853836], [119.4285488, 32.3853835], [119.4285488, 32.3843168], [119.4283864, 32.3844128], [119.4278027, 32.3846334], [119.4273781, 32.3846406], [119.4270804, 32.3846939]]]}, "properties": {"id": -346, "name": "甘泉坊", "kind": "坊", "category": "area", "hours": "全天", "group": "聚落", "icon": "ward", "icon_lon": 119.42783564694795, "icon_lat": 32.3850387}}, {"type": "Feature", "geometry": {"type": "Polygon", "coordinates": [[[119.4285878, 32.3842922], [119.4285914, 32.3853835], [119.4309621, 32.3853835], [119.4309621, 32.3849719], [119.429974, 32.3849324], [119.4298135, 32.3848561], [119.4288132, 32.3841355], [119.4285878, 32.3842922]]]}, "properties": {"id": -347, "name": "东关坊", "kind": "坊", "category": "area", "hours": "全天", "group": "聚落", "icon": "ward", "icon_lon": 119.42900542077872, "icon_lat": 32.38457415}}, {"type": "Feature", "geometry": {"type": "Polygon", "coordinates": [[[119.4310047, 32.3853835], [119.4326744, 32.3853835], [119.4326766, 32.3850111], [119.4310047, 32.3849729], [119.4310047, 32.3853835]]]}, "properties": {"id": -348, "name": "通泗坊", "kind": "坊", "category": "area", "hours": "全天", "group": "聚落", "icon": "ward", "icon_lon": 119.43184009999999, "icon_lat": 32.3851973}}, {"type": "Feature", "geometry": {"type": "Polygon", "coordinates": [[[119.4310047, 32.3854197], [119.4310046, 32.3858549], [119.4321406, 32.3858986], [119.4326905, 32.385836], [119.4326742, 32.3854197], [119.4310047, 32.3854197]]]}, "properties": {"id": -349, "name": "大东门坊", "kind": "坊", "category": "area", "hours": "全天", "group": "聚落", "icon": "ward", "icon_lon": 119.4318435010857, "icon_lat": 32.38562785}}, {"type": "Feature", "geometry": {"type": "Polygon", "coordinates": [[[119.4327012, 32.3859863], [119.4320186, 32.3860232], [119.4320186, 32.3870827], [119.4327651, 32.3870827], [119.4327012, 32.3859863]]]}, "properties": {"id": -350, "name": "小东门坊", "kind": "坊", "category": "area", "hours": "全天", "group": "聚落", "icon": "ward", "icon_lon": 119.43237641264821, "icon_lat": 32.386552949999995}}, {"type": "Feature", "geometry": {"type": "Polygon", "coordinates": [[[119.4327659, 32.3871188], [119.4320186, 32.3871188], [119.4320186, 32.3893345], [119.4326086, 32.3893345], [119.432609, 32.3886763], [119.4326577, 32.3880424], [119.4327798, 32.3874056], [119.4327659, 32.3871188]]]}, "properties": {"id": -351, "name": "湾子坊", "kind": "坊", "category": "area", "hours": "全天", "group": "聚落", "icon": "ward", "icon_lon": 119.432325975, "icon_lat": 32.38835935}}, {"type": "Feature", "geometry": {"type": "Polygon", "coordinates": [[[119.4326106, 32.3893707], [119.4320186, 32.3893707], [119.4320186, 32.390561], [119.4324093, 32.390561], [119.4327459, 32.3906105], [119.4326106, 32.3893707]]]}, "properties": {"id": -352, "name": "彩衣坊", "kind": "坊", "category": "area", "hours": "全天", "group": "聚落", "icon": "ward", "icon_lon": 119.43234707451, "icon_lat": 32.389965849999996}}, {"type": "Feature", "geometry": {"type": "Polygon", "coordinates": [[[119.4324922, 32.3906138], [119.4317722, 32.3906064], [119.4317722, 32.3915629], [119.4327308, 32.3915629], [119.4326921, 32.3911349], [119.4327411, 32.3906558], [119.4324922, 32.3906138]]]}, "properties": {"id": -353, "name": "文峰坊", "kind": "坊", "category": "area", "hours": "全天", "group": "聚落", "icon": "ward", "icon_lon": 119.4322444, "icon_lat": 32.390895349999994}}, {"type": "Feature", "geometry": {"type": "Polygon", "coordinates": [[[119.4327325, 32.3915991], [119.4317722, 32.3915991], [119.4317722, 32.3936767], [119.432825, 32.3936767], [119.4327853, 32.3921417], [119.4327325, 32.3915991]]]}, "properties": {"id": -354, "name": "琼花坊", "kind": "坊", "category": "area", "hours": "全天", "group": "聚落", "icon": "ward", "icon_lon": 119.432288675, "icon_lat": 32.392909200000005}}, {"type": "Feature", "geometry": {"type": "Polygon", "coordinates": [[[119.4328255, 32.3937129], [119.4317722, 32.3937129], [119.4317722, 32.3960039], [119.4328788, 32.3960024], [119.4328255, 32.3937129]]]}, "properties": {"id": -355, "name": "广陵坊", "kind": "坊", "category": "area", "hours": "全天", "group": "聚落", "icon": "ward", "icon_lon": 119.43231217499999, "icon_lat": 32.39485765}}, {"type": "Feature", "geometry": {"type": "Polygon", "coordinates": [[[119.4336385, 32.3907544], [119.433513, 32.3892756], [119.4335149, 32.3887477], [119.4336849, 32.3877085], [119.4336879, 32.3870213], [119.4336673, 32.3862865], [119.4335642, 32.3856865], [119.433534, 32.385704], [119.4336316, 32.3874511], [119.4335057, 32.3881075], [119.4334457, 32.3891755], [119.4336054, 32.3904666], [119.4335861, 32.3907471], [119.4336385, 32.3907544]]]}, "properties": {"id": -356, "name": "汶河坊", "kind": "坊", "category": "area", "hours": "全天", "group": "聚落", "icon": "ward", "icon_lon": 119.43352749058633, "icon_lat": 32.3884276}}, {"type": "Feature", "geometry": {"type": "Polygon", "coordinates": [[[119.4339378, 32.3852679], [119.4343296, 32.3850908], [119.4346824, 32.3849969], [119.4335279, 32.3850143], [119.4335249, 32.3855207], [119.4339378, 32.3852679]]]}, "properties": {"id": -357, "name": "盐阜坊", "kind": "坊", "category": "area", "hours": "全天", "group": "聚落", "icon": "ward", "icon_lon": 119.43383031110781, "icon_lat": 32.38517935}}, {"type": "Feature", "geometry": {"type": "Polygon", "coordinates": [[[119.4268745, 32.3835], [119.4269557, 32.3839768], [119.4272929, 32.3839178], [119.4275854, 32.3839251], [119.4279881, 32.3837717], [119.4282137, 32.383617], [119.4280969, 32.3835], [119.4268745, 32.3835]]]}, "properties": {"id": -358, "name": "便益门坊", "kind": "坊", "category": "area", "hours": "全天", "group": "聚落", "icon": "ward", "icon_lon": 119.42750424909815, "icon_lat": 32.38369435}}, {"type": "Feature", "geometry": {"type": "Polygon", "coordinates": [[[119.4271677, 32.3854197], [119.4271562, 32.3856906], [119.4285488, 32.3857476], [119.4285488, 32.3854197], [119.4271677, 32.3854197]]]}, "properties": {"id": -359, "name": "徐凝门坊", "kind": "坊", "category": "area", "hours": "全天", "group": "聚落", "icon": "ward", "icon_lon": 119.42785537500001, "icon_lat": 32.38555515}}, {"type": "Feature", "geometry": {"type": "Polygon", "coordinates": [[[119.4309621, 32.3858532], [119.4309621, 32.3854197], [119.4285914, 32.3854197], [119.4285913, 32.3857495], [119.4309621, 32.3858532]]]}, "properties": {"id": -360, "name": "南河下坊", "kind": "坊", "category": "area", "hours": "全天", "group": "聚落", "icon": "ward", "icon_lon": 119.42977672500001, "icon_lat": 32.3855846}}, {"type": "Feature", "geometry": {"type": "Polygon", "coordinates": [[[119.4319761, 32.3860219], [119.4288287, 32.3858853], [119.4288287, 32.3870827], [119.431976, 32.3870827], [119.4319761, 32.3860219]]]}, "properties": {"id": -361, "name": "梅岭坊", "kind": "坊", "category": "area", "hours": "全天", "group": "聚落", "icon": "ward", "icon_lon": 119.430402375, "icon_lat": 32.386552300000005}}, {"type": "Feature", "geometry": {"type": "Polygon", "coordinates": [[[119.4287862, 32.3858832], [119.4273177, 32.3858346], [119.4274091, 32.3859417], [119.4275, 32.3862466], [119.4275557, 32.3870827], [119.4287861, 32.3870827], [119.4287862, 32.3858832]]]}, "properties": {"id": -362, "name": "竹西坊", "kind": "坊", "category": "area", "hours": "全天", "group": "聚落", "icon": "ward", "icon_lon": 119.42815699242601, "icon_lat": 32.38666465}}, {"type": "Feature", "geometry": {"type": "Polygon", "coordinates": [[[119.4275581, 32.3871188], [119.4277488, 32.3893346], [119.4287861, 32.3893345], [119.4287861, 32.3871188], [119.4275581, 32.3871188]]]}, "properties": {"id": -363, "name": "皮市坊", "kind": "坊", "category": "area", "hours": "全天", "group": "聚落", "icon": "ward", "icon_lon": 119.42821977284841, "icon_lat": 32.38822665}}, {"type": "Feature", "geometry": {"type": "Polygon", "coordinates": [[[119.4278388, 32.3902687], [119.4287861, 32.3903619], [119.4287861, 32.3893707], [119.4277523, 32.3893707], [119.4278388, 32.3902687]]]}, "properties": {"id": -364, "name": "教场坊", "kind": "坊", "category": "area", "hours": "全天", "group": "聚落", "icon": "ward", "icon_lon": 119.428290825, "icon_lat": 32.389819700000004}}, {"type": "Feature", "geometry": {"type": "Polygon", "coordinates": [[[119.4288286, 32.3903651], [119.4314068, 32.3905663], [119.431976, 32.3905611], [119.431976, 32.3893707], [119.4288287, 32.3893707], [119.4288286, 32.3903651]]]}, "properties": {"id": -365, "name": "辕门坊", "kind": "坊", "category": "area", "hours": "全天", "group": "聚落", "icon": "ward", "icon_lon": 119.430402325, "icon_lat": 32.3898679}}, {"type": "Feature", "geometry": {"type": "Polygon", "coordinates": [[[119.4314066, 32.3906115], [119.4293532, 32.3904495], [119.4293532, 32.3915629], [119.4317297, 32.3915629], [119.4317297, 32.3906064], [119.4314066, 32.3906115]]]}, "properties": {"id": -366, "name": "御码头坊", "kind": "坊", "category": "area", "hours": "全天", "group": "聚落", "icon": "ward", "icon_lon": 119.43054144999999, "icon_lat": 32.3910872}}, {"type": "Feature", "geometry": {"type": "Polygon", "coordinates": [[[119.4293108, 32.3904463], [119.4278423, 32.3903148], [119.4279273, 32.3915629], [119.4293107, 32.3915629], [119.4293108, 32.3904463]]]}, "properties": {"id": -367, "name": "莲花坊", "kind": "坊", "category": "area", "hours": "全天", "group": "聚落", "icon": "ward", "icon_lon": 119.42860001390312, "icon_lat": 32.3910046}}, {"type": "Feature", "geometry": {"type": "Polygon", "coordinates": [[[119.4279297, 32.3915991], [119.4280918, 32.3936768], [119.4293107, 32.3936767], [119.4293107, 32.3915991], [119.4279297, 32.3915991]]]}, "properties": {"id": -368, "name": "双桂坊", "kind": "坊", "category": "area", "hours": "全天", "group": "聚落", "icon": "ward", "icon_lon": 119.42866072304953, "icon_lat": 32.3926379}}, {"type": "Feature", "geometry": {"type": "Polygon", "coordinates": [[[119.4280952, 32.3937129], [119.42826, 32.3958258], [119.428344, 32.3960445], [119.4288287, 32.3960058], [119.4293107, 32.3960056], [119.4293107, 32.3937129], [119.4280952, 32.3937129]]]}, "properties": {"id": -369, "name": "崇儒坊", "kind": "坊", "category": "area", "hours": "全天", "group": "聚落", "icon": "ward", "icon_lon": 119.42874415, "icon_lat": 32.39476935}}, {"type": "Feature", "geometry": {"type": "Polygon", "coordinates": [[[119.4293532, 32.3960056], [119.4317297, 32.396004], [119.4317297, 32.3937129], [119.4293532, 32.3937129], [119.4293532, 32.3960056]]]}, "properties": {"id": -370, "name": "崇俭坊", "kind": "坊", "category": "area", "hours": "全天", "group": "聚落", "icon": "ward", "icon_lon": 119.43054144999999, "icon_lat": 32.39485845}}, {"type": "Feature", "geometry": {"type": "Polygon", "coordinates": [[[119.4365423, 32.3841548], [119.4366694, 32.3835], [119.4294122, 32.3835], [119.4303043, 32.3841427], [119.4331068, 32.3842066], [119.4365423, 32.3841548]]]}, "properties": {"id": -371, "name": "务本坊", "kind": "坊", "category": "area", "hours": "全天", "group": "聚落", "icon": "ward", "icon_lon": 119.43323263716783, "icon_lat": 32.38382135}}, {"type": "Feature", "geometry": {"type": "Polygon", "coordinates": [[[119.4367048, 32.3841523], [119.4445066, 32.3840346], [119.4444734, 32.3835], [119.4368287, 32.3835], [119.4367048, 32.3841523]]]}, "properties": {"id": -372, "name": "观德坊", "kind": "坊", "category": "area", "hours": "全天", "group": "聚落", "icon": "ward", "icon_lon": 119.44063396408094, "icon_lat": 32.3837673}}, {"type": "Feature", "geometry": {"type": "Polygon", "coordinates": [[[119.4445266, 32.3835], [119.4445598, 32.3840338], [119.445264, 32.3840232], [119.4471303, 32.3837829], [119.4467975, 32.3835], [119.4445266, 32.3835]]]}, "properties": {"id": -373, "name": "清宁坊", "kind": "坊", "category": "area", "hours": "全天", "group": "聚落", "icon": "ward", "icon_lon": 119.44574964878231, "icon_lat": 32.38364145}}, {"type": "Feature", "geometry": {"type": "Polygon", "coordinates": [[[119.4445597, 32.3852433], [119.447353, 32.3851475], [119.4475969, 32.3851813], [119.447863, 32.3852759], [119.4480545, 32.3853983], [119.4482563, 32.3856227], [119.4483453, 32.3857813], [119.4483782, 32.3859549], [119.4482686, 32.3886456], [119.4483661, 32.3891321], [119.4484596, 32.3905559], [119.4485, 32.3905572], [119.4485, 32.3886984], [119.4484608, 32.388206], [119.4485, 32.3868286], [119.4485, 32.3850564], [119.4483244, 32.3848404], [119.4475987, 32.3845458], [119.445376, 32.384832], [119.4445826, 32.3848475], [119.4445597, 32.3852433]]]}, "properties": {"id": -374, "name": "敦化坊", "kind": "坊", "category": "area", "hours": "全天", "group": "聚落", "icon": "ward", "icon_lon": 119.44839747946259, "icon_lat": 32.3875173}}, {"type": "Feature", "geometry": {"type": "Polygon", "coordinates": [[[119.4480525, 32.3924871], [119.4478436, 32.393036], [119.4477452, 32.3935187], [119.4475912, 32.3958724], [119.4475242, 32.3974886], [119.4477441, 32.3974901], [119.4477901, 32.394513], [119.4479706, 32.3930451], [119.4485, 32.3913912], [119.4485, 32.3907037], [119.4484523, 32.3907032], [119.4480525, 32.3924871]]]}, "properties": {"id": -375, "name": "乐善坊", "kind": "坊", "category": "area", "hours": "全天", "group": "聚落", "icon": "ward", "icon_lon": 119.44778195198148, "icon_lat": 32.39401585}}, {"type": "Feature", "geometry": {"type": "Polygon", "coordinates": [[[119.4475158, 32.3977102], [119.4474565, 32.4003102], [119.4470395, 32.4024077], [119.4469553, 32.4031372], [119.4469224, 32.4036197], [119.4470478, 32.403673], [119.447141, 32.4037616], [119.4470548, 32.4042472], [119.4470934, 32.4042485], [119.4471919, 32.4041648], [119.4472947, 32.4033106], [119.4477327, 32.3977168], [119.4475158, 32.3977102]]]}, "properties": {"id": -376, "name": "兴仁坊", "kind": "坊", "category": "area", "hours": "全天", "group": "聚落", "icon": "ward", "icon_lon": 119.44734775804999, "icon_lat": 32.40135895}}, {"type": "Feature", "geometry": {"type": "Polygon", "coordinates": [[[119.4485, 32.403053], [119.4485, 32.4001751], [119.4482586, 32.4032582], [119.4485, 32.403053]]]}, "properties": {"id": -377, "name": "积善坊", "kind": "坊", "category": "area", "hours": "全天", "group": "聚落", "icon": "ward", "icon_lon": 119.44844366667802, "icon_lat": 32.40161405}}, {"type": "Feature", "geometry": {"type": "Polygon", "coordinates": [[[119.4409275, 32.4043354], [119.4408965, 32.4043505], [119.4408762, 32.4043236], [119.4410942, 32.4037523], [119.4399247, 32.4033717], [119.4393841, 32.4032824], [119.4382177, 32.4032311], [119.4381421, 32.4045], [119.4429407, 32.4045], [119.4429591, 32.4044348], [119.4424657, 32.4043284], [119.442085, 32.4040747], [119.4411439, 32.4037684], [119.4409275, 32.4043354]]]}, "properties": {"id": -378, "name": "迎恩坊", "kind": "坊", "category": "area", "hours": "全天", "group": "聚落", "icon": "ward", "icon_lon": 119.43960309008031, "icon_lat": 32.40392155}}, {"type": "Feature", "geometry": {"type": "Polygon", "coordinates": [[[119.4310604, 32.4027002], [119.4307476, 32.4027198], [119.4304837, 32.4028197], [119.4304872, 32.4039053], [119.4328598, 32.4039053], [119.4328608, 32.4027637], [119.4324622, 32.4026573], [119.4315621, 32.4028265], [119.4310604, 32.4027002]]]}, "properties": {"id": -379, "name": "太仁坊", "kind": "坊", "category": "area", "hours": "全天", "group": "聚落", "icon": "ward", "icon_lon": 119.4316728667282, "icon_lat": 32.4033659}}, {"type": "Feature", "geometry": {"type": "Polygon", "coordinates": [[[119.4329023, 32.4039053], [119.4349747, 32.4039054], [119.4350422, 32.4030917], [119.4339209, 32.4030412], [119.4329023, 32.4027748], [119.4329023, 32.4039053]]]}, "properties": {"id": -380, "name": "太丰坊", "kind": "坊", "category": "area", "hours": "全天", "group": "聚落", "icon": "ward", "icon_lon": 119.43395537707386, "icon_lat": 32.4034985}}, {"type": "Feature", "geometry": {"type": "Polygon", "coordinates": [[[119.4350839, 32.4045], [119.4380889, 32.4045], [119.4381646, 32.4032288], [119.4352145, 32.4030993], [119.4350839, 32.4045]]]}, "properties": {"id": -381, "name": "太明坊", "kind": "坊", "category": "area", "hours": "全天", "group": "聚落", "icon": "ward", "icon_lon": 119.4366349563843, "icon_lat": 32.4038644}}, {"type": "Feature", "geometry": {"type": "Polygon", "coordinates": [[[119.4297961, 32.4032212], [119.4293494, 32.4033491], [119.4290111, 32.4033797], [119.4289947, 32.4039053], [119.4304447, 32.4039053], [119.4304447, 32.4028418], [119.4297961, 32.4032212]]]}, "properties": {"id": -382, "name": "太泉坊", "kind": "坊", "category": "area", "hours": "全天", "group": "聚落", "icon": "ward", "icon_lon": 119.429812475, "icon_lat": 32.4033644}}, {"type": "Feature", "geometry": {"type": "Polygon", "coordinates": [[[119.4304447, 32.4045], [119.4304447, 32.4039415], [119.4289936, 32.4039415], [119.4289763, 32.4045], [119.4304447, 32.4045]]]}, "properties": {"id": -383, "name": "太关坊", "kind": "坊", "category": "area", "hours": "全天", "group": "聚落", "icon": "ward", "icon_lon": 119.42971482499999, "icon_lat": 32.40422075}}, {"type": "Feature", "geometry": {"type": "Polygon", "coordinates": [[[119.4328598, 32.4039415], [119.4304872, 32.4039415], [119.4304872, 32.4045], [119.4328598, 32.4045], [119.4328598, 32.4039415]]]}, "properties": {"id": -384, "name": "太泗坊", "kind": "坊", "category": "area", "hours": "全天", "group": "聚落", "icon": "ward", "icon_lon": 119.4316735, "icon_lat": 32.40422075}}, {"type": "Feature", "geometry": {"type": "Polygon", "coordinates": [[[119.4349717, 32.4039415], [119.4329023, 32.4039415], [119.4329023, 32.4045], [119.4349254, 32.4045], [119.4349717, 32.4039415]]]}, "properties": {"id": -385, "name": "太门坊", "kind": "坊", "category": "area", "hours": "全天", "group": "聚落", "icon": "ward", "icon_lon": 119.433925425, "icon_lat": 32.40422075}}, {"type": "Feature", "geometry": {"type": "Polygon", "coordinates": [[[119.4255045, 32.4037006], [119.4276082, 32.4038081], [119.4276259, 32.4036628], [119.4281611, 32.4033278], [119.4281685, 32.4030887], [119.4281174, 32.403037], [119.4267847, 32.4029893], [119.4255121, 32.4031225], [119.4255045, 32.4037006]]]}, "properties": {"id": -386, "name": "太子坊", "kind": "坊", "category": "area", "hours": "全天", "group": "聚落", "icon": "ward", "icon_lon": 119.4267003494897, "icon_lat": 32.4034953}}, {"type": "Feature", "geometry": {"type": "Polygon", "coordinates": [[[119.4276712, 32.4036901], [119.4276365, 32.4038544], [119.425503, 32.4037458], [119.4254954, 32.403899], [119.4262025, 32.4045], [119.4281247, 32.4045], [119.4281594, 32.403385], [119.4276712, 32.4036901]]]}, "properties": {"id": -387, "name": "太衣坊", "kind": "坊", "category": "area", "hours": "全天", "group": "聚落", "icon": "ward", "icon_lon": 119.42699150094171, "icon_lat": 32.404199500000004}}, {"type": "Feature", "geometry": {"type": "Polygon", "coordinates": [[[119.4252847, 32.4036955], [119.4252918, 32.4031189], [119.4245633, 32.4031068], [119.4252544, 32.4036942], [119.4252847, 32.4036955]]]}, "properties": {"id": -388, "name": "太峰坊", "kind": "坊", "category": "area", "hours": "全天", "group": "聚落", "icon": "ward", "icon_lon": 119.4251021130375, "icon_lat": 32.40340655}}, {"type": "Feature", "geometry": {"type": "Polygon", "coordinates": [[[119.4253269, 32.4023948], [119.4253779, 32.4023702], [119.4253456, 32.3994899], [119.4245, 32.3994755], [119.4245, 32.4023821], [119.4253269, 32.4023948]]]}, "properties": {"id": -389, "name": "太花坊", "kind": "坊", "category": "area", "hours": "全天", "group": "聚落", "icon": "ward", "icon_lon": 119.424930875, "icon_lat": 32.40093005}}, {"type": "Feature", "geometry": {"type": "Polygon", "coordinates": [[[119.4253552, 32.3980917], [119.4245, 32.3980814], [119.4245, 32.3994303], [119.4253455, 32.3994447], [119.4253552, 32.3980917]]]}, "properties": {"id": -390, "name": "太陵坊", "kind": "坊", "category": "area", "hours": "全天", "group": "聚落", "icon": "ward", "icon_lon": 119.42492520080931, "icon_lat": 32.398761}}, {"type": "Feature", "geometry": {"type": "Polygon", "coordinates": [[[119.4253555, 32.3980465], [119.4253991, 32.3965189], [119.4245, 32.3965164], [119.4245, 32.3980362], [119.4253555, 32.3980465]]]}, "properties": {"id": -391, "name": "太河坊", "kind": "坊", "category": "area", "hours": "全天", "group": "聚落", "icon": "ward", "icon_lon": 119.42493872349436, "icon_lat": 32.39727755}}, {"type": "Feature", "geometry": {"type": "Polygon", "coordinates": [[[119.4245, 32.3962672], [119.4254044, 32.3962805], [119.4254299, 32.394818], [119.4245, 32.3948319], [119.4245, 32.3962672]]]}, "properties": {"id": -392, "name": "太阜坊", "kind": "坊", "category": "area", "hours": "全天", "group": "聚落", "icon": "ward", "icon_lon": 119.42495857238461, "icon_lat": 32.39554955}}, {"type": "Feature", "geometry": {"type": "Polygon", "coordinates": [[[119.4254307, 32.3947727], [119.4254561, 32.3940104], [119.4252456, 32.3926975], [119.4252407, 32.390415], [119.4253433, 32.3888703], [119.4253163, 32.3887328], [119.4251772, 32.3885488], [119.4248211, 32.3882767], [119.4246743, 32.3881129], [119.4245527, 32.3877828], [119.4245, 32.3877806], [119.4245, 32.3947867], [119.4254307, 32.3947727]]]}, "properties": {"id": -393, "name": "太益坊", "kind": "坊", "category": "area", "hours": "全天", "group": "聚落", "icon": "ward", "icon_lon": 119.424871575, "icon_lat": 32.391556249999994}}, {"type": "Feature", "geometry": {"type": "Polygon", "coordinates": [[[119.4245, 32.3877039], [119.4246281, 32.3877359], [119.4247477, 32.3880757], [119.4248838, 32.3882276], [119.4252411, 32.3885005], [119.4253965, 32.3887065], [119.4254286, 32.3888703], [119.4253757, 32.3896661], [119.4259684, 32.3896661], [119.4259684, 32.3870183], [119.4246824, 32.3870182], [119.4246262, 32.3876796], [119.4245952, 32.3877062], [119.4245, 32.3877039]]]}, "properties": {"id": -394, "name": "太凝坊", "kind": "坊", "category": "area", "hours": "全天", "group": "聚落", "icon": "ward", "icon_lon": 119.425515425, "icon_lat": 32.38836405}}, {"type": "Feature", "geometry": {"type": "Polygon", "coordinates": [[[119.427116, 32.3897022], [119.426011, 32.3897023], [119.4260108, 32.3900476], [119.4271601, 32.3901688], [119.427116, 32.3897022]]]}, "properties": {"id": -395, "name": "太下坊", "kind": "坊", "category": "area", "hours": "全天", "group": "聚落", "icon": "ward", "icon_lon": 119.42657161360373, "icon_lat": 32.38987495000001}}, {"type": "Feature", "geometry": {"type": "Polygon", "coordinates": [[[119.4269621, 32.388072], [119.4269851, 32.3880501], [119.4274379, 32.3880371], [119.4273414, 32.3870182], [119.426011, 32.3870183], [119.426011, 32.3896661], [119.4271126, 32.3896661], [119.4269621, 32.388072]]]}, "properties": {"id": -396, "name": "太岭坊", "kind": "坊", "category": "area", "hours": "全天", "group": "聚落", "icon": "ward", "icon_lon": 119.426524175, "icon_lat": 32.38886905}}, {"type": "Feature", "geometry": {"type": "Polygon", "coordinates": [[[119.4271445, 32.3859117], [119.4269732, 32.3857576], [119.426011, 32.385739], [119.426011, 32.3869821], [119.427338, 32.3869821], [119.4272714, 32.3862865], [119.4271445, 32.3859117]]]}, "properties": {"id": -397, "name": "太市坊", "kind": "坊", "category": "area", "hours": "全天", "group": "聚落", "icon": "ward", "icon_lon": 119.42665785, "icon_lat": 32.3866343}}, {"type": "Feature", "geometry": {"type": "Polygon", "coordinates": [[[119.4257121, 32.385734], [119.4253218, 32.3860087], [119.4249501, 32.386343], [119.4247744, 32.3865916], [119.4246863, 32.3869821], [119.4259684, 32.3869821], [119.4259684, 32.3857383], [119.4257121, 32.385734]]]}, "properties": {"id": -398, "name": "太场坊", "kind": "坊", "category": "area", "hours": "全天", "group": "聚落", "icon": "ward", "icon_lon": 119.425415325, "icon_lat": 32.3864673}}, {"type": "Feature", "geometry": {"type": "Polygon", "coordinates": [[[119.4323049, 32.4019454], [119.4324192, 32.4008887], [119.4326559, 32.399628], [119.432336, 32.3996207], [119.4321968, 32.4000093], [119.4318944, 32.4002793], [119.4312188, 32.4018246], [119.4311309, 32.4019581], [119.4315984, 32.4020893], [119.4323049, 32.4019454]]]}, "properties": {"id": -399, "name": "太辕坊", "kind": "坊", "category": "area", "hours": "全天", "group": "聚落", "icon": "ward", "icon_lon": 119.43211879723324, "icon_lat": 32.400584}}, {"type": "Feature", "geometry": {"type": "Polygon", "coordinates": [[[119.4326679, 32.399583], [119.4328275, 32.3991707], [119.4331031, 32.3986599], [119.433522, 32.397527], [119.4330782, 32.3985314], [119.4324607, 32.3993567], [119.4323495, 32.3995757], [119.4326679, 32.399583]]]}, "properties": {"id": -400, "name": "太头坊", "kind": "坊", "category": "area", "hours": "全天", "group": "聚落", "icon": "ward", "icon_lon": 119.43307849217342, "icon_lat": 32.398595650000004}}, {"type": "Feature", "geometry": {"type": "Polygon", "coordinates": [[[119.4328732, 32.3961944], [119.4299777, 32.3961839], [119.4299777, 32.3974278], [119.4326569, 32.397429], [119.4327971, 32.3971072], [119.432855, 32.3968249], [119.4328732, 32.3961944]]]}, "properties": {"id": -401, "name": "太桂坊", "kind": "坊", "category": "area", "hours": "全天", "group": "聚落", "icon": "ward", "icon_lon": 119.4314209, "icon_lat": 32.39650965}}, {"type": "Feature", "geometry": {"type": "Polygon", "coordinates": [[[119.4299777, 32.397464], [119.4299777, 32.3995073], [119.4306293, 32.3995008], [119.4314813, 32.399541], [119.4315531, 32.3993081], [119.4316985, 32.3990335], [119.4323145, 32.3982073], [119.4326415, 32.397464], [119.4299777, 32.397464]]]}, "properties": {"id": -402, "name": "太儒坊", "kind": "坊", "category": "area", "hours": "全天", "group": "聚落", "icon": "ward", "icon_lon": 119.4309921, "icon_lat": 32.3986204}}, {"type": "Feature", "geometry": {"type": "Polygon", "coordinates": [[[119.4314678, 32.3995857], [119.4306272, 32.399546], [119.4286248, 32.3995662], [119.4286848, 32.4008048], [119.4286908, 32.4021036], [119.4287322, 32.4022818], [119.4290307, 32.4022381], [119.4295116, 32.4021168], [119.4299814, 32.4019156], [119.430188, 32.4018754], [119.4304359, 32.4015381], [119.4311467, 32.3999184], [119.4314548, 32.399629], [119.4314678, 32.3995857]]]}, "properties": {"id": -403, "name": "太俭坊", "kind": "坊", "category": "area", "hours": "全天", "group": "聚落", "icon": "ward", "icon_lon": 119.42964164846842, "icon_lat": 32.40117145000001}}, {"type": "Feature", "geometry": {"type": "Polygon", "coordinates": [[[119.4286803, 32.3962165], [119.4285888, 32.3962683], [119.4285075, 32.3963711], [119.4284668, 32.3964999], [119.4285146, 32.3974279], [119.4299351, 32.3974278], [119.4299351, 32.3961838], [119.428845, 32.3961798], [119.4286803, 32.3962165]]]}, "properties": {"id": -404, "name": "太本坊", "kind": "坊", "category": "area", "hours": "全天", "group": "聚落", "icon": "ward", "icon_lon": 119.42921289871228, "icon_lat": 32.396963850000006}}, {"type": "Feature", "geometry": {"type": "Polygon", "coordinates": [[[119.4299352, 32.3995078], [119.4299351, 32.397464], [119.4285164, 32.397464], [119.4286224, 32.399521], [119.4299352, 32.3995078]]]}, "properties": {"id": -405, "name": "太德坊", "kind": "坊", "category": "area", "hours": "全天", "group": "聚落", "icon": "ward", "icon_lon": 119.42925210494653, "icon_lat": 32.3984859}}, {"type": "Feature", "geometry": {"type": "Polygon", "coordinates": [[[119.4284095, 32.4023222], [119.4283406, 32.4020388], [119.4283503, 32.4007756], [119.4269417, 32.4007757], [119.4269416, 32.4022708], [119.4284095, 32.4023222]]]}, "properties": {"id": -406, "name": "太宁坊", "kind": "坊", "category": "area", "hours": "全天", "group": "聚落", "icon": "ward", "icon_lon": 119.42764355368737, "icon_lat": 32.40140725}}, {"type": "Feature", "geometry": {"type": "Polygon", "coordinates": [[[119.4268991, 32.4007757], [119.4254441, 32.4007757], [119.4254631, 32.4023755], [119.4257987, 32.4023718], [119.4267086, 32.402268], [119.4268991, 32.4022692], [119.4268991, 32.4007757]]]}, "properties": {"id": -407, "name": "太化坊", "kind": "坊", "category": "area", "hours": "全天", "group": "聚落", "icon": "ward", "icon_lon": 119.42617603081948, "icon_lat": 32.401521849999995}}, {"type": "Feature", "geometry": {"type": "Polygon", "coordinates": [[[119.4283481, 32.4007395], [119.4282817, 32.399646], [119.4278288, 32.3996339], [119.4276954, 32.3995365], [119.4269417, 32.3995215], [119.4269417, 32.4007395], [119.4283481, 32.4007395]]]}, "properties": {"id": -408, "name": "太善坊", "kind": "坊", "category": "area", "hours": "全天", "group": "聚落", "icon": "ward", "icon_lon": 119.42762830000001, "icon_lat": 32.40019275}}, {"type": "Feature", "geometry": {"type": "Polygon", "coordinates": [[[119.4254307, 32.3994915], [119.4254436, 32.4007395], [119.4268991, 32.4007395], [119.4268991, 32.3995207], [119.4254307, 32.3994915]]]}, "properties": {"id": -409, "name": "太恩坊", "kind": "坊", "category": "area", "hours": "全天", "group": "聚落", "icon": "ward", "icon_lon": 119.42616820045673, "icon_lat": 32.4001301}}, {"type": "Feature", "geometry": {"type": "Polygon", "coordinates": [[[119.426899, 32.3974395], [119.4254544, 32.3974395], [119.4254306, 32.3994462], [119.426899, 32.3994754], [119.426899, 32.3974395]]]}, "properties": {"id": -410, "name": "太阳坊", "kind": "坊", "category": "area", "hours": "全天", "group": "聚落", "icon": "ward", "icon_lon": 119.42617075000001, "icon_lat": 32.398442849999995}}, {"type": "Feature", "geometry": {"type": "Polygon", "coordinates": [[[119.4277937, 32.3994064], [119.4282659, 32.3993853], [119.4281462, 32.3974394], [119.4269416, 32.3974395], [119.4269416, 32.3994763], [119.427695, 32.3994913], [119.4277937, 32.3994064]]]}, "properties": {"id": -411, "name": "太安坊", "kind": "坊", "category": "area", "hours": "全天", "group": "聚落", "icon": "ward", "icon_lon": 119.42757382653785, "icon_lat": 32.3984124}}, {"type": "Feature", "geometry": {"type": "Polygon", "coordinates": [[[119.4280731, 32.3967036], [119.4279488, 32.3965962], [119.4279564, 32.396535], [119.4280044, 32.396516], [119.4281502, 32.3965511], [119.4282472, 32.3965347], [119.4283738, 32.3964095], [119.4283691, 32.3962985], [119.4282668, 32.396156], [119.4280587, 32.3961883], [119.4279729, 32.396248], [119.4279305, 32.3963423], [119.4279588, 32.3964795], [119.4279135, 32.3965227], [119.427735, 32.396484], [119.4269416, 32.3964835], [119.4269416, 32.3974033], [119.428144, 32.3974033], [119.4281055, 32.3967768], [119.4280731, 32.3967036]]]}, "properties": {"id": -412, "name": "永平坊", "kind": "坊", "category": "area", "hours": "全天", "group": "聚落", "icon": "ward", "icon_lon": 119.42753317500001, "icon_lat": 32.39709005}}, {"type": "Feature", "geometry": {"type": "Polygon", "coordinates": [[[119.4254843, 32.3965162], [119.4254556, 32.3974033], [119.426899, 32.3974033], [119.426899, 32.3964835], [119.4260206, 32.3964831], [119.4254843, 32.3965162]]]}, "properties": {"id": -413, "name": "永仁坊", "kind": "坊", "category": "area", "hours": "全天", "group": "聚落", "icon": "ward", "icon_lon": 119.42618447500001, "icon_lat": 32.39695975}}, {"type": "Feature", "geometry": {"type": "Polygon", "coordinates": [[[119.4278731, 32.3961775], [119.4279922, 32.396], [119.4280351, 32.3958734], [119.427952, 32.3947818], [119.4276836, 32.3947873], [119.4277089, 32.395376], [119.4277749, 32.3953906], [119.4277988, 32.395609], [119.4275827, 32.3956354], [119.4275898, 32.3957512], [119.4276435, 32.3957693], [119.4276175, 32.3957964], [119.4275388, 32.3957796], [119.4275232, 32.3954513], [119.4276578, 32.3954204], [119.4276303, 32.3947884], [119.4274638, 32.3947913], [119.4272831, 32.3947457], [119.4255151, 32.394815], [119.4254895, 32.3962808], [119.4276224, 32.3962752], [119.4278731, 32.3961775]]]}, "properties": {"id": -414, "name": "永丰坊", "kind": "坊", "category": "area", "hours": "全天", "group": "聚落", "icon": "ward", "icon_lon": 119.42651477837869, "icon_lat": 32.39553015}}, {"type": "Feature", "geometry": {"type": "Polygon", "coordinates": [[[119.4279486, 32.3947366], [119.4276357, 32.3902856], [119.4272165, 32.3902218], [119.4273062, 32.3917322], [119.4274557, 32.3934398], [119.4274952, 32.3947459], [119.4279486, 32.3947366]]]}, "properties": {"id": -415, "name": "永明坊", "kind": "坊", "category": "area", "hours": "全天", "group": "聚落", "icon": "ward", "icon_lon": 119.42758918269041, "icon_lat": 32.392586}}, {"type": "Feature", "geometry": {"type": "Polygon", "coordinates": [[[119.4268966, 32.3856819], [119.4261806, 32.3849309], [119.4258277, 32.3850149], [119.4256596, 32.3851085], [119.4255351, 32.3852251], [119.4255128, 32.3853954], [119.4255391, 32.3857681], [119.4256932, 32.3856615], [119.4268966, 32.3856819]]]}, "properties": {"id": -416, "name": "永泉坊", "kind": "坊", "category": "area", "hours": "全天", "group": "聚落", "icon": "ward", "icon_lon": 119.42603311028628, "icon_lat": 32.38531025}}, {"type": "Feature", "geometry": {"type": "Polygon", "coordinates": [[[119.4272141, 32.3901755], [119.4276319, 32.3902391], [119.4274418, 32.3880823], [119.4270174, 32.3880943], [119.4272141, 32.3901755]]]}, "properties": {"id": -417, "name": "永关坊", "kind": "坊", "category": "area", "hours": "全天", "group": "聚落", "icon": "ward", "icon_lon": 119.42732516299611, "icon_lat": 32.3891349}}, {"type": "Feature", "geometry": {"type": "Polygon", "coordinates": [[[119.4272237, 32.3913078], [119.4268368, 32.3913079], [119.4268368, 32.393455], [119.4274032, 32.393455], [119.4272237, 32.3913078]]]}, "properties": {"id": -418, "name": "永泗坊", "kind": "坊", "category": "area", "hours": "全天", "group": "聚落", "icon": "ward", "icon_lon": 119.42707512708994, "icon_lat": 32.39238145}}, {"type": "Feature", "geometry": {"type": "Polygon", "coordinates": [[[119.4272212, 32.3912717], [119.4271631, 32.3902147], [119.4268368, 32.3901803], [119.4268368, 32.3912717], [119.4272212, 32.3912717]]]}, "properties": {"id": -419, "name": "永门坊", "kind": "坊", "category": "area", "hours": "全天", "group": "聚落", "icon": "ward", "icon_lon": 119.42701447500001, "icon_lat": 32.3907432}}, {"type": "Feature", "geometry": {"type": "Polygon", "coordinates": [[[119.4253519, 32.3900237], [119.4253277, 32.3912717], [119.4267943, 32.3912717], [119.4267944, 32.3901758], [119.4253519, 32.3900237]]]}, "properties": {"id": -420, "name": "永子坊", "kind": "坊", "category": "area", "hours": "全天", "group": "聚落", "icon": "ward", "icon_lon": 119.42606633765624, "icon_lat": 32.39072375}}, {"type": "Feature", "geometry": {"type": "Polygon", "coordinates": [[[119.4253308, 32.3926956], [119.4254437, 32.3934552], [119.4267943, 32.393455], [119.4267943, 32.3913079], [119.4253278, 32.3913079], [119.4253308, 32.3926956]]]}, "properties": {"id": -421, "name": "永衣坊", "kind": "坊", "category": "area", "hours": "全天", "group": "聚落", "icon": "ward", "icon_lon": 119.4260618, "icon_lat": 32.392001750000006}}, {"type": "Feature", "geometry": {"type": "Polygon", "coordinates": [[[119.4255413, 32.394006], [119.4255159, 32.3947697], [119.4267943, 32.3947087], [119.4267943, 32.3934912], [119.4254501, 32.3934912], [119.4255413, 32.394006]]]}, "properties": {"id": -422, "name": "永峰坊", "kind": "坊", "category": "area", "hours": "全天", "group": "聚落", "icon": "ward", "icon_lon": 119.42616195720177, "icon_lat": 32.39435735}}, {"type": "Feature", "geometry": {"type": "Polygon", "coordinates": [[[119.4272889, 32.3947005], [119.427442, 32.3947387], [119.4274049, 32.3934911], [119.4268368, 32.3934912], [119.4268368, 32.394708], [119.4272889, 32.3947005]]]}, "properties": {"id": -423, "name": "永花坊", "kind": "坊", "category": "area", "hours": "全天", "group": "聚落", "icon": "ward", "icon_lon": 119.42712984175418, "icon_lat": 32.39409585}}, {"type": "Feature", "geometry": {"type": "Polygon", "coordinates": [[[119.4283314, 32.3966848], [119.4284696, 32.3995246], [119.4285692, 32.399522], [119.4284166, 32.3965592], [119.4283314, 32.3966848]]]}, "properties": {"id": -424, "name": "永陵坊", "kind": "坊", "category": "area", "hours": "全天", "group": "聚落", "icon": "ward", "icon_lon": 119.42844828563494, "icon_lat": 32.3981034}}, {"type": "Feature", "geometry": {"type": "Polygon", "coordinates": [[[119.4341825, 32.3953811], [119.4351144, 32.3954005], [119.4351144, 32.3941452], [119.4337298, 32.3941452], [119.4337426, 32.3947245], [119.4338179, 32.395307], [119.4341825, 32.3953811]]]}, "properties": {"id": -425, "name": "永河坊", "kind": "坊", "category": "area", "hours": "全天", "group": "聚落", "icon": "ward", "icon_lon": 119.43444732500001, "icon_lat": 32.39501575}}, {"type": "Feature", "geometry": {"type": "Polygon", "coordinates": [[[119.4356485, 32.3953902], [119.4357612, 32.3941452], [119.4351569, 32.3941452], [119.4351569, 32.395402], [119.4356485, 32.3953902]]]}, "properties": {"id": -426, "name": "永阜坊", "kind": "坊", "category": "area", "hours": "全天", "group": "聚落", "icon": "ward", "icon_lon": 119.435430875, "icon_lat": 32.3947677}}, {"type": "Feature", "geometry": {"type": "Polygon", "coordinates": [[[119.4357642, 32.3941091], [119.4359454, 32.3920255], [119.4351569, 32.3920255], [119.4351569, 32.3941091], [119.4357642, 32.3941091]]]}, "properties": {"id": -427, "name": "永益坊", "kind": "坊", "category": "area", "hours": "全天", "group": "聚落", "icon": "ward", "icon_lon": 119.43550585, "icon_lat": 32.3930673}}, {"type": "Feature", "geometry": {"type": "Polygon", "coordinates": [[[119.4359882, 32.3915632], [119.4361279, 32.3907413], [119.4351569, 32.3907762], [119.4351569, 32.3919893], [119.4359487, 32.3919894], [119.4359882, 32.3915632]]]}, "properties": {"id": -428, "name": "永凝坊", "kind": "坊", "category": "area", "hours": "全天", "group": "聚落", "icon": "ward", "icon_lon": 119.43560599199415, "icon_lat": 32.3911697}}, {"type": "Feature", "geometry": {"type": "Polygon", "coordinates": [[[119.4351144, 32.3907767], [119.4336908, 32.3908037], [119.433646, 32.3913706], [119.4337225, 32.3917255], [119.43373, 32.3919894], [119.4351144, 32.3919893], [119.4351144, 32.3907767]]]}, "properties": {"id": -429, "name": "永下坊", "kind": "坊", "category": "area", "hours": "全天", "group": "聚落", "icon": "ward", "icon_lon": 119.434399325, "icon_lat": 32.39154805}}, {"type": "Feature", "geometry": {"type": "Polygon", "coordinates": [[[119.433731, 32.3920255], [119.433729, 32.3941091], [119.4351144, 32.3941091], [119.4351144, 32.3920255], [119.433731, 32.3920255]]]}, "properties": {"id": -430, "name": "永岭坊", "kind": "坊", "category": "area", "hours": "全天", "group": "聚落", "icon": "ward", "icon_lon": 119.4344222, "icon_lat": 32.3930673}}, {"type": "Feature", "geometry": {"type": "Polygon", "coordinates": [[[119.4376961, 32.3906893], [119.440999, 32.3907886], [119.440999, 32.3906007], [119.4376962, 32.3906007], [119.4376961, 32.3906893]]]}, "properties": {"id": -431, "name": "永市坊", "kind": "坊", "category": "area", "hours": "全天", "group": "聚落", "icon": "ward", "icon_lon": 119.440173275, "icon_lat": 32.39073895}}, {"type": "Feature", "geometry": {"type": "Polygon", "coordinates": [[[119.4423707, 32.3908265], [119.4423588, 32.3906007], [119.4410415, 32.3906007], [119.4410415, 32.3907898], [119.4423707, 32.3908265]]]}, "properties": {"id": -432, "name": "永场坊", "kind": "坊", "category": "area", "hours": "全天", "group": "聚落", "icon": "ward", "icon_lon": 119.44170264146368, "icon_lat": 32.39069525}}, {"type": "Feature", "geometry": {"type": "Polygon", "coordinates": [[[119.442361, 32.3905647], [119.4424622, 32.3900809], [119.442613, 32.389724], [119.4420073, 32.3896256], [119.4414382, 32.3894005], [119.4410415, 32.3893467], [119.4410415, 32.3905646], [119.442361, 32.3905647]]]}, "properties": {"id": -433, "name": "永辕坊", "kind": "坊", "category": "area", "hours": "全天", "group": "聚落", "icon": "ward", "icon_lon": 119.44178955, "icon_lat": 32.38990245}}, {"type": "Feature", "geometry": {"type": "Polygon", "coordinates": [[[119.4409993, 32.389341], [119.4402341, 32.3893165], [119.4392652, 32.3894173], [119.4390156, 32.3895154], [119.4376962, 32.3897138], [119.4376962, 32.3905646], [119.440999, 32.3905646], [119.4409993, 32.389341]]]}, "properties": {"id": -434, "name": "永头坊", "kind": "坊", "category": "area", "hours": "全天", "group": "聚落", "icon": "ward", "icon_lon": 119.4393476521494, "icon_lat": 32.3901392}}, {"type": "Feature", "geometry": {"type": "Polygon", "coordinates": [[[119.4376537, 32.3897122], [119.4368838, 32.389696], [119.4362276, 32.3897454], [119.4361929, 32.3905646], [119.4376536, 32.3905646], [119.4376537, 32.3897122]]]}, "properties": {"id": -435, "name": "永桂坊", "kind": "坊", "category": "area", "hours": "全天", "group": "聚落", "icon": "ward", "icon_lon": 119.43693194902627, "icon_lat": 32.390155}}, {"type": "Feature", "geometry": {"type": "Polygon", "coordinates": [[[119.439935, 32.3890533], [119.4401724, 32.3876317], [119.4402734, 32.3875912], [119.4403539, 32.386814], [119.437739, 32.386814], [119.437739, 32.3893468], [119.439346, 32.3893625], [119.4399185, 32.3893041], [119.439935, 32.3890533]]]}, "properties": {"id": -436, "name": "永儒坊", "kind": "坊", "category": "area", "hours": "全天", "group": "聚落", "icon": "ward", "icon_lon": 119.43889635, "icon_lat": 32.3883425}}, {"type": "Feature", "geometry": {"type": "Polygon", "coordinates": [[[119.4403544, 32.3867779], [119.4404008, 32.3863243], [119.4401688, 32.3862731], [119.4402799, 32.3856078], [119.4392858, 32.3855962], [119.4386916, 32.38554], [119.437739, 32.3855696], [119.437739, 32.3867778], [119.4403544, 32.3867779]]]}, "properties": {"id": -437, "name": "永俭坊", "kind": "坊", "category": "area", "hours": "全天", "group": "聚落", "icon": "ward", "icon_lon": 119.438981675, "icon_lat": 32.38594045}}, {"type": "Feature", "geometry": {"type": "Polygon", "coordinates": [[[119.4376965, 32.3855698], [119.4365044, 32.3855298], [119.4363726, 32.3867778], [119.4376965, 32.3867778], [119.4376965, 32.3855698]]]}, "properties": {"id": -438, "name": "永本坊", "kind": "坊", "category": "area", "hours": "全天", "group": "聚落", "icon": "ward", "icon_lon": 119.43706644391025, "icon_lat": 32.386173799999995}}, {"type": "Feature", "geometry": {"type": "Polygon", "coordinates": [[[119.4363042, 32.3873278], [119.4362331, 32.3893468], [119.4376965, 32.3893468], [119.4376965, 32.386814], [119.4363681, 32.3868139], [119.4363042, 32.3873278]]]}, "properties": {"id": -439, "name": "永德坊", "kind": "坊", "category": "area", "hours": "全天", "group": "聚落", "icon": "ward", "icon_lon": 119.436982575, "icon_lat": 32.3883373}}, {"type": "Feature", "geometry": {"type": "Polygon", "coordinates": [[[119.4368806, 32.3896509], [119.4376965, 32.3896686], [119.4376965, 32.389383], [119.4362326, 32.3893829], [119.4362281, 32.3897], [119.4368806, 32.3896509]]]}, "properties": {"id": -440, "name": "永宁坊", "kind": "坊", "category": "area", "hours": "全天", "group": "聚落", "icon": "ward", "icon_lon": 119.43696359884106, "icon_lat": 32.38951695}}, {"type": "Feature", "geometry": {"type": "Polygon", "coordinates": [[[119.437739, 32.3896641], [119.4390021, 32.3894716], [119.439226, 32.389383], [119.437739, 32.389383], [119.437739, 32.3896641]]]}, "properties": {"id": -441, "name": "永化坊", "kind": "坊", "category": "area", "hours": "全天", "group": "聚落", "icon": "ward", "icon_lon": 119.438054775, "icon_lat": 32.38956785}}, {"type": "Feature", "geometry": {"type": "Polygon", "coordinates": [[[119.4401312, 32.3883024], [119.440051, 32.3886375], [119.4399721, 32.3892987], [119.4402331, 32.3892713], [119.4408897, 32.3892806], [119.4414405, 32.389355], [119.4414405, 32.3868629], [119.4404065, 32.3868629], [119.4403239, 32.3876113], [119.4402226, 32.3876528], [119.4401312, 32.3883024]]]}, "properties": {"id": -442, "name": "永善坊", "kind": "坊", "category": "area", "hours": "全天", "group": "聚落", "icon": "ward", "icon_lon": 119.44080869999999, "icon_lat": 32.3879776}}, {"type": "Feature", "geometry": {"type": "Polygon", "coordinates": [[[119.4416187, 32.3894222], [119.4428101, 32.389414], [119.4430988, 32.3890523], [119.4436073, 32.3885756], [119.4439707, 32.3881597], [119.4442304, 32.3876803], [119.4444257, 32.3869949], [119.4444303, 32.3868629], [119.4414831, 32.3868629], [119.4414811, 32.3893676], [119.4416187, 32.3894222]], [[119.4437238, 32.3872417], [119.4438814, 32.3872442], [119.4438814, 32.3872914], [119.4438143, 32.3873112], [119.443798, 32.3873567], [119.4437482, 32.3873223], [119.4436771, 32.3873386], [119.4436618, 32.3872674], [119.4437238, 32.3872417]], [[119.4431312, 32.3878181], [119.4431454, 32.3879159], [119.4432288, 32.3879228], [119.4432369, 32.3879485], [119.4430072, 32.3879125], [119.4429503, 32.3878301], [119.4429503, 32.3877717], [119.4430133, 32.387758], [119.4432227, 32.3877923], [119.4432308, 32.3878301], [119.4431312, 32.3878181]]]}, "properties": {"id": -443, "name": "永恩坊", "kind": "坊", "category": "area", "hours": "全天", "group": "聚落", "icon": "ward", "icon_lon": 119.44275502716754, "icon_lat": 32.388054100000005}}, {"type": "Feature", "geometry": {"type": "Polygon", "coordinates": [[[119.4444627, 32.3859295], [119.4441424, 32.3857303], [119.4432597, 32.3857049], [119.4414831, 32.3855901], [119.4414831, 32.3868268], [119.4444315, 32.3868268], [119.4444627, 32.3859295]]]}, "properties": {"id": -444, "name": "永阳坊", "kind": "坊", "category": "area", "hours": "全天", "group": "聚落", "icon": "ward", "icon_lon": 119.44296510000001, "icon_lat": 32.38637815}}, {"type": "Feature", "geometry": {"type": "Polygon", "coordinates": [[[119.4403339, 32.3856067], [119.4402253, 32.3862532], [119.4404573, 32.3863007], [119.4404014, 32.3866382], [119.440407, 32.3868268], [119.4414405, 32.3868268], [119.4414405, 32.3855894], [119.4408035, 32.3855787], [119.4403339, 32.3856067]]]}, "properties": {"id": -445, "name": "永安坊", "kind": "坊", "category": "area", "hours": "全天", "group": "聚落", "icon": "ward", "icon_lon": 119.44086005, "icon_lat": 32.38592995}}, {"type": "Feature", "geometry": {"type": "Polygon", "coordinates": [[[119.4445016, 32.3853222], [119.4410391, 32.38516], [119.4365535, 32.3851225], [119.43651, 32.3854848], [119.4374821, 32.3855258], [119.4386932, 32.3854947], [119.4392879, 32.385551], [119.4400897, 32.385561], [119.4408033, 32.3855335], [119.4416276, 32.3855473], [119.443263, 32.3856597], [119.4441546, 32.3856855], [119.4444659, 32.3858741], [119.4445016, 32.3853222]]]}, "properties": {"id": -446, "name": "安平坊", "kind": "坊", "category": "area", "hours": "全天", "group": "聚落", "icon": "ward", "icon_lon": 119.44167344568662, "icon_lat": 32.38551025}}, {"type": "Feature", "geometry": {"type": "Polygon", "coordinates": [[[119.4410441, 32.3850241], [119.4433444, 32.385141], [119.4445068, 32.3852362], [119.4445293, 32.3848483], [119.4366188, 32.3849677], [119.4366128, 32.3849997], [119.4410441, 32.3850241]]]}, "properties": {"id": -447, "name": "安仁坊", "kind": "坊", "category": "area", "hours": "全天", "group": "聚落", "icon": "ward", "icon_lon": 119.4433549812065, "icon_lat": 32.38508255}}, {"type": "Feature", "geometry": {"type": "Polygon", "coordinates": [[[119.4340372, 32.3854903], [119.4339829, 32.3854437], [119.4336117, 32.385659], [119.4337203, 32.3862824], [119.4337339, 32.3866918], [119.4350345, 32.3866917], [119.4350345, 32.3855044], [119.4340372, 32.3854903]]]}, "properties": {"id": -448, "name": "安丰坊", "kind": "坊", "category": "area", "hours": "全天", "group": "聚落", "icon": "ward", "icon_lon": 119.43435025, "icon_lat": 32.3859707}}, {"type": "Feature", "geometry": {"type": "Polygon", "coordinates": [[[119.4337351, 32.3867279], [119.4337378, 32.3877133], [119.4335681, 32.3887494], [119.4335933, 32.3895904], [119.4350345, 32.3895903], [119.4350345, 32.3867279], [119.4337351, 32.3867279]]]}, "properties": {"id": -449, "name": "安明坊", "kind": "坊", "category": "area", "hours": "全天", "group": "聚落", "icon": "ward", "icon_lon": 119.434343725, "icon_lat": 32.38823135}}, {"type": "Feature", "geometry": {"type": "Polygon", "coordinates": [[[119.4335964, 32.3896265], [119.4336919, 32.3907585], [119.4350346, 32.3907347], [119.4350345, 32.3896265], [119.4335964, 32.3896265]]]}, "properties": {"id": -450, "name": "安泉坊", "kind": "坊", "category": "area", "hours": "全天", "group": "聚落", "icon": "ward", "icon_lon": 119.43433884803446, "icon_lat": 32.3901806}}, {"type": "Feature", "geometry": {"type": "Polygon", "coordinates": [[[119.4350935, 32.3907317], [119.4361318, 32.3906958], [119.4361759, 32.3896265], [119.4350771, 32.3896265], [119.4350935, 32.3907317]]]}, "properties": {"id": -451, "name": "安关坊", "kind": "坊", "category": "area", "hours": "全天", "group": "聚落", "icon": "ward", "icon_lon": 119.43561944182048, "icon_lat": 32.39016115}}, {"type": "Feature", "geometry": {"type": "Polygon", "coordinates": [[[119.4361764, 32.3895904], [119.4362511, 32.387325], [119.4363253, 32.3867279], [119.4350771, 32.3867279], [119.4350771, 32.3895903], [119.4361764, 32.3895904]]]}, "properties": {"id": -452, "name": "安泗坊", "kind": "坊", "category": "area", "hours": "全天", "group": "聚落", "icon": "ward", "icon_lon": 119.43564542582436, "icon_lat": 32.38845765}}, {"type": "Feature", "geometry": {"type": "Polygon", "coordinates": [[[119.4363298, 32.3866918], [119.436451, 32.3855284], [119.4350771, 32.3855051], [119.4350771, 32.3866917], [119.4363298, 32.3866918]]]}, "properties": {"id": -453, "name": "安门坊", "kind": "坊", "category": "area", "hours": "全天", "group": "聚落", "icon": "ward", "icon_lon": 119.43573375260443, "icon_lat": 32.38611005}}, {"type": "Feature", "geometry": {"type": "Polygon", "coordinates": [[[119.4340673, 32.3854518], [119.4364567, 32.3854833], [119.4365, 32.3851222], [119.4347721, 32.3851185], [119.434436, 32.3852024], [119.4340286, 32.3854187], [119.4340673, 32.3854518]]]}, "properties": {"id": -454, "name": "安子坊", "kind": "坊", "category": "area", "hours": "全天", "group": "聚落", "icon": "ward", "icon_lon": 119.4353548573456, "icon_lat": 32.38531055}}, {"type": "Feature", "geometry": {"type": "Polygon", "coordinates": [[[119.437292, 32.390976], [119.4372383, 32.3907191], [119.4371785, 32.3907196], [119.4371785, 32.3919671], [119.4381999, 32.3919671], [119.4381213, 32.3917852], [119.4380622, 32.3915078], [119.4379433, 32.3913463], [119.4376039, 32.3912236], [119.437292, 32.390976]]]}, "properties": {"id": -455, "name": "安衣坊", "kind": "坊", "category": "area", "hours": "全天", "group": "聚落", "icon": "ward", "icon_lon": 119.43747605, "icon_lat": 32.39128495}}, {"type": "Feature", "geometry": {"type": "Polygon", "coordinates": [[[119.4361816, 32.3907394], [119.4360042, 32.3919671], [119.4371359, 32.3919671], [119.4371359, 32.39072], [119.4361816, 32.3907394]]]}, "properties": {"id": -456, "name": "安峰坊", "kind": "坊", "category": "area", "hours": "全天", "group": "聚落", "icon": "ward", "icon_lon": 119.4366144, "icon_lat": 32.39135325}}, {"type": "Feature", "geometry": {"type": "Polygon", "coordinates": [[[119.4360008, 32.3920032], [119.4358233, 32.3940393], [119.4371359, 32.3940393], [119.4371359, 32.3920033], [119.4360008, 32.3920032]]]}, "properties": {"id": -457, "name": "安花坊", "kind": "坊", "category": "area", "hours": "全天", "group": "聚落", "icon": "ward", "icon_lon": 119.4365239728206, "icon_lat": 32.3930213}}, {"type": "Feature", "geometry": {"type": "Polygon", "coordinates": [[[119.4358203, 32.3940755], [119.4356675, 32.3959688], [119.4364288, 32.396049], [119.4371359, 32.3960834], [119.4371359, 32.3940755], [119.4358203, 32.3940755]]]}, "properties": {"id": -458, "name": "安陵坊", "kind": "坊", "category": "area", "hours": "全天", "group": "聚落", "icon": "ward", "icon_lon": 119.4364399, "icon_lat": 32.39502215}}, {"type": "Feature", "geometry": {"type": "Polygon", "coordinates": [[[119.4371784, 32.3960855], [119.4383784, 32.3961596], [119.4391005, 32.3963098], [119.4396145, 32.396296], [119.4396202, 32.3943451], [119.4392616, 32.3940695], [119.4371785, 32.3940755], [119.4371784, 32.3960855]]]}, "properties": {"id": -459, "name": "安河坊", "kind": "坊", "category": "area", "hours": "全天", "group": "聚落", "icon": "ward", "icon_lon": 119.43839805040272, "icon_lat": 32.395215300000004}}, {"type": "Feature", "geometry": {"type": "Polygon", "coordinates": [[[119.4396564, 32.3964255], [119.4408615, 32.3966745], [119.4422754, 32.3969474], [119.442284, 32.3964612], [119.4421684, 32.3963286], [119.439657, 32.3963322], [119.4396564, 32.3964255]]]}, "properties": {"id": -460, "name": "安阜坊", "kind": "坊", "category": "area", "hours": "全天", "group": "聚落", "icon": "ward", "icon_lon": 119.44131372662643, "icon_lat": 32.39656785}}, {"type": "Feature", "geometry": {"type": "Polygon", "coordinates": [[[119.4418516, 32.3959844], [119.4414169, 32.3956787], [119.4403652, 32.3950609], [119.4400781, 32.3947111], [119.439657, 32.3943744], [119.439657, 32.396296], [119.44214, 32.396296], [119.4418516, 32.3959844]]]}, "properties": {"id": -461, "name": "安益坊", "kind": "坊", "category": "area", "hours": "全天", "group": "聚落", "icon": "ward", "icon_lon": 119.44027402500001, "icon_lat": 32.3953698}}, {"type": "Feature", "geometry": {"type": "Polygon", "coordinates": [[[119.4391343, 32.3939715], [119.4386926, 32.3934274], [119.4384374, 32.3930087], [119.438296, 32.3925996], [119.4382106, 32.3920031], [119.4371785, 32.3920033], [119.4371785, 32.3940393], [119.4392223, 32.3940393], [119.4391343, 32.3939715]]]}, "properties": {"id": -462, "name": "安凝坊", "kind": "坊", "category": "area", "hours": "全天", "group": "聚落", "icon": "ward", "icon_lon": 119.43787175, "icon_lat": 32.39321805}}, {"type": "Feature", "geometry": {"type": "Polygon", "coordinates": [[[119.4423998, 32.3954715], [119.4423972, 32.3943116], [119.4416217, 32.3943116], [119.4416168, 32.3957606], [119.4418897, 32.3959527], [119.4423162, 32.3964222], [119.4423998, 32.3954715]]]}, "properties": {"id": -463, "name": "安下坊", "kind": "坊", "category": "area", "hours": "全天", "group": "聚落", "icon": "ward", "icon_lon": 119.44200911940821, "icon_lat": 32.39489155}}, {"type": "Feature", "geometry": {"type": "Polygon", "coordinates": [[[119.4423988, 32.3942755], [119.4424861, 32.3920043], [119.4416217, 32.3920043], [119.4416217, 32.3942755], [119.4423988, 32.3942755]]]}, "properties": {"id": -464, "name": "安岭坊", "kind": "坊", "category": "area", "hours": "全天", "group": "聚落", "icon": "ward", "icon_lon": 119.442032075, "icon_lat": 32.3931399}}, {"type": "Feature", "geometry": {"type": "Polygon", "coordinates": [[[119.4424838, 32.3919681], [119.4423743, 32.3908718], [119.4416217, 32.390851], [119.4416217, 32.3919681], [119.4424838, 32.3919681]]]}, "properties": {"id": -465, "name": "安市坊", "kind": "坊", "category": "area", "hours": "全天", "group": "聚落", "icon": "ward", "icon_lon": 119.442025375, "icon_lat": 32.39141995}}, {"type": "Feature", "geometry": {"type": "Polygon", "coordinates": [[[119.4415792, 32.3908499], [119.4388034, 32.3907732], [119.4388034, 32.3919681], [119.4415791, 32.3919681], [119.4415792, 32.3908499]]]}, "properties": {"id": -466, "name": "安场坊", "kind": "坊", "category": "area", "hours": "全天", "group": "聚落", "icon": "ward", "icon_lon": 119.440191275, "icon_lat": 32.391408999999996}}, {"type": "Feature", "geometry": {"type": "Polygon", "coordinates": [[[119.4387609, 32.390772], [119.4372925, 32.3907201], [119.4373381, 32.3909513], [119.4376331, 32.3911853], [119.4379839, 32.3913163], [119.4381123, 32.3914913], [119.4381728, 32.3917733], [119.4382572, 32.3919685], [119.4387609, 32.3919681], [119.4387609, 32.390772]]]}, "properties": {"id": -467, "name": "安辕坊", "kind": "坊", "category": "area", "hours": "全天", "group": "聚落", "icon": "ward", "icon_lon": 119.4384045, "icon_lat": 32.3914038}}, {"type": "Feature", "geometry": {"type": "Polygon", "coordinates": [[[119.4382646, 32.3920043], [119.4383485, 32.3925914], [119.4384869, 32.3929918], [119.4387609, 32.3934319], [119.4387609, 32.3920043], [119.4382646, 32.3920043]]]}, "properties": {"id": -468, "name": "安头坊", "kind": "坊", "category": "area", "hours": "全天", "group": "聚落", "icon": "ward", "icon_lon": 119.4385893, "icon_lat": 32.392791599999995}}, {"type": "Feature", "geometry": {"type": "Polygon", "coordinates": [[[119.4391744, 32.3939416], [119.4396166, 32.3942814], [119.4415791, 32.3942755], [119.4415791, 32.3920043], [119.4388034, 32.3920043], [119.4387942, 32.393473], [119.4391744, 32.3939416]]]}, "properties": {"id": -469, "name": "安桂坊", "kind": "坊", "category": "area", "hours": "全天", "group": "聚落", "icon": "ward", "icon_lon": 119.44018894999999, "icon_lat": 32.39273865}}, {"type": "Feature", "geometry": {"type": "Polygon", "coordinates": [[[119.4396605, 32.3943151], [119.4401185, 32.3946815], [119.4404014, 32.3950274], [119.4415791, 32.3957341], [119.4415791, 32.3943116], [119.4396605, 32.3943151]]]}, "properties": {"id": -470, "name": "安儒坊", "kind": "坊", "category": "area", "hours": "全天", "group": "聚落", "icon": "ward", "icon_lon": 119.440919525, "icon_lat": 32.39485445}}, {"type": "Feature", "geometry": {"type": "Polygon", "coordinates": [[[119.4467917, 32.4042381], [119.4469549, 32.4023993], [119.4471922, 32.4012614], [119.446592, 32.4011867], [119.4464188, 32.4019331], [119.4463296, 32.4028005], [119.4462568, 32.4042197], [119.4467917, 32.4042381]]]}, "properties": {"id": -471, "name": "安俭坊", "kind": "坊", "category": "area", "hours": "全天", "group": "聚落", "icon": "ward", "icon_lon": 119.44664366247744, "icon_lat": 32.4025999}}, {"type": "Feature", "geometry": {"type": "Polygon", "coordinates": [[[119.4472536, 32.4009358], [119.4460665, 32.4009358], [119.4460663, 32.4010751], [119.4472011, 32.4012168], [119.4472536, 32.4009358]]]}, "properties": {"id": -472, "name": "安本坊", "kind": "坊", "category": "area", "hours": "全天", "group": "聚落", "icon": "ward", "icon_lon": 119.44692401854982, "icon_lat": 32.40114595}}, {"type": "Feature", "geometry": {"type": "Polygon", "coordinates": [[[119.4464702, 32.4002574], [119.4464031, 32.4001538], [119.4460665, 32.4001358], [119.4460665, 32.4008996], [119.4472603, 32.4008998], [119.4473673, 32.4003273], [119.4464702, 32.4002574]]]}, "properties": {"id": -473, "name": "安德坊", "kind": "坊", "category": "area", "hours": "全天", "group": "聚落", "icon": "ward", "icon_lon": 119.44669015934497, "icon_lat": 32.40061345}}, {"type": "Feature", "geometry": {"type": "Polygon", "coordinates": [[[119.4460084, 32.4000498], [119.4460373, 32.3997823], [119.4448283, 32.3998275], [119.4429108, 32.3997364], [119.4429108, 32.4008996], [119.446024, 32.4008996], [119.4460357, 32.4000962], [119.4460084, 32.4000498]]]}, "properties": {"id": -474, "name": "安宁坊", "kind": "坊", "category": "area", "hours": "全天", "group": "聚落", "icon": "ward", "icon_lon": 119.444470325, "icon_lat": 32.400497900000005}}, {"type": "Feature", "geometry": {"type": "Polygon", "coordinates": [[[119.4428682, 32.3997365], [119.439411, 32.3997307], [119.439411, 32.4008996], [119.4395606, 32.4008996], [119.4395719, 32.4007026], [119.4395995, 32.4006833], [119.4396248, 32.4007048], [119.4396139, 32.4008996], [119.4428682, 32.4008996], [119.4428682, 32.3997365]]]}, "properties": {"id": -475, "name": "安化坊", "kind": "坊", "category": "area", "hours": "全天", "group": "聚落", "icon": "ward", "icon_lon": 119.44113960000001, "icon_lat": 32.4002099}}, {"type": "Feature", "geometry": {"type": "Polygon", "coordinates": [[[119.4393685, 32.3997305], [119.4367094, 32.3996851], [119.4367094, 32.4008996], [119.4393685, 32.4008996], [119.4393685, 32.3997305]], [[119.4382869, 32.4005163], [119.4382876, 32.4005914], [119.4381663, 32.4005936], [119.4380501, 32.4005705], [119.4380013, 32.4004969], [119.4382869, 32.4005163]]]}, "properties": {"id": -476, "name": "安善坊", "kind": "坊", "category": "area", "hours": "全天", "group": "聚落", "icon": "ward", "icon_lon": 119.43803894999999, "icon_lat": 32.4001137}}, {"type": "Feature", "geometry": {"type": "Polygon", "coordinates": [[[119.4354102, 32.3996516], [119.4353131, 32.4008996], [119.4366668, 32.4008996], [119.4366668, 32.399684], [119.4354102, 32.3996516]]]}, "properties": {"id": -477, "name": "安恩坊", "kind": "坊", "category": "area", "hours": "全天", "group": "聚落", "icon": "ward", "icon_lon": 119.43601359478365, "icon_lat": 32.400291800000005}}, {"type": "Feature", "geometry": {"type": "Polygon", "coordinates": [[[119.4351984, 32.4023741], [119.4366825, 32.4024393], [119.4366668, 32.4009358], [119.4353103, 32.4009357], [119.4351984, 32.4023741]]]}, "properties": {"id": -478, "name": "安阳坊", "kind": "坊", "category": "area", "hours": "全天", "group": "聚落", "icon": "ward", "icon_lon": 119.43596432784562, "icon_lat": 32.40165495}}, {"type": "Feature", "geometry": {"type": "Polygon", "coordinates": [[[119.4367154, 32.4014819], [119.4367425, 32.4014621], [119.4367684, 32.4014853], [119.4367356, 32.4024416], [119.4393685, 32.4025572], [119.4393685, 32.4009358], [119.4367094, 32.4009358], [119.4367094, 32.4016695], [119.4367154, 32.4014819]]]}, "properties": {"id": -479, "name": "安安坊", "kind": "坊", "category": "area", "hours": "全天", "group": "聚落", "icon": "ward", "icon_lon": 119.43805867053749, "icon_lat": 32.40205555}}, {"type": "Feature", "geometry": {"type": "Polygon", "coordinates": [[[119.4395826, 32.401455], [119.4409977, 32.4014866], [119.4419504, 32.4015771], [119.4422146, 32.401572], [119.4426925, 32.401411], [119.4428682, 32.4014052], [119.4428682, 32.4009358], [119.4396119, 32.4009357], [119.4395826, 32.401455]]]}, "properties": {"id": -480, "name": "长平坊", "kind": "坊", "category": "area", "hours": "全天", "group": "聚落", "icon": "ward", "icon_lon": 119.44123342604468, "icon_lat": 32.4011705}}, {"type": "Feature", "geometry": {"type": "Polygon", "coordinates": [[[119.4434073, 32.4013764], [119.4437805, 32.4013881], [119.4444816, 32.4014832], [119.4445478, 32.4010743], [119.4456318, 32.4010925], [119.446024, 32.4010733], [119.446024, 32.4009358], [119.4429108, 32.4009358], [119.4429108, 32.4014039], [119.4434073, 32.4013764]]]}, "properties": {"id": -481, "name": "长仁坊", "kind": "坊", "category": "area", "hours": "全天", "group": "聚落", "icon": "ward", "icon_lon": 119.4437163360357, "icon_lat": 32.40123445}}, {"type": "Feature", "geometry": {"type": "Polygon", "coordinates": [[[119.4473731, 32.4002823], [119.4473937, 32.3993867], [119.4461159, 32.3993758], [119.4460604, 32.4000373], [119.4460934, 32.4000931], [119.4464305, 32.4001108], [119.4464909, 32.4002136], [119.4473731, 32.4002823]]]}, "properties": {"id": -482, "name": "长丰坊", "kind": "坊", "category": "area", "hours": "全天", "group": "聚落", "icon": "ward", "icon_lon": 119.44673695520395, "icon_lat": 32.399712}}, {"type": "Feature", "geometry": {"type": "Polygon", "coordinates": [[[119.4474134, 32.3984753], [119.4461428, 32.3984778], [119.4461416, 32.3990078], [119.4461003, 32.3990243], [119.4461036, 32.3984353], [119.4474144, 32.3984301], [119.4474307, 32.3977092], [119.4468889, 32.397706], [119.4459016, 32.3975881], [119.4459016, 32.3996967], [119.4460429, 32.3996967], [119.4460546, 32.3994123], [119.4460864, 32.3993354], [119.4473939, 32.3993415], [119.4474134, 32.3984753]]]}, "properties": {"id": -483, "name": "长明坊", "kind": "坊", "category": "area", "hours": "全天", "group": "聚落", "icon": "ward", "icon_lon": 119.44677478900368, "icon_lat": 32.3987428}}, {"type": "Feature", "geometry": {"type": "Polygon", "coordinates": [[[119.4454014, 32.3975284], [119.442343, 32.3975335], [119.4423388, 32.3996923], [119.4434439, 32.3997137], [119.445859, 32.3996967], [119.4458592, 32.3975831], [119.4454014, 32.3975284]]]}, "properties": {"id": -484, "name": "长泉坊", "kind": "坊", "category": "area", "hours": "全天", "group": "聚落", "icon": "ward", "icon_lon": 119.44409997597958, "icon_lat": 32.398637699999995}}, {"type": "Feature", "geometry": {"type": "Polygon", "coordinates": [[[119.4424047, 32.3971553], [119.4423488, 32.3974975], [119.4451538, 32.3974975], [119.4433852, 32.3972774], [119.4424047, 32.3971553]]]}, "properties": {"id": -485, "name": "长关坊", "kind": "坊", "category": "area", "hours": "全天", "group": "聚落", "icon": "ward", "icon_lon": 119.44331813859583, "icon_lat": 32.39738745}}, {"type": "Feature", "geometry": {"type": "Polygon", "coordinates": [[[119.4422963, 32.3996922], [119.4422892, 32.3975337], [119.4395031, 32.3975337], [119.4395031, 32.3996857], [119.4422963, 32.3996922]]]}, "properties": {"id": -486, "name": "长泗坊", "kind": "坊", "category": "area", "hours": "全天", "group": "聚落", "icon": "ward", "icon_lon": 119.44089791965484, "icon_lat": 32.398609699999994}}, {"type": "Feature", "geometry": {"type": "Polygon", "coordinates": [[[119.4422951, 32.3974977], [119.4422969, 32.3971359], [119.4395031, 32.3965841], [119.4395031, 32.3974975], [119.4422951, 32.3974977]]]}, "properties": {"id": -487, "name": "长门坊", "kind": "坊", "category": "area", "hours": "全天", "group": "聚落", "icon": "ward", "icon_lon": 119.44020155000001, "icon_lat": 32.396860000000004}}, {"type": "Feature", "geometry": {"type": "Polygon", "coordinates": [[[119.4383948, 32.3967405], [119.4383295, 32.3971577], [119.4382975, 32.3971745], [119.438277, 32.3971517], [119.4383416, 32.3967381], [119.4383528, 32.3963661], [119.4369249, 32.3962743], [119.4369249, 32.3974975], [119.4394606, 32.3974975], [119.4394611, 32.396576], [119.4384058, 32.396374], [119.4383948, 32.3967405]]]}, "properties": {"id": -488, "name": "长子坊", "kind": "坊", "category": "area", "hours": "全天", "group": "聚落", "icon": "ward", "icon_lon": 119.43761700628627, "icon_lat": 32.3969461}}, {"type": "Feature", "geometry": {"type": "Polygon", "coordinates": [[[119.4356493, 32.3962567], [119.4355966, 32.3974975], [119.4368824, 32.3974975], [119.4368824, 32.3962719], [119.4356493, 32.3962567]]]}, "properties": {"id": -489, "name": "长衣坊", "kind": "坊", "category": "area", "hours": "全天", "group": "聚落", "icon": "ward", "icon_lon": 119.43625251360413, "icon_lat": 32.3968847}}, {"type": "Feature", "geometry": {"type": "Polygon", "coordinates": [[[119.435414, 32.3996064], [119.4368824, 32.3996438], [119.4368824, 32.3975337], [119.4355935, 32.3975336], [119.435414, 32.3996064]]]}, "properties": {"id": -490, "name": "长峰坊", "kind": "坊", "category": "area", "hours": "全天", "group": "聚落", "icon": "ward", "icon_lon": 119.43619307283505, "icon_lat": 32.398570050000004}}, {"type": "Feature", "geometry": {"type": "Polygon", "coordinates": [[[119.4369249, 32.3996447], [119.4394606, 32.3996856], [119.4394606, 32.3975337], [119.4369249, 32.3975337], [119.4369249, 32.3996447]]]}, "properties": {"id": -491, "name": "长花坊", "kind": "坊", "category": "area", "hours": "全天", "group": "聚落", "icon": "ward", "icon_lon": 119.43819275, "icon_lat": 32.3985892}}, {"type": "Feature", "geometry": {"type": "Polygon", "coordinates": [[[119.4471403, 32.3974945], [119.4471403, 32.3972359], [119.4446266, 32.3972359], [119.446906, 32.3974996], [119.4471403, 32.3974945]]]}, "properties": {"id": -492, "name": "长陵坊", "kind": "坊", "category": "area", "hours": "全天", "group": "聚落", "icon": "ward", "icon_lon": 119.44644227901023, "icon_lat": 32.397365199999996}}, {"type": "Feature", "geometry": {"type": "Polygon", "coordinates": [[[119.447451, 32.3971998], [119.4475946, 32.3945167], [119.4471829, 32.3945167], [119.4471829, 32.3971997], [119.447451, 32.3971998]]]}, "properties": {"id": -493, "name": "长河坊", "kind": "坊", "category": "area", "hours": "全天", "group": "聚落", "icon": "ward", "icon_lon": 119.447352851338, "icon_lat": 32.3958582}}, {"type": "Feature", "geometry": {"type": "Polygon", "coordinates": [[[119.4476609, 32.3935084], [119.4477599, 32.3930231], [119.4477883, 32.3926366], [119.4478995, 32.3919964], [119.447318, 32.3919109], [119.4472669, 32.3923487], [119.4475541, 32.3923974], [119.4475729, 32.392421], [119.4473914, 32.3932449], [119.4471829, 32.3932349], [119.4471829, 32.3944805], [119.447597, 32.3944806], [119.4476609, 32.3935084]]]}, "properties": {"id": -494, "name": "长阜坊", "kind": "坊", "category": "area", "hours": "全天", "group": "聚落", "icon": "ward", "icon_lon": 119.4475776143523, "icon_lat": 32.393129}}, {"type": "Feature", "geometry": {"type": "Polygon", "coordinates": [[[119.4465473, 32.3931498], [119.4465277, 32.3931244], [119.4465555, 32.3931053], [119.4471403, 32.3931834], [119.4471404, 32.3920373], [119.4467215, 32.3920155], [119.4466991, 32.391994], [119.4467247, 32.3919706], [119.4471403, 32.391992], [119.4471403, 32.3919268], [119.4438746, 32.3919268], [119.4438746, 32.3944805], [119.4471403, 32.3944805], [119.4471406, 32.3932292], [119.4465473, 32.3931498]]]}, "properties": {"id": -495, "name": "长益坊", "kind": "坊", "category": "area", "hours": "全天", "group": "聚落", "icon": "ward", "icon_lon": 119.44542204225442, "icon_lat": 32.3932063}}, {"type": "Feature", "geometry": {"type": "Polygon", "coordinates": [[[119.4475154, 32.3924368], [119.4472159, 32.3923795], [119.4472491, 32.3920429], [119.4471829, 32.3920395], [119.4471826, 32.3931891], [119.4473453, 32.3932108], [119.4475154, 32.3924368]]]}, "properties": {"id": -496, "name": "长凝坊", "kind": "坊", "category": "area", "hours": "全天", "group": "聚落", "icon": "ward", "icon_lon": 119.44730771631848, "icon_lat": 32.39281295}}, {"type": "Feature", "geometry": {"type": "Polygon", "coordinates": [[[119.4471829, 32.3918906], [119.4472963, 32.391862], [119.4475938, 32.3919056], [119.4479215, 32.3918909], [119.4481918, 32.3906518], [119.4476028, 32.3906425], [119.447182, 32.3907146], [119.4471829, 32.3918906]]]}, "properties": {"id": -497, "name": "长下坊", "kind": "坊", "category": "area", "hours": "全天", "group": "聚落", "icon": "ward", "icon_lon": 119.44761769577292, "icon_lat": 32.3912883}}, {"type": "Feature", "geometry": {"type": "Polygon", "coordinates": [[[119.4471403, 32.3907253], [119.4464126, 32.3908867], [119.4461027, 32.3909033], [119.4443203, 32.390854], [119.4438746, 32.3908775], [119.4438746, 32.3918906], [119.4471403, 32.3918906], [119.4471403, 32.3907253]]]}, "properties": {"id": -498, "name": "长岭坊", "kind": "坊", "category": "area", "hours": "全天", "group": "聚落", "icon": "ward", "icon_lon": 119.44550745000001, "icon_lat": 32.39139695}}, {"type": "Feature", "geometry": {"type": "Polygon", "coordinates": [[[119.443832, 32.3908784], [119.4424278, 32.3908729], [119.4425264, 32.3918907], [119.443832, 32.3918906], [119.443832, 32.3908784]]]}, "properties": {"id": -499, "name": "长市坊", "kind": "坊", "category": "area", "hours": "全天", "group": "聚落", "icon": "ward", "icon_lon": 119.44315468078207, "icon_lat": 32.3913845}}, {"type": "Feature", "geometry": {"type": "Polygon", "coordinates": [[[119.4425315, 32.3919268], [119.4424495, 32.3944805], [119.443832, 32.3944805], [119.443832, 32.3919268], [119.4425315, 32.3919268]]]}, "properties": {"id": -500, "name": "长场坊", "kind": "坊", "category": "area", "hours": "全天", "group": "聚落", "icon": "ward", "icon_lon": 119.44316125, "icon_lat": 32.393203650000004}}, {"type": "Feature", "geometry": {"type": "Polygon", "coordinates": [[[119.4424529, 32.395474], [119.442364, 32.3964854], [119.4423636, 32.3969637], [119.443832, 32.3971445], [119.443832, 32.3945167], [119.4424496, 32.3945167], [119.4424529, 32.395474]]]}, "properties": {"id": -501, "name": "长辕坊", "kind": "坊", "category": "area", "hours": "全天", "group": "聚落", "icon": "ward", "icon_lon": 119.443120225, "icon_lat": 32.3959797}}, {"type": "Feature", "geometry": {"type": "Polygon", "coordinates": [[[119.4444485, 32.3972143], [119.4471403, 32.3971997], [119.4471403, 32.3945167], [119.4438746, 32.3945167], [119.4438744, 32.3971494], [119.4444485, 32.3972143]]]}, "properties": {"id": -502, "name": "长头坊", "kind": "坊", "category": "area", "hours": "全天", "group": "聚落", "icon": "ward", "icon_lon": 119.4455074, "icon_lat": 32.39583305}}, {"type": "Feature", "geometry": {"type": "Polygon", "coordinates": [[[119.448119, 32.389218], [119.4481882, 32.3885619], [119.446625, 32.3885619], [119.446625, 32.3907992], [119.4472561, 32.3906482], [119.4475961, 32.3905976], [119.448196, 32.3906066], [119.448119, 32.389218]]]}, "properties": {"id": -503, "name": "长桂坊", "kind": "坊", "category": "area", "hours": "全天", "group": "聚落", "icon": "ward", "icon_lon": 119.44739112523405, "icon_lat": 32.3899078}}, {"type": "Feature", "geometry": {"type": "Polygon", "coordinates": [[[119.4482795, 32.3865036], [119.4466975, 32.3865035], [119.4466106, 32.3872048], [119.446625, 32.3885257], [119.4481902, 32.3885258], [119.4482795, 32.3865036]]]}, "properties": {"id": -504, "name": "长儒坊", "kind": "坊", "category": "area", "hours": "全天", "group": "聚落", "icon": "ward", "icon_lon": 119.4474185848865, "icon_lat": 32.387865250000004}}, {"type": "Feature", "geometry": {"type": "Polygon", "coordinates": [[[119.448293, 32.3859569], [119.4482642, 32.3858046], [119.4481826, 32.3856592], [119.4479932, 32.3854486], [119.4478192, 32.3853383], [119.4475734, 32.3852511], [119.4473429, 32.3852194], [119.4467715, 32.3852228], [119.446702, 32.3864674], [119.4482807, 32.3864675], [119.448293, 32.3859569]]]}, "properties": {"id": -505, "name": "长俭坊", "kind": "坊", "category": "area", "hours": "全天", "group": "聚落", "icon": "ward", "icon_lon": 119.44750667963001, "icon_lat": 32.38588075}}, {"type": "Feature", "geometry": {"type": "Polygon", "coordinates": [[[119.4465824, 32.3885257], [119.446557, 32.3872069], [119.4466015, 32.386847], [119.4465824, 32.3865036], [119.444496, 32.3865036], [119.4444786, 32.3870005], [119.4443588, 32.3874616], [119.4441635, 32.3879413], [119.4439141, 32.3883093], [119.4439224, 32.3885257], [119.4465824, 32.3885257]]]}, "properties": {"id": -506, "name": "长本坊", "kind": "坊", "category": "area", "hours": "全天", "group": "聚落", "icon": "ward", "icon_lon": 119.4454138375, "icon_lat": 32.38770145}}, {"type": "Feature", "geometry": {"type": "Polygon", "coordinates": [[[119.4465825, 32.3857859], [119.4447602, 32.3857473], [119.4445159, 32.3859293], [119.4444972, 32.3864674], [119.4465824, 32.3864674], [119.4465825, 32.3857859]]]}, "properties": {"id": -507, "name": "长德坊", "kind": "坊", "category": "area", "hours": "全天", "group": "聚落", "icon": "ward", "icon_lon": 119.44554449473955, "icon_lat": 32.38619835}}, {"type": "Feature", "geometry": {"type": "Polygon", "coordinates": [[[119.4436899, 32.3885582], [119.4431416, 32.3890792], [119.4428723, 32.3894118], [119.4426735, 32.3897171], [119.442513, 32.3900944], [119.4424427, 32.3903561], [119.4424115, 32.3905875], [119.4424241, 32.3908277], [119.4438799, 32.3908321], [119.4438799, 32.3885619], [119.4436899, 32.3885582]]]}, "properties": {"id": -508, "name": "长宁坊", "kind": "坊", "category": "area", "hours": "全天", "group": "聚落", "icon": "ward", "icon_lon": 119.4433264, "icon_lat": 32.389564449999995}}, {"type": "Feature", "geometry": {"type": "Polygon", "coordinates": [[[119.4443179, 32.3908088], [119.4461004, 32.3908581], [119.446583, 32.3908073], [119.4465824, 32.3885619], [119.4439224, 32.3885619], [119.4439224, 32.3908311], [119.4443179, 32.3908088]]]}, "properties": {"id": -509, "name": "长化坊", "kind": "坊", "category": "area", "hours": "全天", "group": "聚落", "icon": "ward", "icon_lon": 119.44525254999999, "icon_lat": 32.389684599999995}}, {"type": "Feature", "geometry": {"type": "Polygon", "coordinates": [[[119.4356458, 32.3954355], [119.4341759, 32.3954261], [119.4338197, 32.3953539], [119.4338248, 32.3960044], [119.4349069, 32.3960143], [119.4356143, 32.3959674], [119.4356458, 32.3954355]]]}, "properties": {"id": -510, "name": "长善坊", "kind": "坊", "category": "area", "hours": "全天", "group": "聚落", "icon": "ward", "icon_lon": 119.43472623741738, "icon_lat": 32.395701450000004}}, {"type": "Feature", "geometry": {"type": "Polygon", "coordinates": [[[119.4342344, 32.39748], [119.4342344, 32.3996218], [119.4353606, 32.3996066], [119.4355448, 32.39748], [119.4342344, 32.39748]]]}, "properties": {"id": -511, "name": "长恩坊", "kind": "坊", "category": "area", "hours": "全天", "group": "聚落", "icon": "ward", "icon_lon": 119.43484355, "icon_lat": 32.3985433}}, {"type": "Feature", "geometry": {"type": "Polygon", "coordinates": [[[119.4355961, 32.3962552], [119.4348989, 32.3962055], [119.4342344, 32.3961975], [119.4342344, 32.3974439], [119.4355479, 32.3974439], [119.4355961, 32.3962552]]]}, "properties": {"id": -512, "name": "长阳坊", "kind": "坊", "category": "area", "hours": "全天", "group": "聚落", "icon": "ward", "icon_lon": 119.43490320000001, "icon_lat": 32.39684955}}, {"type": "Feature", "geometry": {"type": "Polygon", "coordinates": [[[119.4337379, 32.3961958], [119.4337033, 32.3968962], [119.4335912, 32.3974439], [119.4341918, 32.3974439], [119.4341918, 32.3961974], [119.4337379, 32.3961958]]]}, "properties": {"id": -513, "name": "长安坊", "kind": "坊", "category": "area", "hours": "全天", "group": "聚落", "icon": "ward", "icon_lon": 119.43395618023986, "icon_lat": 32.396546799999996}}, {"type": "Feature", "geometry": {"type": "Polygon", "coordinates": [[[119.4335845, 32.3974798], [119.433153, 32.3986756], [119.4328765, 32.3991884], [119.4327234, 32.3995843], [119.4341918, 32.3996215], [119.4341918, 32.39748], [119.4335845, 32.3974798]]]}, "properties": {"id": -514, "name": "庆平坊", "kind": "坊", "category": "area", "hours": "全天", "group": "聚落", "icon": "ward", "icon_lon": 119.43378025695768, "icon_lat": 32.398077799999996}}, {"type": "Feature", "geometry": {"type": "Polygon", "coordinates": [[[119.4338231, 32.4008773], [119.4338232, 32.3996575], [119.4327096, 32.3996292], [119.4324753, 32.4008773], [119.4338231, 32.4008773]]]}, "properties": {"id": -515, "name": "庆仁坊", "kind": "坊", "category": "area", "hours": "全天", "group": "聚落", "icon": "ward", "icon_lon": 119.43320647184319, "icon_lat": 32.400267400000004}}, {"type": "Feature", "geometry": {"type": "Polygon", "coordinates": [[[119.4323572, 32.4019347], [119.4326049, 32.4019371], [119.4338231, 32.4022622], [119.4338231, 32.4009134], [119.4324698, 32.4009134], [119.4323572, 32.4019347]]]}, "properties": {"id": -516, "name": "庆丰坊", "kind": "坊", "category": "area", "hours": "全天", "group": "聚落", "icon": "ward", "icon_lon": 119.43311829999999, "icon_lat": 32.40142405}}, {"type": "Feature", "geometry": {"type": "Polygon", "coordinates": [[[119.4351453, 32.4023718], [119.4352587, 32.4009134], [119.4338657, 32.4009134], [119.4338647, 32.4022733], [119.4340544, 32.4023239], [119.4351453, 32.4023718]]]}, "properties": {"id": -517, "name": "庆明坊", "kind": "坊", "category": "area", "hours": "全天", "group": "聚落", "icon": "ward", "icon_lon": 119.43453551475247, "icon_lat": 32.40159335}}, {"type": "Feature", "geometry": {"type": "Polygon", "coordinates": [[[119.4353569, 32.399652], [119.4338657, 32.3996592], [119.4338657, 32.4008773], [119.4352616, 32.4008773], [119.4353569, 32.399652]]]}, "properties": {"id": -518, "name": "庆泉坊", "kind": "坊", "category": "area", "hours": "全天", "group": "聚落", "icon": "ward", "icon_lon": 119.43458733500162, "icon_lat": 32.400268249999996}}, {"type": "Feature", "geometry": {"type": "Polygon", "coordinates": [[[119.4395221, 32.4025681], [119.4401906, 32.4026837], [119.4409905, 32.4026719], [119.4409906, 32.4015316], [119.4395801, 32.4015003], [119.4395221, 32.4025681]]]}, "properties": {"id": -519, "name": "庆关坊", "kind": "坊", "category": "area", "hours": "全天", "group": "聚落", "icon": "ward", "icon_lon": 119.44027040224293, "icon_lat": 32.40204985}}, {"type": "Feature", "geometry": {"type": "Polygon", "coordinates": [[[119.4427968, 32.4036381], [119.4434994, 32.4038005], [119.4435911, 32.4033639], [119.4432692, 32.4032852], [119.4432234, 32.4032142], [119.4432353, 32.4027081], [119.441033, 32.4027081], [119.4410316, 32.4029572], [119.4424562, 32.4034208], [119.4427968, 32.4036381]]]}, "properties": {"id": -520, "name": "庆泗坊", "kind": "坊", "category": "area", "hours": "全天", "group": "聚落", "icon": "ward", "icon_lon": 119.44258836274807, "icon_lat": 32.4032497}}, {"type": "Feature", "geometry": {"type": "Polygon", "coordinates": [[[119.4432368, 32.4026573], [119.4433801, 32.4014239], [119.4427049, 32.4014553], [119.4422206, 32.4016171], [119.4419472, 32.4016223], [119.441033, 32.4015345], [119.441033, 32.4026719], [119.4432368, 32.4026573]]]}, "properties": {"id": -521, "name": "庆门坊", "kind": "坊", "category": "area", "hours": "全天", "group": "聚落", "icon": "ward", "icon_lon": 119.44216496232771, "icon_lat": 32.4021398}}, {"type": "Feature", "geometry": {"type": "Polygon", "coordinates": [[[119.4467182, 32.3852244], [119.4445553, 32.3853158], [119.4445197, 32.3858664], [119.4447477, 32.3857021], [119.4466909, 32.3857442], [119.4467182, 32.3852244]]]}, "properties": {"id": -522, "name": "庆子坊", "kind": "坊", "category": "area", "hours": "全天", "group": "聚落", "icon": "ward", "icon_lon": 119.44562303346406, "icon_lat": 32.38550895}}, {"type": "Feature", "geometry": {"type": "Polygon", "coordinates": [[[119.4464479, 32.4014995], [119.4465392, 32.4011801], [119.4460413, 32.4011177], [119.4456315, 32.4011377], [119.4447853, 32.401121], [119.4447853, 32.4023657], [119.4463209, 32.4023658], [119.4464479, 32.4014995]]]}, "properties": {"id": -523, "name": "庆衣坊", "kind": "坊", "category": "area", "hours": "全天", "group": "聚落", "icon": "ward", "icon_lon": 119.44558485366503, "icon_lat": 32.401932599999995}}, {"type": "Feature", "geometry": {"type": "Polygon", "coordinates": [[[119.4445314, 32.4015117], [119.4445033, 32.4015319], [119.4437737, 32.4014329], [119.4434337, 32.4014223], [119.4433241, 32.4023657], [119.4447427, 32.4023657], [119.4447428, 32.4011204], [119.4445815, 32.4011182], [119.4445314, 32.4015117]]]}, "properties": {"id": -524, "name": "庆峰坊", "kind": "坊", "category": "area", "hours": "全天", "group": "聚落", "icon": "ward", "icon_lon": 119.44405763352927, "icon_lat": 32.4019488}}, {"type": "Feature", "geometry": {"type": "Polygon", "coordinates": [[[119.4432743, 32.4032], [119.4432987, 32.403245], [119.4435611, 32.4032948], [119.4436448, 32.4033439], [119.4435513, 32.4038111], [119.4447427, 32.4040526], [119.4447427, 32.4024019], [119.44332, 32.4024018], [119.4432743, 32.4032]]]}, "properties": {"id": -525, "name": "庆花坊", "kind": "坊", "category": "area", "hours": "全天", "group": "聚落", "icon": "ward", "icon_lon": 119.4440146, "icon_lat": 32.4032225}}, {"type": "Feature", "geometry": {"type": "Polygon", "coordinates": [[[119.4462036, 32.4042179], [119.4463172, 32.4024019], [119.4447853, 32.4024019], [119.4447847, 32.4040611], [119.4454266, 32.4041912], [119.4462036, 32.4042179]]]}, "properties": {"id": -526, "name": "庆陵坊", "kind": "坊", "category": "area", "hours": "全天", "group": "聚落", "icon": "ward", "icon_lon": 119.44552515215858, "icon_lat": 32.403231500000004}}, {"type": "Feature", "geometry": {"type": "Polygon", "coordinates": [[[119.431976, 32.3893345], [119.431976, 32.3871188], [119.4288287, 32.3871188], [119.4288287, 32.3893345], [119.431976, 32.3893345]]]}, "properties": {"id": -527, "name": "庆河坊", "kind": "坊", "category": "area", "hours": "全天", "group": "聚落", "icon": "ward", "icon_lon": 119.43040235000001, "icon_lat": 32.38822665}}, {"type": "Feature", "geometry": {"type": "Polygon", "coordinates": [[[119.4317297, 32.3915991], [119.4293532, 32.3915991], [119.4293532, 32.3936767], [119.4317297, 32.3936767], [119.4317297, 32.3915991]]]}, "properties": {"id": -528, "name": "庆阜坊", "kind": "坊", "category": "area", "hours": "全天", "group": "聚落", "icon": "ward", "icon_lon": 119.43054144999999, "icon_lat": 32.3926379}}, {"type": "Feature", "geometry": {"type": "Point", "coordinates": [119.443203, 32.399605]}, "properties": {"id": -6113, "name": "同济当", "kind": "当铺", "category": "custom", "hours": "卯-酉", "group": "金融", "icon": "pawn"}}, {"type": "Feature", "geometry": {"type": "Point", "coordinates": [119.442523, 32.400593]}, "properties": {"id": -6114, "name": "云韶坊", "kind": "教坊", "category": "custom", "hours": "酉-丑", "group": "风月", "icon": "jiaofang"}}, {"type": "Feature", "geometry": {"type": "Point", "coordinates": [119.442266, 32.398735]}, "properties": {"id": -6115, "name": "广聚质库", "kind": "当铺", "category": "custom", "hours": "卯-酉", "group": "金融", "icon": "pawn"}}, {"type": "Feature", "geometry": {"type": "Point", "coordinates": [119.441719, 32.398902]}, "properties": {"id": -6116, "name": "清和茶坊", "kind": "茶坊", "category": "custom", "hours": "卯-酉", "group": "饮食", "icon": "tea"}}, {"type": "Feature", "geometry": {"type": "Point", "coordinates": [119.443136, 32.398873]}, "properties": {"id": -6117, "name": "长乐勾栏", "kind": "勾栏", "category": "custom", "hours": "酉-丑", "group": "百戏娱乐", "icon": "theater"}}, {"type": "Feature", "geometry": {"type": "Point", "coordinates": [119.443072, 32.400549]}, "properties": {"id": -6118, "name": "聚宝坊", "kind": "赌坊", "category": "custom", "hours": "午-子", "group": "市井娱乐", "icon": "gamble"}}, {"type": "Feature", "geometry": {"type": "Point", "coordinates": [119.443058, 32.400077]}, "properties": {"id": -6119, "name": "醒世书场", "kind": "书场", "category": "custom", "hours": "午-子", "group": "百戏娱乐", "icon": "story"}}, {"type": "Feature", "geometry": {"type": "Point", "coordinates": [119.442736, 32.398683]}, "properties": {"id": -6120, "name": "平话场", "kind": "书场", "category": "custom", "hours": "午-子", "group": "百戏娱乐", "icon": "story"}}, {"type": "Feature", "geometry": {"type": "Point", "coordinates": [119.441825, 32.400117]}, "properties": {"id": -6121, "name": "杏花村", "kind": "酒肆", "category": "custom", "hours": "卯-酉", "group": "饮食", "icon": "tavern"}}, {"type": "Feature", "geometry": {"type": "Point", "coordinates": [119.442404, 32.400213]}, "properties": {"id": -6122, "name": "和声坊", "kind": "教坊", "category": "custom", "hours": "酉-丑", "group": "风月", "icon": "jiaofang"}}, {"type": "Feature", "geometry": {"type": "Point", "coordinates": [119.441789, 32.400518]}, "properties": {"id": -6123, "name": "露台", "kind": "戏台", "category": "custom", "hours": "午-子", "group": "百戏娱乐", "icon": "stage"}}, {"type": "Feature", "geometry": {"type": "Point", "coordinates": [119.441559, 32.399347]}, "properties": {"id": -6124, "name": "绮云楼", "kind": "青楼", "category": "custom", "hours": "酉-丑", "group": "风月", "icon": "qinglou"}}, {"type": "Feature", "geometry": {"type": "Point", "coordinates": [119.427661, 32.391005]}, "properties": {"id": -6125, "name": "春熙茶坊", "kind": "茶坊", "category": "custom", "hours": "卯-酉", "group": "饮食", "icon": "tea"}}, {"type": "Feature", "geometry": {"type": "Point", "coordinates": [119.4279, 32.391666]}, "properties": {"id": -6126, "name": "说书场", "kind": "书场", "category": "custom", "hours": "午-子", "group": "百戏娱乐", "icon": "story"}}, {"type": "Feature", "geometry": {"type": "Point", "coordinates": [119.428219, 32.390439]}, "properties": {"id": -6127, "name": "醉仙居", "kind": "酒肆", "category": "custom", "hours": "卯-酉", "group": "饮食", "icon": "tavern"}}, {"type": "Feature", "geometry": {"type": "Point", "coordinates": [119.427187, 32.390096]}, "properties": {"id": -6128, "name": "倚红阁", "kind": "青楼", "category": "custom", "hours": "酉-丑", "group": "风月", "icon": "qinglou"}}, {"type": "Feature", "geometry": {"type": "Point", "coordinates": [119.427227, 32.390975]}, "properties": {"id": -6129, "name": "忘忧轩", "kind": "棋馆", "category": "custom", "hours": "午-子", "group": "百戏娱乐", "icon": "go"}}, {"type": "Feature", "geometry": {"type": "Point", "coordinates": [119.428759, 32.391358]}, "properties": {"id": -6130, "name": "花间一壶", "kind": "酒肆", "category": "custom", "hours": "卯-酉", "group": "饮食", "icon": "tavern"}}, {"type": "Feature", "geometry": {"type": "Point", "coordinates": [119.429202, 32.390658]}, "properties": {"id": -6131, "name": "正阳武馆", "kind": "武馆", "category": "custom", "hours": "卯-申", "group": "军武", "icon": "martial"}}, {"type": "Feature", "geometry": {"type": "Point", "coordinates": [119.428578, 32.390118]}, "properties": {"id": -6132, "name": "旗亭小肆", "kind": "酒肆", "category": "custom", "hours": "卯-酉", "group": "饮食", "icon": "tavern"}}, {"type": "Feature", "geometry": {"type": "Point", "coordinates": [119.428111, 32.389964]}, "properties": {"id": -6133, "name": "众乐勾栏", "kind": "勾栏", "category": "custom", "hours": "酉-丑", "group": "百戏娱乐", "icon": "theater"}}, {"type": "Feature", "geometry": {"type": "Point", "coordinates": [119.42715, 32.391707]}, "properties": {"id": -6134, "name": "听雨轩", "kind": "茶坊", "category": "custom", "hours": "卯-酉", "group": "饮食", "icon": "tea"}}, {"type": "Feature", "geometry": {"type": "Point", "coordinates": [119.427605, 32.389923]}, "properties": {"id": -6135, "name": "乐棚", "kind": "戏台", "category": "custom", "hours": "午-子", "group": "百戏娱乐", "icon": "stage"}}, {"type": "Feature", "geometry": {"type": "Point", "coordinates": [119.428201, 32.391926]}, "properties": {"id": -6136, "name": "弈云阁", "kind": "棋馆", "category": "custom", "hours": "午-子", "group": "百戏娱乐", "icon": "go"}}, {"type": "Feature", "geometry": {"type": "Point", "coordinates": [119.432921, 32.396512]}, "properties": {"id": -6137, "name": "书场·一", "kind": "书场", "category": "custom", "hours": "午-子", "group": "百戏娱乐", "icon": "story"}}, {"type": "Feature", "geometry": {"type": "Point", "coordinates": [119.432443, 32.395135]}, "properties": {"id": -6138, "name": "太乐坊", "kind": "教坊", "category": "custom", "hours": "酉-丑", "group": "风月", "icon": "jiaofang"}}, {"type": "Feature", "geometry": {"type": "Point", "coordinates": [119.43293, 32.395588]}, "properties": {"id": -6139, "name": "陆羽茶坊", "kind": "茶坊", "category": "custom", "hours": "卯-酉", "group": "饮食", "icon": "tea"}}, {"type": "Feature", "geometry": {"type": "Point", "coordinates": [119.432172, 32.395566]}, "properties": {"id": -6140, "name": "舞雩坊", "kind": "教坊", "category": "custom", "hours": "酉-丑", "group": "风月", "icon": "jiaofang"}}, {"type": "Feature", "geometry": {"type": "Point", "coordinates": [119.433414, 32.396664]}, "properties": {"id": -6141, "name": "烂柯馆", "kind": "棋馆", "category": "custom", "hours": "午-子", "group": "百戏娱乐", "icon": "go"}}, {"type": "Feature", "geometry": {"type": "Point", "coordinates": [119.433024, 32.39702]}, "properties": {"id": -6142, "name": "书场·二", "kind": "书场", "category": "custom", "hours": "午-子", "group": "百戏娱乐", "icon": "story"}}, {"type": "Feature", "geometry": {"type": "Point", "coordinates": [119.432658, 32.397316]}, "properties": {"id": -6143, "name": "浑名坊", "kind": "赌坊", "category": "custom", "hours": "午-子", "group": "市井娱乐", "icon": "gamble"}}, {"type": "Feature", "geometry": {"type": "Point", "coordinates": [119.433105, 32.395206]}, "properties": {"id": -6144, "name": "英武堂", "kind": "武馆", "category": "custom", "hours": "卯-申", "group": "军武", "icon": "martial"}}, {"type": "Feature", "geometry": {"type": "Point", "coordinates": [119.433949, 32.396567]}, "properties": {"id": -6145, "name": "清平乐坊", "kind": "教坊", "category": "custom", "hours": "酉-丑", "group": "风月", "icon": "jiaofang"}}, {"type": "Feature", "geometry": {"type": "Point", "coordinates": [119.43394, 32.39599]}, "properties": {"id": -6146, "name": "醉春楼", "kind": "青楼", "category": "custom", "hours": "酉-丑", "group": "风月", "icon": "qinglou"}}, {"type": "Feature", "geometry": {"type": "Point", "coordinates": [119.433483, 32.39614]}, "properties": {"id": -6147, "name": "庆丰台", "kind": "戏台", "category": "custom", "hours": "午-子", "group": "百戏娱乐", "icon": "stage"}}, {"type": "Feature", "geometry": {"type": "Point", "coordinates": [119.43355, 32.395784]}, "properties": {"id": -6148, "name": "酒肆·一", "kind": "酒肆", "category": "custom", "hours": "卯-酉", "group": "饮食", "icon": "tavern"}}, {"type": "Feature", "geometry": {"type": "Point", "coordinates": [119.426255, 32.401153]}, "properties": {"id": -6149, "name": "沉香院", "kind": "青楼", "category": "custom", "hours": "酉-丑", "group": "风月", "icon": "qinglou"}}, {"type": "Feature", "geometry": {"type": "Point", "coordinates": [119.427218, 32.400684]}, "properties": {"id": -6150, "name": "酒肆·二", "kind": "酒肆", "category": "custom", "hours": "卯-酉", "group": "饮食", "icon": "tavern"}}, {"type": "Feature", "geometry": {"type": "Point", "coordinates": [119.42769, 32.400812]}, "properties": {"id": -6151, "name": "茶坊·一", "kind": "茶坊", "category": "custom", "hours": "卯-酉", "group": "饮食", "icon": "tea"}}, {"type": "Feature", "geometry": {"type": "Point", "coordinates": [119.427262, 32.400101]}, "properties": {"id": -6152, "name": "棋馆·一", "kind": "棋馆", "category": "custom", "hours": "午-子", "group": "百戏娱乐", "icon": "go"}}, {"type": "Feature", "geometry": {"type": "Point", "coordinates": [119.4279, 32.400356]}, "properties": {"id": -6153, "name": "书场·三", "kind": "书场", "category": "custom", "hours": "午-子", "group": "百戏娱乐", "icon": "story"}}, {"type": "Feature", "geometry": {"type": "Point", "coordinates": [119.425305, 32.399992]}, "properties": {"id": -6154, "name": "教坊·一", "kind": "教坊", "category": "custom", "hours": "酉-丑", "group": "风月", "icon": "jiaofang"}}, {"type": "Feature", "geometry": {"type": "Point", "coordinates": [119.426856, 32.401261]}, "properties": {"id": -6155, "name": "教坊·二", "kind": "教坊", "category": "custom", "hours": "酉-丑", "group": "风月", "icon": "jiaofang"}}, {"type": "Feature", "geometry": {"type": "Point", "coordinates": [119.427458, 32.401207]}, "properties": {"id": -6156, "name": "和声台", "kind": "戏台", "category": "custom", "hours": "午-子", "group": "百戏娱乐", "icon": "stage"}}, {"type": "Feature", "geometry": {"type": "Point", "coordinates": [119.426484, 32.399487]}, "properties": {"id": -6157, "name": "得胜坊", "kind": "赌坊", "category": "custom", "hours": "午-子", "group": "市井娱乐", "icon": "gamble"}}, {"type": "Feature", "geometry": {"type": "Point", "coordinates": [119.425834, 32.401014]}, "properties": {"id": -6158, "name": "棋馆·二", "kind": "棋馆", "category": "custom", "hours": "午-子", "group": "百戏娱乐", "icon": "go"}}, {"type": "Feature", "geometry": {"type": "Point", "coordinates": [119.427519, 32.399755]}, "properties": {"id": -6159, "name": "棋馆·三", "kind": "棋馆", "category": "custom", "hours": "午-子", "group": "百戏娱乐", "icon": "go"}}, {"type": "Feature", "geometry": {"type": "Point", "coordinates": [119.427016, 32.399361]}, "properties": {"id": -6160, "name": "万花楼", "kind": "青楼", "category": "custom", "hours": "酉-丑", "group": "风月", "icon": "qinglou"}}, {"type": "Feature", "geometry": {"type": "Point", "coordinates": [119.439949, 32.389487]}, "properties": {"id": -6161, "name": "月华阁", "kind": "青楼", "category": "custom", "hours": "酉-丑", "group": "风月", "icon": "qinglou"}}, {"type": "Feature", "geometry": {"type": "Point", "coordinates": [119.442219, 32.390086]}, "properties": {"id": -6162, "name": "金勾坊", "kind": "赌坊", "category": "custom", "hours": "午-子", "group": "市井娱乐", "icon": "gamble"}}, {"type": "Feature", "geometry": {"type": "Point", "coordinates": [119.4427, 32.389813]}, "properties": {"id": -6163, "name": "棋馆·四", "kind": "棋馆", "category": "custom", "hours": "午-子", "group": "百戏娱乐", "icon": "go"}}, {"type": "Feature", "geometry": {"type": "Point", "coordinates": [119.442166, 32.391852]}, "properties": {"id": -6164, "name": "莲花棚", "kind": "勾栏", "category": "custom", "hours": "酉-丑", "group": "百戏娱乐", "icon": "theater"}}, {"type": "Feature", "geometry": {"type": "Point", "coordinates": [119.441618, 32.391256]}, "properties": {"id": -6165, "name": "教坊·三", "kind": "教坊", "category": "custom", "hours": "酉-丑", "group": "风月", "icon": "jiaofang"}}, {"type": "Feature", "geometry": {"type": "Point", "coordinates": [119.441709, 32.390218]}, "properties": {"id": -6166, "name": "教坊·四", "kind": "教坊", "category": "custom", "hours": "酉-丑", "group": "风月", "icon": "jiaofang"}}, {"type": "Feature", "geometry": {"type": "Point", "coordinates": [119.442885, 32.390339]}, "properties": {"id": -6167, "name": "酒肆·三", "kind": "酒肆", "category": "custom", "hours": "卯-酉", "group": "饮食", "icon": "tavern"}}, {"type": "Feature", "geometry": {"type": "Point", "coordinates": [119.443033, 32.39134]}, "properties": {"id": -6168, "name": "茶坊·二", "kind": "茶坊", "category": "custom", "hours": "卯-酉", "group": "饮食", "icon": "tea"}}, {"type": "Feature", "geometry": {"type": "Point", "coordinates": [119.441049, 32.391277]}, "properties": {"id": -6169, "name": "书场·四", "kind": "书场", "category": "custom", "hours": "午-子", "group": "百戏娱乐", "icon": "story"}}, {"type": "Feature", "geometry": {"type": "Point", "coordinates": [119.443601, 32.390842]}, "properties": {"id": -6170, "name": "教坊·五", "kind": "教坊", "category": "custom", "hours": "酉-丑", "group": "风月", "icon": "jiaofang"}}, {"type": "Feature", "geometry": {"type": "Point", "coordinates": [119.441784, 32.389796]}, "properties": {"id": -6171, "name": "茶坊·三", "kind": "茶坊", "category": "custom", "hours": "卯-酉", "group": "饮食", "icon": "tea"}}, {"type": "Feature", "geometry": {"type": "Point", "coordinates": [119.443343, 32.390479]}, "properties": {"id": -6172, "name": "戏台·一", "kind": "戏台", "category": "custom", "hours": "午-子", "group": "百戏娱乐", "icon": "stage"}}, {"type": "Feature", "geometry": {"type": "Point", "coordinates": [119.427262, 32.404291]}, "properties": {"id": -6173, "name": "赌坊·一", "kind": "赌坊", "category": "custom", "hours": "午-子", "group": "市井娱乐", "icon": "gamble"}}, {"type": "Feature", "geometry": {"type": "Point", "coordinates": [119.428333, 32.404143]}, "properties": {"id": -6174, "name": "酒肆·四", "kind": "酒肆", "category": "custom", "hours": "卯-酉", "group": "饮食", "icon": "tavern"}}, {"type": "Feature", "geometry": {"type": "Point", "coordinates": [119.42663, 32.404958]}, "properties": {"id": -6175, "name": "牡丹棚", "kind": "勾栏", "category": "custom", "hours": "酉-丑", "group": "百戏娱乐", "icon": "theater"}}, {"type": "Feature", "geometry": {"type": "Point", "coordinates": [119.429007, 32.405399]}, "properties": {"id": -6176, "name": "赌坊·二", "kind": "赌坊", "category": "custom", "hours": "午-子", "group": "市井娱乐", "icon": "gamble"}}, {"type": "Feature", "geometry": {"type": "Point", "coordinates": [119.428108, 32.405304]}, "properties": {"id": -6177, "name": "勾栏·一", "kind": "勾栏", "category": "custom", "hours": "酉-丑", "group": "百戏娱乐", "icon": "theater"}}, {"type": "Feature", "geometry": {"type": "Point", "coordinates": [119.428977, 32.404682]}, "properties": {"id": -6178, "name": "勾栏·二", "kind": "勾栏", "category": "custom", "hours": "酉-丑", "group": "百戏娱乐", "icon": "theater"}}, {"type": "Feature", "geometry": {"type": "Point", "coordinates": [119.42721, 32.4053]}, "properties": {"id": -6179, "name": "教坊·六", "kind": "教坊", "category": "custom", "hours": "酉-丑", "group": "风月", "icon": "jiaofang"}}, {"type": "Feature", "geometry": {"type": "Point", "coordinates": [119.427909, 32.403758]}, "properties": {"id": -6180, "name": "赌坊·三", "kind": "赌坊", "category": "custom", "hours": "午-子", "group": "市井娱乐", "icon": "gamble"}}, {"type": "Feature", "geometry": {"type": "Point", "coordinates": [119.428554, 32.40539]}, "properties": {"id": -6181, "name": "教坊·七", "kind": "教坊", "category": "custom", "hours": "酉-丑", "group": "风月", "icon": "jiaofang"}}, {"type": "Feature", "geometry": {"type": "Point", "coordinates": [119.426672, 32.40445]}, "properties": {"id": -6182, "name": "永昌当", "kind": "当铺", "category": "custom", "hours": "卯-酉", "group": "金融", "icon": "pawn"}}, {"type": "Feature", "geometry": {"type": "Point", "coordinates": [119.427718, 32.404105]}, "properties": {"id": -6183, "name": "茶坊·四", "kind": "茶坊", "category": "custom", "hours": "卯-酉", "group": "饮食", "icon": "tea"}}, {"type": "Feature", "geometry": {"type": "Point", "coordinates": [119.428779, 32.404267]}, "properties": {"id": -6184, "name": "尚武馆", "kind": "武馆", "category": "custom", "hours": "卯-申", "group": "军武", "icon": "martial"}}, {"type": "Feature", "geometry": {"type": "Point", "coordinates": [119.428719, 32.40536]}, "properties": {"id": -6185, "name": "凌波舫", "kind": "画舫", "category": "custom", "hours": "酉-丑", "group": "风月", "icon": "huafang"}}, {"type": "Feature", "geometry": {"type": "Point", "coordinates": [119.433211, 32.392123]}, "properties": {"id": -6186, "name": "月影舫", "kind": "画舫", "category": "custom", "hours": "酉-丑", "group": "风月", "icon": "huafang"}}, {"type": "Feature", "geometry": {"type": "Point", "coordinates": [119.43158, 32.402465]}, "properties": {"id": -6187, "name": "听雨舫", "kind": "画舫", "category": "custom", "hours": "酉-丑", "group": "风月", "icon": "huafang"}}, {"type": "Feature", "geometry": {"type": "Point", "coordinates": [119.421759, 32.395364]}, "properties": {"id": -6188, "name": "烟霞舫", "kind": "画舫", "category": "custom", "hours": "酉-丑", "group": "风月", "icon": "huafang"}}, {"type": "Feature", "geometry": {"type": "Point", "coordinates": [119.4485, 32.3906675]}, "properties": {"id": -6189, "name": "东门", "kind": "城门", "category": "custom", "hours": "全天", "group": "城防", "icon": "gate"}}, {"type": "Feature", "geometry": {"type": "Point", "coordinates": [119.4245, 32.3963215]}, "properties": {"id": -6190, "name": "西门", "kind": "城门", "category": "custom", "hours": "全天", "group": "城防", "icon": "gate"}}, {"type": "Feature", "geometry": {"type": "Point", "coordinates": [119.4367127, 32.3835]}, "properties": {"id": -6191, "name": "南门", "kind": "城门", "category": "custom", "hours": "全天", "group": "城防", "icon": "gate"}}, {"type": "Feature", "geometry": {"type": "Point", "coordinates": [119.4350412, 32.4045]}, "properties": {"id": -6192, "name": "北门", "kind": "城门", "category": "custom", "hours": "全天", "group": "城防", "icon": "gate"}}, {"type": "Feature", "geometry": {"type": "Point", "coordinates": [119.4477281, 32.4037091]}, "properties": {"id": -6193, "name": "水门", "kind": "城门", "category": "custom", "hours": "全天", "group": "城防", "icon": "gate"}}, {"type": "Feature", "geometry": {"type": "Point", "coordinates": [119.4360583, 32.3980775]}, "properties": {"id": -6194, "name": "城隍庙", "kind": "城隍庙", "category": "custom", "hours": "卯-申", "group": "信仰", "icon": "shrine"}}, {"type": "Feature", "geometry": {"type": "Point", "coordinates": [119.432806, 32.3936189]}, "properties": {"id": -6195, "name": "勾栏", "kind": "勾栏", "category": "custom", "hours": "酉-丑", "group": "百戏娱乐", "icon": "theater"}}, {"type": "Feature", "geometry": {"type": "Point", "coordinates": [119.4281591, 32.3882919]}, "properties": {"id": -6196, "name": "庆济当铺", "kind": "当铺", "category": "custom", "hours": "卯-酉", "group": "金融", "icon": "pawn"}}, {"type": "Feature", "geometry": {"type": "Point", "coordinates": [119.4355002, 32.4037737]}, "properties": {"id": -6197, "name": "泰济州学", "kind": "州学", "category": "custom", "hours": "卯-申", "group": "文教", "icon": "academy"}}, {"type": "Feature", "geometry": {"type": "Point", "coordinates": [119.4310579, 32.3899814]}, "properties": {"id": -6198, "name": "和福青楼", "kind": "青楼", "category": "custom", "hours": "酉-丑", "group": "风月", "icon": "qinglou"}}, {"type": "Feature", "geometry": {"type": "Point", "coordinates": [119.4264961, 32.4031134]}, "properties": {"id": -6199, "name": "兴德医馆", "kind": "医馆", "category": "custom", "hours": "卯-酉", "group": "医药", "icon": "med"}}, {"type": "Feature", "geometry": {"type": "Point", "coordinates": [119.4455472, 32.3879969]}, "properties": {"id": -6200, "name": "升泰算命摊", "kind": "算命摊", "category": "custom", "hours": "卯-酉", "group": "百戏", "icon": "fortune"}}, {"type": "Feature", "geometry": {"type": "Point", "coordinates": [119.4482491, 32.3918629]}, "properties": {"id": -6201, "name": "正景酒楼", "kind": "酒楼", "category": "custom", "hours": "午-子", "group": "饮食", "icon": "tavern"}}, {"type": "Feature", "geometry": {"type": "Point", "coordinates": [119.4358861, 32.3991565]}, "properties": {"id": -6202, "name": "通兴棋馆", "kind": "棋馆", "category": "custom", "hours": "午-子", "group": "百戏娱乐", "icon": "go"}}, {"type": "Feature", "geometry": {"type": "Point", "coordinates": [119.4252428, 32.393683]}, "properties": {"id": -6203, "name": "迎元饼铺", "kind": "饼铺", "category": "custom", "hours": "卯-酉", "group": "饮食", "icon": "shop"}}, {"type": "Feature", "geometry": {"type": "Point", "coordinates": [119.4446774, 32.3973094]}, "properties": {"id": -6204, "name": "双源茶坊", "kind": "茶坊", "category": "custom", "hours": "卯-酉", "group": "饮食", "icon": "tea"}}, {"type": "Feature", "geometry": {"type": "Point", "coordinates": [119.4307722, 32.3885609]}, "properties": {"id": -6205, "name": "文盛当铺", "kind": "当铺", "category": "custom", "hours": "卯-酉", "group": "金融", "icon": "pawn"}}, {"type": "Feature", "geometry": {"type": "Point", "coordinates": [119.435154, 32.3841857]}, "properties": {"id": -6206, "name": "文华教坊", "kind": "教坊", "category": "custom", "hours": "酉-丑", "group": "风月", "icon": "jiaofang"}}, {"type": "Feature", "geometry": {"type": "Point", "coordinates": [119.4392507, 32.3949499]}, "properties": {"id": -6207, "name": "州衙", "kind": "州衙", "category": "custom", "hours": "卯-申", "group": "官署", "icon": "office"}}, {"type": "Feature", "geometry": {"type": "Point", "coordinates": [119.4381557, 32.4007967]}, "properties": {"id": -6208, "name": "仁发酒楼", "kind": "酒楼", "category": "custom", "hours": "午-子", "group": "饮食", "icon": "tavern"}}, {"type": "Feature", "geometry": {"type": "Point", "coordinates": [119.4286593, 32.3976215]}, "properties": {"id": -6209, "name": "金源医馆", "kind": "医馆", "category": "custom", "hours": "卯-酉", "group": "医药", "icon": "med"}}, {"type": "Feature", "geometry": {"type": "Point", "coordinates": [119.4450035, 32.401471]}, "properties": {"id": -6210, "name": "书场", "kind": "书场", "category": "custom", "hours": "午-子", "group": "百戏娱乐", "icon": "story"}}, {"type": "Feature", "geometry": {"type": "Point", "coordinates": [119.4372146, 32.3863619]}, "properties": {"id": -6211, "name": "惠民药局", "kind": "惠民药局", "category": "custom", "hours": "卯-酉", "group": "医药", "icon": "med"}}, {"type": "Feature", "geometry": {"type": "Point", "coordinates": [119.4452249, 32.397288]}, "properties": {"id": -6212, "name": "金德客栈", "kind": "客栈", "category": "custom", "hours": "全天", "group": "行旅", "icon": "inn"}}, {"type": "Feature", "geometry": {"type": "Point", "coordinates": [119.4463058, 32.3862537]}, "properties": {"id": -6213, "name": "巡检司", "kind": "巡检司", "category": "custom", "hours": "卯-申", "group": "官署", "icon": "office"}}, {"type": "Feature", "geometry": {"type": "Point", "coordinates": [119.4263273, 32.3860539]}, "properties": {"id": -6214, "name": "积熙绸缎庄", "kind": "绸缎庄", "category": "custom", "hours": "卯-酉", "group": "商市", "icon": "textile"}}, {"type": "Feature", "geometry": {"type": "Point", "coordinates": [119.443705, 32.3875384]}, "properties": {"id": -6215, "name": "福隆客栈", "kind": "客栈", "category": "custom", "hours": "全天", "group": "行旅", "icon": "inn"}}, {"type": "Feature", "geometry": {"type": "Point", "coordinates": [119.4442393, 32.399966]}, "properties": {"id": -6216, "name": "正茂金银铺", "kind": "金银铺", "category": "custom", "hours": "卯-酉", "group": "金融", "icon": "money"}}, {"type": "Feature", "geometry": {"type": "Point", "coordinates": [119.4248015, 32.3995635]}, "properties": {"id": -6217, "name": "德隆绣坊", "kind": "绣坊", "category": "custom", "hours": "卯-酉", "group": "百工", "icon": "textile"}}, {"type": "Feature", "geometry": {"type": "Point", "coordinates": [119.4281314, 32.4041536]}, "properties": {"id": -6218, "name": "瓦舍", "kind": "瓦舍", "category": "custom", "hours": "酉-丑", "group": "百戏娱乐", "icon": "theater"}}, {"type": "Feature", "geometry": {"type": "Point", "coordinates": [119.4302144, 32.387122]}, "properties": {"id": -6219, "name": "瑞发书坊", "kind": "书坊", "category": "custom", "hours": "卯-酉", "group": "文教", "icon": "library"}}, {"type": "Feature", "geometry": {"type": "Point", "coordinates": [119.4301281, 32.3964608]}, "properties": {"id": -6220, "name": "莲通药铺", "kind": "药铺", "category": "custom", "hours": "卯-酉", "group": "医药", "icon": "med"}}, {"type": "Feature", "geometry": {"type": "Point", "coordinates": [119.4457029, 32.3981596]}, "properties": {"id": -6221, "name": "善福园", "kind": "园", "category": "custom", "hours": "全天", "group": "游乐", "icon": "garden"}}, {"type": "Feature", "geometry": {"type": "Point", "coordinates": [119.4414211, 32.3926407]}, "properties": {"id": -6222, "name": "升昌酒楼", "kind": "酒楼", "category": "custom", "hours": "午-子", "group": "饮食", "icon": "tavern"}}, {"type": "Feature", "geometry": {"type": "Point", "coordinates": [119.4348666, 32.3943587]}, "properties": {"id": -6223, "name": "安盛客栈", "kind": "客栈", "category": "custom", "hours": "全天", "group": "行旅", "icon": "inn"}}, {"type": "Feature", "geometry": {"type": "Point", "coordinates": [119.4339179, 32.4016603]}, "properties": {"id": -6224, "name": "巡检司", "kind": "巡检司", "category": "custom", "hours": "卯-申", "group": "官署", "icon": "office"}}, {"type": "Feature", "geometry": {"type": "Point", "coordinates": [119.4315071, 32.3952469]}, "properties": {"id": -6225, "name": "德宁药铺", "kind": "药铺", "category": "custom", "hours": "卯-酉", "group": "医药", "icon": "med"}}, {"type": "Feature", "geometry": {"type": "Point", "coordinates": [119.4269656, 32.4008647]}, "properties": {"id": -6226, "name": "瓦舍", "kind": "瓦舍", "category": "custom", "hours": "酉-丑", "group": "百戏娱乐", "icon": "theater"}}, {"type": "Feature", "geometry": {"type": "Point", "coordinates": [119.4473595, 32.3984828]}, "properties": {"id": -6227, "name": "正聚绸缎庄", "kind": "绸缎庄", "category": "custom", "hours": "卯-酉", "group": "商市", "icon": "textile"}}, {"type": "Feature", "geometry": {"type": "Point", "coordinates": [119.4312279, 32.4035911]}, "properties": {"id": -6228, "name": "怀乐酒肆", "kind": "酒肆", "category": "custom", "hours": "卯-酉", "group": "饮食", "icon": "tavern"}}, {"type": "Feature", "geometry": {"type": "Point", "coordinates": [119.4481397, 32.3903459]}, "properties": {"id": -6229, "name": "高台", "kind": "高台", "category": "custom", "hours": "全天", "group": "地标", "icon": "sight"}}, {"type": "Feature", "geometry": {"type": "Point", "coordinates": [119.4354475, 32.3924411]}, "properties": {"id": -6230, "name": "书场", "kind": "书场", "category": "custom", "hours": "午-子", "group": "百戏娱乐", "icon": "story"}}, {"type": "Feature", "geometry": {"type": "Point", "coordinates": [119.4333225, 32.3977284]}, "properties": {"id": -6231, "name": "积宁香烛铺", "kind": "香烛铺", "category": "custom", "hours": "卯-酉", "group": "礼用", "icon": "incense"}}, {"type": "Feature", "geometry": {"type": "Point", "coordinates": [119.4288916, 32.4035322]}, "properties": {"id": -6232, "name": "双丰州学", "kind": "州学", "category": "custom", "hours": "卯-申", "group": "文教", "icon": "academy"}}, {"type": "Feature", "geometry": {"type": "Point", "coordinates": [119.4354186, 32.3897458]}, "properties": {"id": -6233, "name": "务通书院", "kind": "书院", "category": "custom", "hours": "卯-申", "group": "文教", "icon": "academy"}}, {"type": "Feature", "geometry": {"type": "Point", "coordinates": [119.4311663, 32.3985202]}, "properties": {"id": -6234, "name": "春顺州学", "kind": "州学", "category": "custom", "hours": "卯-申", "group": "文教", "icon": "academy"}}, {"type": "Feature", "geometry": {"type": "Point", "coordinates": [119.4314828, 32.3900821]}, "properties": {"id": -6235, "name": "怀茂钱铺", "kind": "钱铺", "category": "custom", "hours": "卯-酉", "group": "金融", "icon": "money"}}, {"type": "Feature", "geometry": {"type": "Point", "coordinates": [119.4315779, 32.3929957]}, "properties": {"id": -6236, "name": "善昌客栈", "kind": "客栈", "category": "custom", "hours": "全天", "group": "行旅", "icon": "inn"}}, {"type": "Feature", "geometry": {"type": "Point", "coordinates": [119.4254801, 32.3857908]}, "properties": {"id": -6237, "name": "惠民药局", "kind": "惠民药局", "category": "custom", "hours": "卯-酉", "group": "医药", "icon": "med"}}, {"type": "Feature", "geometry": {"type": "Point", "coordinates": [119.433773, 32.3886904]}, "properties": {"id": -6238, "name": "安茂书坊", "kind": "书坊", "category": "custom", "hours": "卯-酉", "group": "文教", "icon": "library"}}, {"type": "Feature", "geometry": {"type": "Point", "coordinates": [119.442287, 32.3944669]}, "properties": {"id": -6239, "name": "义来州学", "kind": "州学", "category": "custom", "hours": "卯-申", "group": "文教", "icon": "academy"}}, {"type": "Feature", "geometry": {"type": "Point", "coordinates": [119.4407074, 32.3871301]}, "properties": {"id": -6240, "name": "永聚书坊", "kind": "书坊", "category": "custom", "hours": "卯-酉", "group": "文教", "icon": "library"}}, {"type": "Feature", "geometry": {"type": "Point", "coordinates": [119.4345688, 32.3912004]}, "properties": {"id": -6241, "name": "市集", "kind": "市集", "category": "custom", "hours": "卯-酉", "group": "商市", "icon": "market"}}, {"type": "Feature", "geometry": {"type": "Point", "coordinates": [119.4320137, 32.3848965]}, "properties": {"id": -6242, "name": "市集", "kind": "市集", "category": "custom", "hours": "卯-酉", "group": "商市", "icon": "market"}}, {"type": "Feature", "geometry": {"type": "Point", "coordinates": [119.4259828, 32.3905867]}, "properties": {"id": -6243, "name": "双华书坊", "kind": "书坊", "category": "custom", "hours": "卯-酉", "group": "文教", "icon": "library"}}, {"type": "Feature", "geometry": {"type": "Point", "coordinates": [119.4435863, 32.3930456]}, "properties": {"id": -6244, "name": "仁宁茶坊", "kind": "茶坊", "category": "custom", "hours": "卯-酉", "group": "饮食", "icon": "tea"}}, {"type": "Feature", "geometry": {"type": "Point", "coordinates": [119.4255483, 32.4013584]}, "properties": {"id": -6245, "name": "祥发食铺", "kind": "食铺", "category": "custom", "hours": "卯-酉", "group": "饮食", "icon": "food"}}, {"type": "Feature", "geometry": {"type": "Point", "coordinates": [119.4290809, 32.3845239]}, "properties": {"id": -6246, "name": "桂聚赌坊", "kind": "赌坊", "category": "custom", "hours": "午-子", "group": "市井娱乐", "icon": "gamble"}}, {"type": "Feature", "geometry": {"type": "Point", "coordinates": [119.444659, 32.3986679]}, "properties": {"id": -6247, "name": "积玉绣坊", "kind": "绣坊", "category": "custom", "hours": "卯-酉", "group": "百工", "icon": "textile"}}, {"type": "Feature", "geometry": {"type": "Point", "coordinates": [119.4463673, 32.401143]}, "properties": {"id": -6248, "name": "清瑞酒肆", "kind": "酒肆", "category": "custom", "hours": "卯-酉", "group": "饮食", "icon": "tavern"}}, {"type": "Feature", "geometry": {"type": "Point", "coordinates": [119.4365628, 32.3899859]}, "properties": {"id": -6249, "name": "善发食铺", "kind": "食铺", "category": "custom", "hours": "卯-酉", "group": "饮食", "icon": "food"}}, {"type": "Feature", "geometry": {"type": "Point", "coordinates": [119.4333919, 32.3837059]}, "properties": {"id": -6250, "name": "正瑞教坊", "kind": "教坊", "category": "custom", "hours": "酉-丑", "group": "风月", "icon": "jiaofang"}}, {"type": "Feature", "geometry": {"type": "Point", "coordinates": [119.4361527, 32.3952005]}, "properties": {"id": -6251, "name": "牢狱", "kind": "牢狱", "category": "custom", "hours": "全天", "group": "官署", "icon": "office"}}, {"type": "Feature", "geometry": {"type": "Point", "coordinates": [119.429297, 32.396012]}, "properties": {"id": -6252, "name": "怀来酒楼", "kind": "酒楼", "category": "custom", "hours": "午-子", "group": "饮食", "icon": "tavern"}}, {"type": "Feature", "geometry": {"type": "Point", "coordinates": [119.4338358, 32.4022413]}, "properties": {"id": -6253, "name": "通祥邸店", "kind": "邸店", "category": "custom", "hours": "全天", "group": "行旅", "icon": "inn"}}, {"type": "Feature", "geometry": {"type": "Point", "coordinates": [119.4477213, 32.3864439]}, "properties": {"id": -6254, "name": "务景客栈", "kind": "客栈", "category": "custom", "hours": "全天", "group": "行旅", "icon": "inn"}}, {"type": "Feature", "geometry": {"type": "Point", "coordinates": [119.4476189, 32.39747]}, "properties": {"id": -6255, "name": "州衙", "kind": "州衙", "category": "custom", "hours": "卯-申", "group": "官署", "icon": "office"}}, {"type": "Feature", "geometry": {"type": "Point", "coordinates": [119.441607, 32.3902741]}, "properties": {"id": -6256, "name": "元盛州学", "kind": "州学", "category": "custom", "hours": "卯-申", "group": "文教", "icon": "academy"}}, {"type": "Feature", "geometry": {"type": "Point", "coordinates": [119.427676, 32.3919266]}, "properties": {"id": -6257, "name": "和和金银铺", "kind": "金银铺", "category": "custom", "hours": "卯-酉", "group": "金融", "icon": "money"}}, {"type": "Feature", "geometry": {"type": "Point", "coordinates": [119.4446899, 32.393632]}, "properties": {"id": -6258, "name": "高台", "kind": "高台", "category": "custom", "hours": "全天", "group": "地标", "icon": "sight"}}, {"type": "Feature", "geometry": {"type": "Point", "coordinates": [119.4433358, 32.3848574]}, "properties": {"id": -6259, "name": "万福客栈", "kind": "客栈", "category": "custom", "hours": "全天", "group": "行旅", "icon": "inn"}}, {"type": "Feature", "geometry": {"type": "Point", "coordinates": [119.4279668, 32.3951533]}, "properties": {"id": -6260, "name": "正通茶坊", "kind": "茶坊", "category": "custom", "hours": "卯-酉", "group": "饮食", "icon": "tea"}}, {"type": "Feature", "geometry": {"type": "Point", "coordinates": [119.4425224, 32.3938487]}, "properties": {"id": -6261, "name": "广祥园", "kind": "园", "category": "custom", "hours": "全天", "group": "游乐", "icon": "garden"}}, {"type": "Feature", "geometry": {"type": "Point", "coordinates": [119.4246497, 32.394624]}, "properties": {"id": -6262, "name": "聚顺香烛铺", "kind": "香烛铺", "category": "custom", "hours": "卯-酉", "group": "礼用", "icon": "incense"}}, {"type": "Feature", "geometry": {"type": "Point", "coordinates": [119.4258442, 32.3968791]}, "properties": {"id": -6263, "name": "土地庙", "kind": "土地庙", "category": "custom", "hours": "卯-申", "group": "信仰", "icon": "shrine"}}, {"type": "Feature", "geometry": {"type": "Point", "coordinates": [119.4294669, 32.4016106]}, "properties": {"id": -6264, "name": "德义客栈", "kind": "客栈", "category": "custom", "hours": "全天", "group": "行旅", "icon": "inn"}}, {"type": "Feature", "geometry": {"type": "Point", "coordinates": [119.4457989, 32.4009582]}, "properties": {"id": -6265, "name": "康祥食铺", "kind": "食铺", "category": "custom", "hours": "卯-酉", "group": "饮食", "icon": "food"}}, {"type": "Feature", "geometry": {"type": "Point", "coordinates": [119.4479523, 32.3846783]}, "properties": {"id": -6266, "name": "积德食铺", "kind": "食铺", "category": "custom", "hours": "卯-酉", "group": "饮食", "icon": "food"}}, {"type": "Feature", "geometry": {"type": "Point", "coordinates": [119.439619, 32.3841733]}, "properties": {"id": -6267, "name": "县衙", "kind": "县衙", "category": "custom", "hours": "卯-申", "group": "官署", "icon": "office"}}, {"type": "Feature", "geometry": {"type": "Point", "coordinates": [119.4301956, 32.3918077]}, "properties": {"id": -6268, "name": "竹乐客栈", "kind": "客栈", "category": "custom", "hours": "全天", "group": "行旅", "icon": "inn"}}, {"type": "Feature", "geometry": {"type": "Point", "coordinates": [119.4349496, 32.3929256]}, "properties": {"id": -6269, "name": "勾栏", "kind": "勾栏", "category": "custom", "hours": "酉-丑", "group": "百戏娱乐", "icon": "theater"}}, {"type": "Feature", "geometry": {"type": "Point", "coordinates": [119.4309454, 32.3915741]}, "properties": {"id": -6270, "name": "正华教坊", "kind": "教坊", "category": "custom", "hours": "酉-丑", "group": "风月", "icon": "jiaofang"}}, {"type": "Feature", "geometry": {"type": "Point", "coordinates": [119.4325795, 32.3959263]}, "properties": {"id": -6271, "name": "义聚酒楼", "kind": "酒楼", "category": "custom", "hours": "午-子", "group": "饮食", "icon": "tavern"}}, {"type": "Feature", "geometry": {"type": "Point", "coordinates": [119.4385141, 32.3893498]}, "properties": {"id": -6272, "name": "春源赌坊", "kind": "赌坊", "category": "custom", "hours": "午-子", "group": "市井娱乐", "icon": "gamble"}}, {"type": "Feature", "geometry": {"type": "Point", "coordinates": [119.4401208, 32.3852938]}, "properties": {"id": -6273, "name": "敦聚酒肆", "kind": "酒肆", "category": "custom", "hours": "卯-酉", "group": "饮食", "icon": "tavern"}}, {"type": "Feature", "geometry": {"type": "Point", "coordinates": [119.4434681, 32.3927124]}, "properties": {"id": -6274, "name": "善瑞酒楼", "kind": "酒楼", "category": "custom", "hours": "午-子", "group": "饮食", "icon": "tavern"}}, {"type": "Feature", "geometry": {"type": "Point", "coordinates": [119.4344962, 32.38713]}, "properties": {"id": -6275, "name": "景聚蒙馆", "kind": "蒙馆", "category": "custom", "hours": "卯-申", "group": "文教", "icon": "academy"}}, {"type": "Feature", "geometry": {"type": "Point", "coordinates": [119.4324956, 32.4021529]}, "properties": {"id": -6276, "name": "德瑞金银铺", "kind": "金银铺", "category": "custom", "hours": "卯-酉", "group": "金融", "icon": "money"}}, {"type": "Feature", "geometry": {"type": "Point", "coordinates": [119.430761, 32.3907408]}, "properties": {"id": -6277, "name": "瓦舍", "kind": "瓦舍", "category": "custom", "hours": "酉-丑", "group": "百戏娱乐", "icon": "theater"}}, {"type": "Feature", "geometry": {"type": "Point", "coordinates": [119.4448598, 32.3944482]}, "properties": {"id": -6278, "name": "瓦舍", "kind": "瓦舍", "category": "custom", "hours": "酉-丑", "group": "百戏娱乐", "icon": "theater"}}, {"type": "Feature", "geometry": {"type": "Point", "coordinates": [119.4254166, 32.3915605]}, "properties": {"id": -6279, "name": "市集", "kind": "市集", "category": "custom", "hours": "卯-酉", "group": "商市", "icon": "market"}}, {"type": "Feature", "geometry": {"type": "Point", "coordinates": [119.4300905, 32.3837773]}, "properties": {"id": -6280, "name": "康祥饼铺", "kind": "饼铺", "category": "custom", "hours": "卯-酉", "group": "饮食", "icon": "shop"}}, {"type": "Feature", "geometry": {"type": "Point", "coordinates": [119.4426409, 32.4019204]}, "properties": {"id": -6281, "name": "长泰酒肆", "kind": "酒肆", "category": "custom", "hours": "卯-酉", "group": "饮食", "icon": "tavern"}}, {"type": "Feature", "geometry": {"type": "Point", "coordinates": [119.438078, 32.38609]}, "properties": {"id": -6282, "name": "土地庙", "kind": "土地庙", "category": "custom", "hours": "卯-申", "group": "信仰", "icon": "shrine"}}, {"type": "Feature", "geometry": {"type": "Point", "coordinates": [119.4452824, 32.3887168]}, "properties": {"id": -6283, "name": "清福园", "kind": "园", "category": "custom", "hours": "全天", "group": "游乐", "icon": "garden"}}, {"type": "Feature", "geometry": {"type": "Point", "coordinates": [119.443552, 32.387124]}, "properties": {"id": -6284, "name": "泰昌邸店", "kind": "邸店", "category": "custom", "hours": "全天", "group": "行旅", "icon": "inn"}}, {"type": "Feature", "geometry": {"type": "Point", "coordinates": [119.4297697, 32.3872361]}, "properties": {"id": -6285, "name": "通隆客栈", "kind": "客栈", "category": "custom", "hours": "全天", "group": "行旅", "icon": "inn"}}, {"type": "Feature", "geometry": {"type": "Point", "coordinates": [119.4342255, 32.3957866]}, "properties": {"id": -6286, "name": "聚乐医馆", "kind": "医馆", "category": "custom", "hours": "卯-酉", "group": "医药", "icon": "med"}}, {"type": "Feature", "geometry": {"type": "Point", "coordinates": [119.4268024, 32.3903944]}, "properties": {"id": -6287, "name": "安景绸缎庄", "kind": "绸缎庄", "category": "custom", "hours": "卯-酉", "group": "商市", "icon": "textile"}}, {"type": "Feature", "geometry": {"type": "Point", "coordinates": [119.4343426, 32.3858814]}, "properties": {"id": -6288, "name": "勾栏", "kind": "勾栏", "category": "custom", "hours": "酉-丑", "group": "百戏娱乐", "icon": "theater"}}, {"type": "Feature", "geometry": {"type": "Point", "coordinates": [119.4391929, 32.3910945]}, "properties": {"id": -6289, "name": "迎源州学", "kind": "州学", "category": "custom", "hours": "卯-申", "group": "文教", "icon": "academy"}}, {"type": "Feature", "geometry": {"type": "Point", "coordinates": [119.4425307, 32.396732]}, "properties": {"id": -6290, "name": "观昌钱铺", "kind": "钱铺", "category": "custom", "hours": "卯-酉", "group": "金融", "icon": "money"}}, {"type": "Feature", "geometry": {"type": "Point", "coordinates": [119.4267919, 32.3972303]}, "properties": {"id": -6291, "name": "务济客栈", "kind": "客栈", "category": "custom", "hours": "全天", "group": "行旅", "icon": "inn"}}, {"type": "Feature", "geometry": {"type": "Point", "coordinates": [119.4421106, 32.3948967]}, "properties": {"id": -6292, "name": "顺景州学", "kind": "州学", "category": "custom", "hours": "卯-申", "group": "文教", "icon": "academy"}}, {"type": "Feature", "geometry": {"type": "Point", "coordinates": [119.4350516, 32.3848035]}, "properties": {"id": -6293, "name": "泰和茶坊", "kind": "茶坊", "category": "custom", "hours": "卯-酉", "group": "饮食", "icon": "tea"}}, {"type": "Feature", "geometry": {"type": "Point", "coordinates": [119.4393001, 32.3986581]}, "properties": {"id": -6294, "name": "安和茶坊", "kind": "茶坊", "category": "custom", "hours": "卯-酉", "group": "饮食", "icon": "tea"}}, {"type": "Feature", "geometry": {"type": "Point", "coordinates": [119.4377, 32.4022361]}, "properties": {"id": -6295, "name": "正茂客栈", "kind": "客栈", "category": "custom", "hours": "全天", "group": "行旅", "icon": "inn"}}, {"type": "Feature", "geometry": {"type": "Point", "coordinates": [119.435923, 32.4043185]}, "properties": {"id": -6296, "name": "桂瑞酒肆", "kind": "酒肆", "category": "custom", "hours": "卯-酉", "group": "饮食", "icon": "tavern"}}, {"type": "Feature", "geometry": {"type": "Point", "coordinates": [119.4339213, 32.3904161]}, "properties": {"id": -6297, "name": "瑞盛金银铺", "kind": "金银铺", "category": "custom", "hours": "卯-酉", "group": "金融", "icon": "money"}}, {"type": "Feature", "geometry": {"type": "Point", "coordinates": [119.4403068, 32.3873338]}, "properties": {"id": -6298, "name": "德福香烛铺", "kind": "香烛铺", "category": "custom", "hours": "卯-酉", "group": "礼用", "icon": "incense"}}, {"type": "Feature", "geometry": {"type": "Point", "coordinates": [119.4426133, 32.39235]}, "properties": {"id": -6299, "name": "高台", "kind": "高台", "category": "custom", "hours": "全天", "group": "地标", "icon": "sight"}}, {"type": "Feature", "geometry": {"type": "Point", "coordinates": [119.4351779, 32.3971798]}, "properties": {"id": -6300, "name": "县衙", "kind": "县衙", "category": "custom", "hours": "卯-申", "group": "官署", "icon": "office"}}, {"type": "Feature", "geometry": {"type": "Point", "coordinates": [119.4343313, 32.384103]}, "properties": {"id": -6301, "name": "书场", "kind": "书场", "category": "custom", "hours": "午-子", "group": "百戏娱乐", "icon": "story"}}, {"type": "Feature", "geometry": {"type": "Point", "coordinates": [119.4340606, 32.3864759]}, "properties": {"id": -6302, "name": "正景绸缎庄", "kind": "绸缎庄", "category": "custom", "hours": "卯-酉", "group": "商市", "icon": "textile"}}, {"type": "Feature", "geometry": {"type": "Point", "coordinates": [119.4324737, 32.4044494]}, "properties": {"id": -6303, "name": "崇济绸缎庄", "kind": "绸缎庄", "category": "custom", "hours": "卯-酉", "group": "商市", "icon": "textile"}}, {"type": "Feature", "geometry": {"type": "Point", "coordinates": [119.4448037, 32.3848956]}, "properties": {"id": -6304, "name": "祥盛酒楼", "kind": "酒楼", "category": "custom", "hours": "午-子", "group": "饮食", "icon": "tavern"}}, {"type": "Feature", "geometry": {"type": "Point", "coordinates": [119.439612, 32.3871755]}, "properties": {"id": -6305, "name": "德华医馆", "kind": "医馆", "category": "custom", "hours": "卯-酉", "group": "医药", "icon": "med"}}, {"type": "Feature", "geometry": {"type": "Point", "coordinates": [119.4440693, 32.3892705]}, "properties": {"id": -6306, "name": "州衙", "kind": "州衙", "category": "custom", "hours": "卯-申", "group": "官署", "icon": "office"}}, {"type": "Feature", "geometry": {"type": "Point", "coordinates": [119.4440124, 32.4028455]}, "properties": {"id": -6307, "name": "高台", "kind": "高台", "category": "custom", "hours": "全天", "group": "地标", "icon": "sight"}}, {"type": "Feature", "geometry": {"type": "Point", "coordinates": [119.4364792, 32.3915751]}, "properties": {"id": -6308, "name": "戏台", "kind": "戏台", "category": "custom", "hours": "午-子", "group": "百戏娱乐", "icon": "stage"}}, {"type": "Feature", "geometry": {"type": "Point", "coordinates": [119.4327517, 32.3860688]}, "properties": {"id": -6309, "name": "升成书坊", "kind": "书坊", "category": "custom", "hours": "卯-酉", "group": "文教", "icon": "library"}}, {"type": "Feature", "geometry": {"type": "Point", "coordinates": [119.4262681, 32.3892562]}, "properties": {"id": -6310, "name": "市集", "kind": "市集", "category": "custom", "hours": "卯-酉", "group": "商市", "icon": "market"}}, {"type": "Feature", "geometry": {"type": "Point", "coordinates": [119.425025, 32.3892744]}, "properties": {"id": -6311, "name": "怀济香烛铺", "kind": "香烛铺", "category": "custom", "hours": "卯-酉", "group": "礼用", "icon": "incense"}}, {"type": "Feature", "geometry": {"type": "Point", "coordinates": [119.4325792, 32.3950542]}, "properties": {"id": -6312, "name": "泰乐饼铺", "kind": "饼铺", "category": "custom", "hours": "卯-酉", "group": "饮食", "icon": "shop"}}, {"type": "Feature", "geometry": {"type": "Point", "coordinates": [119.4423836, 32.3971288]}, "properties": {"id": -6313, "name": "巡检司", "kind": "巡检司", "category": "custom", "hours": "卯-申", "group": "官署", "icon": "office"}}, {"type": "Feature", "geometry": {"type": "Point", "coordinates": [119.4353043, 32.4005703]}, "properties": {"id": -6314, "name": "务济园", "kind": "园", "category": "custom", "hours": "全天", "group": "游乐", "icon": "garden"}}, {"type": "Feature", "geometry": {"type": "Point", "coordinates": [119.4269431, 32.386112]}, "properties": {"id": -6315, "name": "祥聚酒肆", "kind": "酒肆", "category": "custom", "hours": "卯-酉", "group": "饮食", "icon": "tavern"}}, {"type": "Feature", "geometry": {"type": "Point", "coordinates": [119.437029, 32.4031582]}, "properties": {"id": -6316, "name": "莲泰州学", "kind": "州学", "category": "custom", "hours": "卯-申", "group": "文教", "icon": "academy"}}, {"type": "Feature", "geometry": {"type": "Point", "coordinates": [119.4385037, 32.3876157]}, "properties": {"id": -6317, "name": "通济邸店", "kind": "邸店", "category": "custom", "hours": "全天", "group": "行旅", "icon": "inn"}}, {"type": "Feature", "geometry": {"type": "Point", "coordinates": [119.4418129, 32.3870364]}, "properties": {"id": -6318, "name": "瓦舍", "kind": "瓦舍", "category": "custom", "hours": "酉-丑", "group": "百戏娱乐", "icon": "theater"}}, {"type": "Feature", "geometry": {"type": "Point", "coordinates": [119.4429263, 32.3879185]}, "properties": {"id": -6319, "name": "瓦舍", "kind": "瓦舍", "category": "custom", "hours": "酉-丑", "group": "百戏娱乐", "icon": "theater"}}, {"type": "Feature", "geometry": {"type": "Point", "coordinates": [119.4482767, 32.3898297]}, "properties": {"id": -6320, "name": "和熙香烛铺", "kind": "香烛铺", "category": "custom", "hours": "卯-酉", "group": "礼用", "icon": "incense"}}, {"type": "Feature", "geometry": {"type": "Point", "coordinates": [119.4356874, 32.3849481]}, "properties": {"id": -6321, "name": "莲茂绸缎庄", "kind": "绸缎庄", "category": "custom", "hours": "卯-酉", "group": "商市", "icon": "textile"}}, {"type": "Feature", "geometry": {"type": "Point", "coordinates": [119.4275725, 32.4036073]}, "properties": {"id": -6322, "name": "义昌茶坊", "kind": "茶坊", "category": "custom", "hours": "卯-酉", "group": "饮食", "icon": "tea"}}, {"type": "Feature", "geometry": {"type": "Point", "coordinates": [119.4297377, 32.4034835]}, "properties": {"id": -6323, "name": "高台", "kind": "高台", "category": "custom", "hours": "全天", "group": "地标", "icon": "sight"}}, {"type": "Feature", "geometry": {"type": "Point", "coordinates": [119.428945, 32.3882203]}, "properties": {"id": -6324, "name": "长熙钱铺", "kind": "钱铺", "category": "custom", "hours": "卯-酉", "group": "金融", "icon": "money"}}, {"type": "Feature", "geometry": {"type": "Point", "coordinates": [119.4480864, 32.3936458]}, "properties": {"id": -6325, "name": "乐福金银铺", "kind": "金银铺", "category": "custom", "hours": "卯-酉", "group": "金融", "icon": "money"}}, {"type": "Feature", "geometry": {"type": "Point", "coordinates": [119.4396179, 32.4017943]}, "properties": {"id": -6326, "name": "书场", "kind": "书场", "category": "custom", "hours": "午-子", "group": "百戏娱乐", "icon": "story"}}, {"type": "Feature", "geometry": {"type": "Point", "coordinates": [119.4454116, 32.3988761]}, "properties": {"id": -6327, "name": "乐来酒楼", "kind": "酒楼", "category": "custom", "hours": "午-子", "group": "饮食", "icon": "tavern"}}, {"type": "Feature", "geometry": {"type": "Point", "coordinates": [119.4403974, 32.4032618]}, "properties": {"id": -6328, "name": "金德香烛铺", "kind": "香烛铺", "category": "custom", "hours": "卯-酉", "group": "礼用", "icon": "incense"}}, {"type": "Feature", "geometry": {"type": "Point", "coordinates": [119.4451867, 32.4030904]}, "properties": {"id": -6329, "name": "瑞兴酒肆", "kind": "酒肆", "category": "custom", "hours": "卯-酉", "group": "饮食", "icon": "tavern"}}, {"type": "Feature", "geometry": {"type": "Point", "coordinates": [119.4253552, 32.400839]}, "properties": {"id": -6330, "name": "乐景当铺", "kind": "当铺", "category": "custom", "hours": "卯-酉", "group": "金融", "icon": "pawn"}}, {"type": "Feature", "geometry": {"type": "Point", "coordinates": [119.4435457, 32.3886344]}, "properties": {"id": -6331, "name": "昌隆金银铺", "kind": "金银铺", "category": "custom", "hours": "卯-酉", "group": "金融", "icon": "money"}}, {"type": "Feature", "geometry": {"type": "Point", "coordinates": [119.4370245, 32.3942191]}, "properties": {"id": -6332, "name": "清景绣坊", "kind": "绣坊", "category": "custom", "hours": "卯-酉", "group": "百工", "icon": "textile"}}, {"type": "Feature", "geometry": {"type": "Point", "coordinates": [119.4350169, 32.39551]}, "properties": {"id": -6333, "name": "长玉酒肆", "kind": "酒肆", "category": "custom", "hours": "卯-酉", "group": "饮食", "icon": "tavern"}}, {"type": "Feature", "geometry": {"type": "Point", "coordinates": [119.4482949, 32.3929744]}, "properties": {"id": -6334, "name": "兴兴客栈", "kind": "客栈", "category": "custom", "hours": "全天", "group": "行旅", "icon": "inn"}}, {"type": "Feature", "geometry": {"type": "Point", "coordinates": [119.4297056, 32.4019193]}, "properties": {"id": -6335, "name": "乐发食铺", "kind": "食铺", "category": "custom", "hours": "卯-酉", "group": "饮食", "icon": "food"}}, {"type": "Feature", "geometry": {"type": "Point", "coordinates": [119.4444954, 32.3856288]}, "properties": {"id": -6336, "name": "善瑞茶坊", "kind": "茶坊", "category": "custom", "hours": "卯-酉", "group": "饮食", "icon": "tea"}}, {"type": "Feature", "geometry": {"type": "Point", "coordinates": [119.42596, 32.3998396]}, "properties": {"id": -6337, "name": "积玉蒙馆", "kind": "蒙馆", "category": "custom", "hours": "卯-申", "group": "文教", "icon": "academy"}}, {"type": "Feature", "geometry": {"type": "Point", "coordinates": [119.4258418, 32.3859167]}, "properties": {"id": -6338, "name": "昌景茶坊", "kind": "茶坊", "category": "custom", "hours": "卯-酉", "group": "饮食", "icon": "tea"}}, {"type": "Feature", "geometry": {"type": "Point", "coordinates": [119.4468433, 32.3853439]}, "properties": {"id": -6339, "name": "升泰书院", "kind": "书院", "category": "custom", "hours": "卯-申", "group": "文教", "icon": "academy"}}, {"type": "Feature", "geometry": {"type": "Point", "coordinates": [119.4253265, 32.4020104]}, "properties": {"id": -6340, "name": "义顺药铺", "kind": "药铺", "category": "custom", "hours": "卯-酉", "group": "医药", "icon": "med"}}, {"type": "Feature", "geometry": {"type": "Point", "coordinates": [119.4464727, 32.3856985]}, "properties": {"id": -6341, "name": "市集", "kind": "市集", "category": "custom", "hours": "卯-酉", "group": "商市", "icon": "market"}}, {"type": "Feature", "geometry": {"type": "Point", "coordinates": [119.4456929, 32.3966439]}, "properties": {"id": -6342, "name": "积景青楼", "kind": "青楼", "category": "custom", "hours": "酉-丑", "group": "风月", "icon": "qinglou"}}, {"type": "Feature", "geometry": {"type": "Point", "coordinates": [119.435411, 32.3866565]}, "properties": {"id": -6343, "name": "莲隆赌坊", "kind": "赌坊", "category": "custom", "hours": "午-子", "group": "市井娱乐", "icon": "gamble"}}, {"type": "Feature", "geometry": {"type": "Point", "coordinates": [119.4378573, 32.4042482]}, "properties": {"id": -6344, "name": "正熙园", "kind": "园", "category": "custom", "hours": "全天", "group": "游乐", "icon": "garden"}}, {"type": "Feature", "geometry": {"type": "Point", "coordinates": [119.4460408, 32.3970033]}, "properties": {"id": -6345, "name": "景成绸缎庄", "kind": "绸缎庄", "category": "custom", "hours": "卯-酉", "group": "商市", "icon": "textile"}}, {"type": "Feature", "geometry": {"type": "Point", "coordinates": [119.4457167, 32.3884001]}, "properties": {"id": -6346, "name": "瑞宁绸缎庄", "kind": "绸缎庄", "category": "custom", "hours": "卯-酉", "group": "商市", "icon": "textile"}}, {"type": "Feature", "geometry": {"type": "Point", "coordinates": [119.4281014, 32.3978377]}, "properties": {"id": -6347, "name": "桂乐酒楼", "kind": "酒楼", "category": "custom", "hours": "午-子", "group": "饮食", "icon": "tavern"}}, {"type": "Feature", "geometry": {"type": "Point", "coordinates": [119.4321203, 32.3976794]}, "properties": {"id": -6348, "name": "善乐绣坊", "kind": "绣坊", "category": "custom", "hours": "卯-酉", "group": "百工", "icon": "textile"}}, {"type": "Feature", "geometry": {"type": "Point", "coordinates": [119.4307179, 32.3879109]}, "properties": {"id": -6349, "name": "顺隆园", "kind": "园", "category": "custom", "hours": "全天", "group": "游乐", "icon": "garden"}}, {"type": "Feature", "geometry": {"type": "Point", "coordinates": [119.4396151, 32.3924826]}, "properties": {"id": -6350, "name": "书场", "kind": "书场", "category": "custom", "hours": "午-子", "group": "百戏娱乐", "icon": "story"}}, {"type": "Feature", "geometry": {"type": "Point", "coordinates": [119.437457, 32.3959006]}, "properties": {"id": -6351, "name": "牢狱", "kind": "牢狱", "category": "custom", "hours": "全天", "group": "官署", "icon": "office"}}, {"type": "Feature", "geometry": {"type": "Point", "coordinates": [119.4453537, 32.394148]}, "properties": {"id": -6352, "name": "乐泰食铺", "kind": "食铺", "category": "custom", "hours": "卯-酉", "group": "饮食", "icon": "food"}}, {"type": "Feature", "geometry": {"type": "Point", "coordinates": [119.4468103, 32.3845825]}, "properties": {"id": -6353, "name": "瑞福食铺", "kind": "食铺", "category": "custom", "hours": "卯-酉", "group": "饮食", "icon": "food"}}, {"type": "Feature", "geometry": {"type": "Point", "coordinates": [119.4407248, 32.3892648]}, "properties": {"id": -6354, "name": "祥茂蒙馆", "kind": "蒙馆", "category": "custom", "hours": "卯-申", "group": "文教", "icon": "academy"}}, {"type": "Feature", "geometry": {"type": "Point", "coordinates": [119.438463, 32.3921667]}, "properties": {"id": -6355, "name": "仁乐茶坊", "kind": "茶坊", "category": "custom", "hours": "卯-酉", "group": "饮食", "icon": "tea"}}, {"type": "Feature", "geometry": {"type": "Point", "coordinates": [119.443123, 32.3859462]}, "properties": {"id": -6356, "name": "巡检司", "kind": "巡检司", "category": "custom", "hours": "卯-申", "group": "官署", "icon": "office"}}, {"type": "Feature", "geometry": {"type": "Point", "coordinates": [119.4444432, 32.4012817]}, "properties": {"id": -6357, "name": "安福当铺", "kind": "当铺", "category": "custom", "hours": "卯-酉", "group": "金融", "icon": "pawn"}}, {"type": "Feature", "geometry": {"type": "Point", "coordinates": [119.4464398, 32.39267]}, "properties": {"id": -6358, "name": "同通布行", "kind": "布行", "category": "custom", "hours": "卯-酉", "group": "商市", "icon": "textile"}}, {"type": "Feature", "geometry": {"type": "Point", "coordinates": [119.4460872, 32.3934403]}, "properties": {"id": -6359, "name": "德茂金银铺", "kind": "金银铺", "category": "custom", "hours": "卯-酉", "group": "金融", "icon": "money"}}, {"type": "Feature", "geometry": {"type": "Point", "coordinates": [119.4255279, 32.3890721]}, "properties": {"id": -6360, "name": "康宁茶坊", "kind": "茶坊", "category": "custom", "hours": "卯-酉", "group": "饮食", "icon": "tea"}}, {"type": "Feature", "geometry": {"type": "Point", "coordinates": [119.4345379, 32.3900843]}, "properties": {"id": -6361, "name": "迎济饼铺", "kind": "饼铺", "category": "custom", "hours": "卯-酉", "group": "饮食", "icon": "shop"}}, {"type": "Feature", "geometry": {"type": "Point", "coordinates": [119.4364164, 32.3977465]}, "properties": {"id": -6362, "name": "康义当铺", "kind": "当铺", "category": "custom", "hours": "卯-酉", "group": "金融", "icon": "pawn"}}, {"type": "Feature", "geometry": {"type": "Point", "coordinates": [119.4469946, 32.3972259]}, "properties": {"id": -6363, "name": "市集", "kind": "市集", "category": "custom", "hours": "卯-酉", "group": "商市", "icon": "market"}}, {"type": "Feature", "geometry": {"type": "Point", "coordinates": [119.4359593, 32.4002364]}, "properties": {"id": -6364, "name": "昌平饼铺", "kind": "饼铺", "category": "custom", "hours": "卯-酉", "group": "饮食", "icon": "shop"}}, {"type": "Feature", "geometry": {"type": "Point", "coordinates": [119.4386452, 32.3984974]}, "properties": {"id": -6365, "name": "元兴金银铺", "kind": "金银铺", "category": "custom", "hours": "卯-酉", "group": "金融", "icon": "money"}}, {"type": "Feature", "geometry": {"type": "Point", "coordinates": [119.4274033, 32.3997082]}, "properties": {"id": -6366, "name": "承德园", "kind": "园", "category": "custom", "hours": "全天", "group": "游乐", "icon": "garden"}}, {"type": "Feature", "geometry": {"type": "Point", "coordinates": [119.4388633, 32.3961777]}, "properties": {"id": -6367, "name": "昌发酒肆", "kind": "酒肆", "category": "custom", "hours": "卯-酉", "group": "饮食", "icon": "tavern"}}, {"type": "Feature", "geometry": {"type": "Point", "coordinates": [119.4386544, 32.3873165]}, "properties": {"id": -6368, "name": "瓦舍", "kind": "瓦舍", "category": "custom", "hours": "酉-丑", "group": "百戏娱乐", "icon": "theater"}}, {"type": "Feature", "geometry": {"type": "Point", "coordinates": [119.4310607, 32.4029603]}, "properties": {"id": -6369, "name": "正顺赌坊", "kind": "赌坊", "category": "custom", "hours": "午-子", "group": "市井娱乐", "icon": "gamble"}}, {"type": "Feature", "geometry": {"type": "Point", "coordinates": [119.4409182, 32.3855355]}, "properties": {"id": -6370, "name": "春义酒肆", "kind": "酒肆", "category": "custom", "hours": "卯-酉", "group": "饮食", "icon": "tavern"}}, {"type": "Feature", "geometry": {"type": "Point", "coordinates": [119.4462986, 32.3840514]}, "properties": {"id": -6371, "name": "城隍庙", "kind": "城隍庙", "category": "custom", "hours": "卯-申", "group": "信仰", "icon": "shrine"}}, {"type": "Feature", "geometry": {"type": "Point", "coordinates": [119.4386588, 32.3869877]}, "properties": {"id": -6372, "name": "和瑞绣坊", "kind": "绣坊", "category": "custom", "hours": "卯-酉", "group": "百工", "icon": "textile"}}, {"type": "Feature", "geometry": {"type": "Point", "coordinates": [119.4446932, 32.3956876]}, "properties": {"id": -6373, "name": "莲发棋馆", "kind": "棋馆", "category": "custom", "hours": "午-子", "group": "百戏娱乐", "icon": "go"}}, {"type": "Feature", "geometry": {"type": "Point", "coordinates": [119.4331395, 32.4026546]}, "properties": {"id": -6374, "name": "怀福书坊", "kind": "书坊", "category": "custom", "hours": "卯-酉", "group": "文教", "icon": "library"}}, {"type": "Feature", "geometry": {"type": "Point", "coordinates": [119.4402776, 32.3902667]}, "properties": {"id": -6375, "name": "景盛饼铺", "kind": "饼铺", "category": "custom", "hours": "卯-酉", "group": "饮食", "icon": "shop"}}, {"type": "Feature", "geometry": {"type": "Point", "coordinates": [119.4451826, 32.3949836]}, "properties": {"id": -6376, "name": "德元赌坊", "kind": "赌坊", "category": "custom", "hours": "午-子", "group": "市井娱乐", "icon": "gamble"}}, {"type": "Feature", "geometry": {"type": "Point", "coordinates": [119.4337223, 32.40087]}, "properties": {"id": -6377, "name": "瓦舍", "kind": "瓦舍", "category": "custom", "hours": "酉-丑", "group": "百戏娱乐", "icon": "theater"}}, {"type": "Feature", "geometry": {"type": "Point", "coordinates": [119.4290715, 32.3928177]}, "properties": {"id": -6378, "name": "城隍庙", "kind": "城隍庙", "category": "custom", "hours": "卯-申", "group": "信仰", "icon": "shrine"}}, {"type": "Feature", "geometry": {"type": "Point", "coordinates": [119.4356732, 32.4017721]}, "properties": {"id": -6379, "name": "崇玉当铺", "kind": "当铺", "category": "custom", "hours": "卯-酉", "group": "金融", "icon": "pawn"}}, {"type": "Feature", "geometry": {"type": "Point", "coordinates": [119.4425662, 32.3842522]}, "properties": {"id": -6380, "name": "广元书坊", "kind": "书坊", "category": "custom", "hours": "卯-酉", "group": "文教", "icon": "library"}}, {"type": "Feature", "geometry": {"type": "Point", "coordinates": [119.441176, 32.4009056]}, "properties": {"id": -6381, "name": "福源钱铺", "kind": "钱铺", "category": "custom", "hours": "卯-酉", "group": "金融", "icon": "money"}}, {"type": "Feature", "geometry": {"type": "Point", "coordinates": [119.4434311, 32.3938955]}, "properties": {"id": -6382, "name": "竹发园", "kind": "园", "category": "custom", "hours": "全天", "group": "游乐", "icon": "garden"}}, {"type": "Feature", "geometry": {"type": "Point", "coordinates": [119.443002, 32.3945551]}, "properties": {"id": -6383, "name": "升来饼铺", "kind": "饼铺", "category": "custom", "hours": "卯-酉", "group": "饮食", "icon": "shop"}}, {"type": "Feature", "geometry": {"type": "Point", "coordinates": [119.4411258, 32.3985001]}, "properties": {"id": -6384, "name": "元和酒楼", "kind": "酒楼", "category": "custom", "hours": "午-子", "group": "饮食", "icon": "tavern"}}, {"type": "Feature", "geometry": {"type": "Point", "coordinates": [119.4431015, 32.3909628]}, "properties": {"id": -6385, "name": "承茂客栈", "kind": "客栈", "category": "custom", "hours": "全天", "group": "行旅", "icon": "inn"}}, {"type": "Feature", "geometry": {"type": "Point", "coordinates": [119.4459167, 32.3848975]}, "properties": {"id": -6386, "name": "泰义布行", "kind": "布行", "category": "custom", "hours": "卯-酉", "group": "商市", "icon": "textile"}}, {"type": "Feature", "geometry": {"type": "Point", "coordinates": [119.4482947, 32.4016892]}, "properties": {"id": -6387, "name": "善聚园", "kind": "园", "category": "custom", "hours": "全天", "group": "游乐", "icon": "garden"}}, {"type": "Feature", "geometry": {"type": "Point", "coordinates": [119.4351425, 32.4013136]}, "properties": {"id": -6388, "name": "春玉教坊", "kind": "教坊", "category": "custom", "hours": "酉-丑", "group": "风月", "icon": "jiaofang"}}, {"type": "Feature", "geometry": {"type": "Point", "coordinates": [119.447601, 32.3871945]}, "properties": {"id": -6389, "name": "怀华医馆", "kind": "医馆", "category": "custom", "hours": "卯-酉", "group": "医药", "icon": "med"}}, {"type": "Feature", "geometry": {"type": "Point", "coordinates": [119.4393745, 32.3977653]}, "properties": {"id": -6390, "name": "崇德金银铺", "kind": "金银铺", "category": "custom", "hours": "卯-酉", "group": "金融", "icon": "money"}}, {"type": "Feature", "geometry": {"type": "Point", "coordinates": [119.4391155, 32.3939073]}, "properties": {"id": -6391, "name": "和和食铺", "kind": "食铺", "category": "custom", "hours": "卯-酉", "group": "饮食", "icon": "food"}}, {"type": "Feature", "geometry": {"type": "Point", "coordinates": [119.4305361, 32.3848799]}, "properties": {"id": -6392, "name": "景景客栈", "kind": "客栈", "category": "custom", "hours": "全天", "group": "行旅", "icon": "inn"}}, {"type": "Feature", "geometry": {"type": "Point", "coordinates": [119.4344083, 32.4031467]}, "properties": {"id": -6393, "name": "梅发药铺", "kind": "药铺", "category": "custom", "hours": "卯-酉", "group": "医药", "icon": "med"}}, {"type": "Feature", "geometry": {"type": "Point", "coordinates": [119.4312812, 32.3956305]}, "properties": {"id": -6394, "name": "昌福蒙馆", "kind": "蒙馆", "category": "custom", "hours": "卯-申", "group": "文教", "icon": "academy"}}, {"type": "Feature", "geometry": {"type": "Point", "coordinates": [119.428333, 32.3888785]}, "properties": {"id": -6395, "name": "昌德布行", "kind": "布行", "category": "custom", "hours": "卯-酉", "group": "商市", "icon": "textile"}}, {"type": "Feature", "geometry": {"type": "Point", "coordinates": [119.429043, 32.4005599]}, "properties": {"id": -6396, "name": "安兴蒙馆", "kind": "蒙馆", "category": "custom", "hours": "卯-申", "group": "文教", "icon": "academy"}}, {"type": "Feature", "geometry": {"type": "Point", "coordinates": [119.4440173, 32.3864036]}, "properties": {"id": -6397, "name": "泰安客栈", "kind": "客栈", "category": "custom", "hours": "全天", "group": "行旅", "icon": "inn"}}, {"type": "Feature", "geometry": {"type": "Point", "coordinates": [119.4421307, 32.4024909]}, "properties": {"id": -6398, "name": "广义州学", "kind": "州学", "category": "custom", "hours": "卯-申", "group": "文教", "icon": "academy"}}, {"type": "Feature", "geometry": {"type": "Point", "coordinates": [119.4456497, 32.3991597]}, "properties": {"id": -6399, "name": "兴盛茶坊", "kind": "茶坊", "category": "custom", "hours": "卯-酉", "group": "饮食", "icon": "tea"}}, {"type": "Feature", "geometry": {"type": "Point", "coordinates": [119.4350604, 32.403879]}, "properties": {"id": -6400, "name": "同泰食铺", "kind": "食铺", "category": "custom", "hours": "卯-酉", "group": "饮食", "icon": "food"}}, {"type": "Feature", "geometry": {"type": "Point", "coordinates": [119.4270693, 32.3866194]}, "properties": {"id": -6401, "name": "义源藏书楼", "kind": "藏书楼", "category": "custom", "hours": "卯-申", "group": "文教", "icon": "library"}}, {"type": "Feature", "geometry": {"type": "Point", "coordinates": [119.4272874, 32.3974212]}, "properties": {"id": -6402, "name": "观盛青楼", "kind": "青楼", "category": "custom", "hours": "酉-丑", "group": "风月", "icon": "qinglou"}}, {"type": "Feature", "geometry": {"type": "Point", "coordinates": [119.4455452, 32.3898556]}, "properties": {"id": -6403, "name": "庆丰酒楼", "kind": "酒楼", "category": "custom", "hours": "午-子", "group": "饮食", "icon": "tavern"}}, {"type": "Feature", "geometry": {"type": "Point", "coordinates": [119.4360884, 32.3987691]}, "properties": {"id": -6404, "name": "敦宁布行", "kind": "布行", "category": "custom", "hours": "卯-酉", "group": "商市", "icon": "textile"}}, {"type": "Feature", "geometry": {"type": "Point", "coordinates": [119.4268424, 32.3871736]}, "properties": {"id": -6405, "name": "瓦舍", "kind": "瓦舍", "category": "custom", "hours": "酉-丑", "group": "百戏娱乐", "icon": "theater"}}, {"type": "Feature", "geometry": {"type": "Point", "coordinates": [119.4271836, 32.395902]}, "properties": {"id": -6406, "name": "巡检司", "kind": "巡检司", "category": "custom", "hours": "卯-申", "group": "官署", "icon": "office"}}, {"type": "Feature", "geometry": {"type": "Point", "coordinates": [119.4437674, 32.4021293]}, "properties": {"id": -6407, "name": "敦顺酒楼", "kind": "酒楼", "category": "custom", "hours": "午-子", "group": "饮食", "icon": "tavern"}}, {"type": "Feature", "geometry": {"type": "Point", "coordinates": [119.4425661, 32.3956328]}, "properties": {"id": -6408, "name": "务宁酒楼", "kind": "酒楼", "category": "custom", "hours": "午-子", "group": "饮食", "icon": "tavern"}}, {"type": "Feature", "geometry": {"type": "Point", "coordinates": [119.4390631, 32.4026917]}, "properties": {"id": -6409, "name": "迎顺当铺", "kind": "当铺", "category": "custom", "hours": "卯-酉", "group": "金融", "icon": "pawn"}}, {"type": "Feature", "geometry": {"type": "Point", "coordinates": [119.446936, 32.3989339]}, "properties": {"id": -6410, "name": "桂聚茶坊", "kind": "茶坊", "category": "custom", "hours": "卯-酉", "group": "饮食", "icon": "tea"}}, {"type": "Feature", "geometry": {"type": "Point", "coordinates": [119.4287144, 32.3971068]}, "properties": {"id": -6411, "name": "祥瑞书院", "kind": "书院", "category": "custom", "hours": "卯-申", "group": "文教", "icon": "academy"}}, {"type": "Feature", "geometry": {"type": "Point", "coordinates": [119.4433519, 32.3984968]}, "properties": {"id": -6412, "name": "永景书坊", "kind": "书坊", "category": "custom", "hours": "卯-酉", "group": "文教", "icon": "library"}}, {"type": "Feature", "geometry": {"type": "Point", "coordinates": [119.4368115, 32.3888117]}, "properties": {"id": -6413, "name": "通源绸缎庄", "kind": "绸缎庄", "category": "custom", "hours": "卯-酉", "group": "商市", "icon": "textile"}}, {"type": "Feature", "geometry": {"type": "Point", "coordinates": [119.437291, 32.4034414]}, "properties": {"id": -6414, "name": "万德邸店", "kind": "邸店", "category": "custom", "hours": "全天", "group": "行旅", "icon": "inn"}}, {"type": "Feature", "geometry": {"type": "Point", "coordinates": [119.4351086, 32.3916278]}, "properties": {"id": -6415, "name": "承通当铺", "kind": "当铺", "category": "custom", "hours": "卯-酉", "group": "金融", "icon": "pawn"}}, {"type": "Feature", "geometry": {"type": "Point", "coordinates": [119.4420042, 32.3875506]}, "properties": {"id": -6416, "name": "长通医馆", "kind": "医馆", "category": "custom", "hours": "卯-酉", "group": "医药", "icon": "med"}}, {"type": "Feature", "geometry": {"type": "Point", "coordinates": [119.4296621, 32.389555]}, "properties": {"id": -6417, "name": "务景酒肆", "kind": "酒肆", "category": "custom", "hours": "卯-酉", "group": "饮食", "icon": "tavern"}}, {"type": "Feature", "geometry": {"type": "Point", "coordinates": [119.4379795, 32.3933655]}, "properties": {"id": -6418, "name": "同成食铺", "kind": "食铺", "category": "custom", "hours": "卯-酉", "group": "饮食", "icon": "food"}}, {"type": "Feature", "geometry": {"type": "Point", "coordinates": [119.4473737, 32.3896071]}, "properties": {"id": -6419, "name": "金瑞绸缎庄", "kind": "绸缎庄", "category": "custom", "hours": "卯-酉", "group": "商市", "icon": "textile"}}, {"type": "Feature", "geometry": {"type": "Point", "coordinates": [119.4284357, 32.3947649]}, "properties": {"id": -6420, "name": "怀顺茶坊", "kind": "茶坊", "category": "custom", "hours": "卯-酉", "group": "饮食", "icon": "tea"}}, {"type": "Feature", "geometry": {"type": "Point", "coordinates": [119.4263664, 32.3923188]}, "properties": {"id": -6421, "name": "春济园", "kind": "园", "category": "custom", "hours": "全天", "group": "游乐", "icon": "garden"}}, {"type": "Feature", "geometry": {"type": "Point", "coordinates": [119.4301537, 32.3973915]}, "properties": {"id": -6422, "name": "祥发饼铺", "kind": "饼铺", "category": "custom", "hours": "卯-酉", "group": "饮食", "icon": "shop"}}, {"type": "Feature", "geometry": {"type": "Point", "coordinates": [119.4253226, 32.3896281]}, "properties": {"id": -6423, "name": "瓦舍", "kind": "瓦舍", "category": "custom", "hours": "酉-丑", "group": "百戏娱乐", "icon": "theater"}}, {"type": "Feature", "geometry": {"type": "Point", "coordinates": [119.4450168, 32.4038905]}, "properties": {"id": -6424, "name": "通泰布行", "kind": "布行", "category": "custom", "hours": "卯-酉", "group": "商市", "icon": "textile"}}, {"type": "Feature", "geometry": {"type": "Point", "coordinates": [119.440614, 32.4039714]}, "properties": {"id": -6425, "name": "书场", "kind": "书场", "category": "custom", "hours": "午-子", "group": "百戏娱乐", "icon": "story"}}, {"type": "Feature", "geometry": {"type": "Point", "coordinates": [119.427699, 32.4005783]}, "properties": {"id": -6426, "name": "竹和酒楼", "kind": "酒楼", "category": "custom", "hours": "午-子", "group": "饮食", "icon": "tavern"}}, {"type": "Feature", "geometry": {"type": "Point", "coordinates": [119.4442361, 32.3994187]}, "properties": {"id": -6427, "name": "德熙园", "kind": "园", "category": "custom", "hours": "全天", "group": "游乐", "icon": "garden"}}, {"type": "Feature", "geometry": {"type": "Point", "coordinates": [119.4394773, 32.3962033]}, "properties": {"id": -6428, "name": "顺义医馆", "kind": "医馆", "category": "custom", "hours": "卯-酉", "group": "医药", "icon": "med"}}, {"type": "Feature", "geometry": {"type": "Point", "coordinates": [119.4362153, 32.3962039]}, "properties": {"id": -6429, "name": "瑞顺香烛铺", "kind": "香烛铺", "category": "custom", "hours": "卯-酉", "group": "礼用", "icon": "incense"}}, {"type": "Feature", "geometry": {"type": "Point", "coordinates": [119.4305977, 32.3852074]}, "properties": {"id": -6430, "name": "安发药铺", "kind": "药铺", "category": "custom", "hours": "卯-酉", "group": "医药", "icon": "med"}}, {"type": "Feature", "geometry": {"type": "Point", "coordinates": [119.4412133, 32.385019]}, "properties": {"id": -6431, "name": "昌和书坊", "kind": "书坊", "category": "custom", "hours": "卯-酉", "group": "文教", "icon": "library"}}, {"type": "Feature", "geometry": {"type": "Point", "coordinates": [119.4413549, 32.3932813]}, "properties": {"id": -6432, "name": "清通书坊", "kind": "书坊", "category": "custom", "hours": "卯-酉", "group": "文教", "icon": "library"}}, {"type": "Feature", "geometry": {"type": "Point", "coordinates": [119.4347158, 32.4013771]}, "properties": {"id": -6433, "name": "义瑞州学", "kind": "州学", "category": "custom", "hours": "卯-申", "group": "文教", "icon": "academy"}}, {"type": "Feature", "geometry": {"type": "Point", "coordinates": [119.4317906, 32.4003065]}, "properties": {"id": -6434, "name": "元聚食铺", "kind": "食铺", "category": "custom", "hours": "卯-酉", "group": "饮食", "icon": "food"}}, {"type": "Feature", "geometry": {"type": "Point", "coordinates": [119.4430936, 32.4011321]}, "properties": {"id": -6435, "name": "清盛书院", "kind": "书院", "category": "custom", "hours": "卯-申", "group": "文教", "icon": "academy"}}, {"type": "Feature", "geometry": {"type": "Point", "coordinates": [119.4399248, 32.4041105]}, "properties": {"id": -6436, "name": "积源当铺", "kind": "当铺", "category": "custom", "hours": "卯-酉", "group": "金融", "icon": "pawn"}}, {"type": "Feature", "geometry": {"type": "Point", "coordinates": [119.4421722, 32.3957103]}, "properties": {"id": -6437, "name": "迎聚书院", "kind": "书院", "category": "custom", "hours": "卯-申", "group": "文教", "icon": "academy"}}, {"type": "Feature", "geometry": {"type": "Point", "coordinates": [119.4264694, 32.3840532]}, "properties": {"id": -6438, "name": "金乐酒肆", "kind": "酒肆", "category": "custom", "hours": "卯-酉", "group": "饮食", "icon": "tavern"}}, {"type": "Feature", "geometry": {"type": "Point", "coordinates": [119.4338009, 32.4002595]}, "properties": {"id": -6439, "name": "惠民药局", "kind": "惠民药局", "category": "custom", "hours": "卯-酉", "group": "医药", "icon": "med"}}, {"type": "Feature", "geometry": {"type": "Point", "coordinates": [119.4478162, 32.3927049]}, "properties": {"id": -6440, "name": "广宁布行", "kind": "布行", "category": "custom", "hours": "卯-酉", "group": "商市", "icon": "textile"}}, {"type": "Feature", "geometry": {"type": "Point", "coordinates": [119.4341281, 32.393783]}, "properties": {"id": -6441, "name": "聚玉当铺", "kind": "当铺", "category": "custom", "hours": "卯-酉", "group": "金融", "icon": "pawn"}}, {"type": "Feature", "geometry": {"type": "Point", "coordinates": [119.4258039, 32.3880193]}, "properties": {"id": -6442, "name": "戏台", "kind": "戏台", "category": "custom", "hours": "午-子", "group": "百戏娱乐", "icon": "stage"}}, {"type": "Feature", "geometry": {"type": "Point", "coordinates": [119.4481774, 32.3858308]}, "properties": {"id": -6443, "name": "祥熙茶坊", "kind": "茶坊", "category": "custom", "hours": "卯-酉", "group": "饮食", "icon": "tea"}}, {"type": "Feature", "geometry": {"type": "Point", "coordinates": [119.4405268, 32.4028648]}, "properties": {"id": -6444, "name": "长成绣坊", "kind": "绣坊", "category": "custom", "hours": "卯-酉", "group": "百工", "icon": "textile"}}, {"type": "Feature", "geometry": {"type": "Point", "coordinates": [119.4274599, 32.3965418]}, "properties": {"id": -6445, "name": "巡检司", "kind": "巡检司", "category": "custom", "hours": "卯-申", "group": "官署", "icon": "office"}}, {"type": "Feature", "geometry": {"type": "Point", "coordinates": [119.4401195, 32.3838998]}, "properties": {"id": -6446, "name": "元顺布行", "kind": "布行", "category": "custom", "hours": "卯-酉", "group": "商市", "icon": "textile"}}, {"type": "Feature", "geometry": {"type": "Point", "coordinates": [119.4355088, 32.3857944]}, "properties": {"id": -6447, "name": "正丰算命摊", "kind": "算命摊", "category": "custom", "hours": "卯-酉", "group": "百戏", "icon": "fortune"}}, {"type": "Feature", "geometry": {"type": "Point", "coordinates": [119.4444573, 32.4037365]}, "properties": {"id": -6448, "name": "敦隆书坊", "kind": "书坊", "category": "custom", "hours": "卯-酉", "group": "文教", "icon": "library"}}, {"type": "Feature", "geometry": {"type": "Point", "coordinates": [119.4446318, 32.386535]}, "properties": {"id": -6449, "name": "桂瑞茶坊", "kind": "茶坊", "category": "custom", "hours": "卯-酉", "group": "饮食", "icon": "tea"}}, {"type": "Feature", "geometry": {"type": "Point", "coordinates": [119.4421387, 32.400816]}, "properties": {"id": -6450, "name": "莲聚医馆", "kind": "医馆", "category": "custom", "hours": "卯-酉", "group": "医药", "icon": "med"}}, {"type": "Feature", "geometry": {"type": "Point", "coordinates": [119.4247242, 32.3898049]}, "properties": {"id": -6451, "name": "崇景书院", "kind": "书院", "category": "custom", "hours": "卯-申", "group": "文教", "icon": "academy"}}, {"type": "Feature", "geometry": {"type": "Point", "coordinates": [119.4401077, 32.386189]}, "properties": {"id": -6452, "name": "元源园", "kind": "园", "category": "custom", "hours": "全天", "group": "游乐", "icon": "garden"}}, {"type": "Feature", "geometry": {"type": "Point", "coordinates": [119.4304747, 32.3837653]}, "properties": {"id": -6453, "name": "聚华书坊", "kind": "书坊", "category": "custom", "hours": "卯-酉", "group": "文教", "icon": "library"}}, {"type": "Feature", "geometry": {"type": "Point", "coordinates": [119.436117, 32.4025605]}, "properties": {"id": -6454, "name": "怀祥医馆", "kind": "医馆", "category": "custom", "hours": "卯-酉", "group": "医药", "icon": "med"}}, {"type": "Feature", "geometry": {"type": "Point", "coordinates": [119.4451, 32.3962659]}, "properties": {"id": -6455, "name": "庆宁医馆", "kind": "医馆", "category": "custom", "hours": "卯-酉", "group": "医药", "icon": "med"}}, {"type": "Feature", "geometry": {"type": "Point", "coordinates": [119.4463457, 32.4035685]}, "properties": {"id": -6456, "name": "仁茂算命摊", "kind": "算命摊", "category": "custom", "hours": "卯-酉", "group": "百戏", "icon": "fortune"}}, {"type": "Feature", "geometry": {"type": "Point", "coordinates": [119.4366436, 32.3880128]}, "properties": {"id": -6457, "name": "善华金银铺", "kind": "金银铺", "category": "custom", "hours": "卯-酉", "group": "金融", "icon": "money"}}, {"type": "Feature", "geometry": {"type": "Point", "coordinates": [119.4263406, 32.3938214]}, "properties": {"id": -6458, "name": "书场", "kind": "书场", "category": "custom", "hours": "午-子", "group": "百戏娱乐", "icon": "story"}}, {"type": "Feature", "geometry": {"type": "Point", "coordinates": [119.444163, 32.3868343]}, "properties": {"id": -6459, "name": "同宁绸缎庄", "kind": "绸缎庄", "category": "custom", "hours": "卯-酉", "group": "商市", "icon": "textile"}}, {"type": "Feature", "geometry": {"type": "Point", "coordinates": [119.4260973, 32.3836443]}, "properties": {"id": -6460, "name": "县衙", "kind": "县衙", "category": "custom", "hours": "卯-申", "group": "官署", "icon": "office"}}, {"type": "Feature", "geometry": {"type": "Point", "coordinates": [119.4418722, 32.3945766]}, "properties": {"id": -6461, "name": "安瑞赌坊", "kind": "赌坊", "category": "custom", "hours": "午-子", "group": "市井娱乐", "icon": "gamble"}}, {"type": "Feature", "geometry": {"type": "Point", "coordinates": [119.4320663, 32.3973249]}, "properties": {"id": -6462, "name": "崇义书坊", "kind": "书坊", "category": "custom", "hours": "卯-酉", "group": "文教", "icon": "library"}}, {"type": "Feature", "geometry": {"type": "Point", "coordinates": [119.4381033, 32.3952695]}, "properties": {"id": -6463, "name": "文顺食铺", "kind": "食铺", "category": "custom", "hours": "卯-酉", "group": "饮食", "icon": "food"}}, {"type": "Feature", "geometry": {"type": "Point", "coordinates": [119.4347688, 32.3966559]}, "properties": {"id": -6464, "name": "迎茂州学", "kind": "州学", "category": "custom", "hours": "卯-申", "group": "文教", "icon": "academy"}}, {"type": "Feature", "geometry": {"type": "Point", "coordinates": [119.4437326, 32.3923527]}, "properties": {"id": -6465, "name": "万通饼铺", "kind": "饼铺", "category": "custom", "hours": "卯-酉", "group": "饮食", "icon": "shop"}}, {"type": "Feature", "geometry": {"type": "Point", "coordinates": [119.4283875, 32.3973698]}, "properties": {"id": -6466, "name": "惠民药局", "kind": "惠民药局", "category": "custom", "hours": "卯-酉", "group": "医药", "icon": "med"}}, {"type": "Feature", "geometry": {"type": "Point", "coordinates": [119.4276911, 32.3877449]}, "properties": {"id": -6467, "name": "康通客栈", "kind": "客栈", "category": "custom", "hours": "全天", "group": "行旅", "icon": "inn"}}, {"type": "Feature", "geometry": {"type": "Point", "coordinates": [119.4407026, 32.3976523]}, "properties": {"id": -6468, "name": "义泰茶坊", "kind": "茶坊", "category": "custom", "hours": "卯-酉", "group": "饮食", "icon": "tea"}}, {"type": "Feature", "geometry": {"type": "Point", "coordinates": [119.4413008, 32.4023953]}, "properties": {"id": -6469, "name": "元福邸店", "kind": "邸店", "category": "custom", "hours": "全天", "group": "行旅", "icon": "inn"}}, {"type": "Feature", "geometry": {"type": "Point", "coordinates": [119.4419209, 32.3919181]}, "properties": {"id": -6470, "name": "和福茶坊", "kind": "茶坊", "category": "custom", "hours": "卯-酉", "group": "饮食", "icon": "tea"}}, {"type": "Feature", "geometry": {"type": "Point", "coordinates": [119.4416293, 32.3981401]}, "properties": {"id": -6471, "name": "梅平书坊", "kind": "书坊", "category": "custom", "hours": "卯-酉", "group": "文教", "icon": "library"}}, {"type": "Feature", "geometry": {"type": "Point", "coordinates": [119.4398799, 32.3915618]}, "properties": {"id": -6472, "name": "庆祥布行", "kind": "布行", "category": "custom", "hours": "卯-酉", "group": "商市", "icon": "textile"}}, {"type": "Feature", "geometry": {"type": "Point", "coordinates": [119.4414993, 32.3919176]}, "properties": {"id": -6473, "name": "通源饼铺", "kind": "饼铺", "category": "custom", "hours": "卯-酉", "group": "饮食", "icon": "shop"}}, {"type": "Feature", "geometry": {"type": "Point", "coordinates": [119.4255646, 32.3867231]}, "properties": {"id": -6474, "name": "土地庙", "kind": "土地庙", "category": "custom", "hours": "卯-申", "group": "信仰", "icon": "shrine"}}, {"type": "Feature", "geometry": {"type": "Point", "coordinates": [119.4293552, 32.3987765]}, "properties": {"id": -6475, "name": "升祥金银铺", "kind": "金银铺", "category": "custom", "hours": "卯-酉", "group": "金融", "icon": "money"}}, {"type": "Feature", "geometry": {"type": "Point", "coordinates": [119.4387089, 32.3850994]}, "properties": {"id": -6476, "name": "和景酒楼", "kind": "酒楼", "category": "custom", "hours": "午-子", "group": "饮食", "icon": "tavern"}}, {"type": "Feature", "geometry": {"type": "Point", "coordinates": [119.4248401, 32.3951452]}, "properties": {"id": -6477, "name": "县衙", "kind": "县衙", "category": "custom", "hours": "卯-申", "group": "官署", "icon": "office"}}, {"type": "Feature", "geometry": {"type": "Point", "coordinates": [119.4347986, 32.3906131]}, "properties": {"id": -6478, "name": "观顺酒楼", "kind": "酒楼", "category": "custom", "hours": "午-子", "group": "饮食", "icon": "tavern"}}, {"type": "Feature", "geometry": {"type": "Point", "coordinates": [119.4340824, 32.3880661]}, "properties": {"id": -6479, "name": "安祥食铺", "kind": "食铺", "category": "custom", "hours": "卯-酉", "group": "饮食", "icon": "food"}}, {"type": "Feature", "geometry": {"type": "Point", "coordinates": [119.448431, 32.4011201]}, "properties": {"id": -6480, "name": "万祥酒楼", "kind": "酒楼", "category": "custom", "hours": "午-子", "group": "饮食", "icon": "tavern"}}, {"type": "Feature", "geometry": {"type": "Point", "coordinates": [119.4471595, 32.4028583]}, "properties": {"id": -6481, "name": "土地庙", "kind": "土地庙", "category": "custom", "hours": "卯-申", "group": "信仰", "icon": "shrine"}}, {"type": "Feature", "geometry": {"type": "Point", "coordinates": [119.4258347, 32.4024203]}, "properties": {"id": -6482, "name": "梅丰邸店", "kind": "邸店", "category": "custom", "hours": "全天", "group": "行旅", "icon": "inn"}}, {"type": "Feature", "geometry": {"type": "Point", "coordinates": [119.4353462, 32.390553]}, "properties": {"id": -6483, "name": "和济食铺", "kind": "食铺", "category": "custom", "hours": "卯-酉", "group": "饮食", "icon": "food"}}, {"type": "Feature", "geometry": {"type": "Point", "coordinates": [119.4371079, 32.4013031]}, "properties": {"id": -6484, "name": "永福棋馆", "kind": "棋馆", "category": "custom", "hours": "午-子", "group": "百戏娱乐", "icon": "go"}}, {"type": "Feature", "geometry": {"type": "Point", "coordinates": [119.4296276, 32.3838822]}, "properties": {"id": -6485, "name": "县衙", "kind": "县衙", "category": "custom", "hours": "卯-申", "group": "官署", "icon": "office"}}, {"type": "Feature", "geometry": {"type": "Point", "coordinates": [119.4260639, 32.3992434]}, "properties": {"id": -6486, "name": "勾栏", "kind": "勾栏", "category": "custom", "hours": "酉-丑", "group": "百戏娱乐", "icon": "theater"}}, {"type": "Feature", "geometry": {"type": "Point", "coordinates": [119.4337389, 32.3963193]}, "properties": {"id": -6487, "name": "庆通当铺", "kind": "当铺", "category": "custom", "hours": "卯-酉", "group": "金融", "icon": "pawn"}}, {"type": "Feature", "geometry": {"type": "Point", "coordinates": [119.4250423, 32.3947739]}, "properties": {"id": -6488, "name": "聚乐邸店", "kind": "邸店", "category": "custom", "hours": "全天", "group": "行旅", "icon": "inn"}}, {"type": "Feature", "geometry": {"type": "Point", "coordinates": [119.4320855, 32.40142]}, "properties": {"id": -6489, "name": "牢狱", "kind": "牢狱", "category": "custom", "hours": "全天", "group": "官署", "icon": "office"}}, {"type": "Feature", "geometry": {"type": "Point", "coordinates": [119.4324677, 32.4039083]}, "properties": {"id": -6490, "name": "和乐酒楼", "kind": "酒楼", "category": "custom", "hours": "午-子", "group": "饮食", "icon": "tavern"}}, {"type": "Feature", "geometry": {"type": "Point", "coordinates": [119.4288841, 32.3898878]}, "properties": {"id": -6491, "name": "庆兴香烛铺", "kind": "香烛铺", "category": "custom", "hours": "卯-酉", "group": "礼用", "icon": "incense"}}, {"type": "Feature", "geometry": {"type": "Point", "coordinates": [119.4332803, 32.3991327]}, "properties": {"id": -6492, "name": "长熙食铺", "kind": "食铺", "category": "custom", "hours": "卯-酉", "group": "饮食", "icon": "food"}}, {"type": "Feature", "geometry": {"type": "Point", "coordinates": [119.4257106, 32.3872185]}, "properties": {"id": -6493, "name": "祥熙绸缎庄", "kind": "绸缎庄", "category": "custom", "hours": "卯-酉", "group": "商市", "icon": "textile"}}, {"type": "Feature", "geometry": {"type": "Point", "coordinates": [119.4346276, 32.4019056]}, "properties": {"id": -6494, "name": "土地庙", "kind": "土地庙", "category": "custom", "hours": "卯-申", "group": "信仰", "icon": "shrine"}}, {"type": "Feature", "geometry": {"type": "Point", "coordinates": [119.4345786, 32.3863228]}, "properties": {"id": -6495, "name": "瓦舍", "kind": "瓦舍", "category": "custom", "hours": "酉-丑", "group": "百戏娱乐", "icon": "theater"}}, {"type": "Feature", "geometry": {"type": "Point", "coordinates": [119.4458602, 32.4000418]}, "properties": {"id": -6496, "name": "康茂算命摊", "kind": "算命摊", "category": "custom", "hours": "卯-酉", "group": "百戏", "icon": "fortune"}}, {"type": "Feature", "geometry": {"type": "Point", "coordinates": [119.4317484, 32.3977239]}, "properties": {"id": -6497, "name": "泰茂酒肆", "kind": "酒肆", "category": "custom", "hours": "卯-酉", "group": "饮食", "icon": "tavern"}}, {"type": "Feature", "geometry": {"type": "Point", "coordinates": [119.4400948, 32.3952276]}, "properties": {"id": -6498, "name": "市集", "kind": "市集", "category": "custom", "hours": "卯-酉", "group": "商市", "icon": "market"}}, {"type": "Feature", "geometry": {"type": "Point", "coordinates": [119.4442881, 32.3859464]}, "properties": {"id": -6499, "name": "市集", "kind": "市集", "category": "custom", "hours": "卯-酉", "group": "商市", "icon": "market"}}, {"type": "Feature", "geometry": {"type": "Point", "coordinates": [119.4356439, 32.39111]}, "properties": {"id": -6500, "name": "聚景当铺", "kind": "当铺", "category": "custom", "hours": "卯-酉", "group": "金融", "icon": "pawn"}}, {"type": "Feature", "geometry": {"type": "Point", "coordinates": [119.4285901, 32.3871474]}, "properties": {"id": -6501, "name": "莲济藏书楼", "kind": "藏书楼", "category": "custom", "hours": "卯-申", "group": "文教", "icon": "library"}}, {"type": "Feature", "geometry": {"type": "Point", "coordinates": [119.4467453, 32.400363]}, "properties": {"id": -6502, "name": "竹景客栈", "kind": "客栈", "category": "custom", "hours": "全天", "group": "行旅", "icon": "inn"}}, {"type": "Feature", "geometry": {"type": "Point", "coordinates": [119.4316177, 32.3848357]}, "properties": {"id": -6503, "name": "务聚当铺", "kind": "当铺", "category": "custom", "hours": "卯-酉", "group": "金融", "icon": "pawn"}}, {"type": "Feature", "geometry": {"type": "Point", "coordinates": [119.4427361, 32.3985027]}, "properties": {"id": -6504, "name": "同济赌坊", "kind": "赌坊", "category": "custom", "hours": "午-子", "group": "市井娱乐", "icon": "gamble"}}, {"type": "Feature", "geometry": {"type": "Point", "coordinates": [119.4323619, 32.393614]}, "properties": {"id": -6505, "name": "兴安赌坊", "kind": "赌坊", "category": "custom", "hours": "午-子", "group": "市井娱乐", "icon": "gamble"}}, {"type": "Feature", "geometry": {"type": "Point", "coordinates": [119.4252579, 32.3880758]}, "properties": {"id": -6506, "name": "长福食铺", "kind": "食铺", "category": "custom", "hours": "卯-酉", "group": "饮食", "icon": "food"}}, {"type": "Feature", "geometry": {"type": "Point", "coordinates": [119.4419468, 32.4030233]}, "properties": {"id": -6507, "name": "广泰教坊", "kind": "教坊", "category": "custom", "hours": "酉-丑", "group": "风月", "icon": "jiaofang"}}, {"type": "Feature", "geometry": {"type": "Point", "coordinates": [119.4433604, 32.3957395]}, "properties": {"id": -6508, "name": "景茂茶坊", "kind": "茶坊", "category": "custom", "hours": "卯-酉", "group": "饮食", "icon": "tea"}}, {"type": "Feature", "geometry": {"type": "Point", "coordinates": [119.4325408, 32.3967056]}, "properties": {"id": -6509, "name": "兴济饼铺", "kind": "饼铺", "category": "custom", "hours": "卯-酉", "group": "饮食", "icon": "shop"}}, {"type": "Feature", "geometry": {"type": "Point", "coordinates": [119.4452164, 32.3922044]}, "properties": {"id": -6510, "name": "春聚茶坊", "kind": "茶坊", "category": "custom", "hours": "卯-酉", "group": "饮食", "icon": "tea"}}, {"type": "Feature", "geometry": {"type": "Point", "coordinates": [119.4255872, 32.3952944]}, "properties": {"id": -6511, "name": "市集", "kind": "市集", "category": "custom", "hours": "卯-酉", "group": "商市", "icon": "market"}}, {"type": "Feature", "geometry": {"type": "Point", "coordinates": [119.434398, 32.3994288]}, "properties": {"id": -6512, "name": "泰通钱铺", "kind": "钱铺", "category": "custom", "hours": "卯-酉", "group": "金融", "icon": "money"}}, {"type": "Feature", "geometry": {"type": "Point", "coordinates": [119.4425587, 32.3835741]}, "properties": {"id": -6513, "name": "安隆书院", "kind": "书院", "category": "custom", "hours": "卯-申", "group": "文教", "icon": "academy"}}, {"type": "Feature", "geometry": {"type": "Point", "coordinates": [119.4324495, 32.3898787]}, "properties": {"id": -6514, "name": "广景医馆", "kind": "医馆", "category": "custom", "hours": "卯-酉", "group": "医药", "icon": "med"}}, {"type": "Feature", "geometry": {"type": "Point", "coordinates": [119.4416632, 32.3968633]}, "properties": {"id": -6515, "name": "牢狱", "kind": "牢狱", "category": "custom", "hours": "全天", "group": "官署", "icon": "office"}}, {"type": "Feature", "geometry": {"type": "Point", "coordinates": [119.4335199, 32.3853888]}, "properties": {"id": -6516, "name": "景茂酒楼", "kind": "酒楼", "category": "custom", "hours": "午-子", "group": "饮食", "icon": "tavern"}}, {"type": "Feature", "geometry": {"type": "Point", "coordinates": [119.4467503, 32.3928667]}, "properties": {"id": -6517, "name": "顺安绣坊", "kind": "绣坊", "category": "custom", "hours": "卯-酉", "group": "百工", "icon": "textile"}}, {"type": "Feature", "geometry": {"type": "Point", "coordinates": [119.4358213, 32.3895949]}, "properties": {"id": -6518, "name": "正玉医馆", "kind": "医馆", "category": "custom", "hours": "卯-酉", "group": "医药", "icon": "med"}}, {"type": "Feature", "geometry": {"type": "Point", "coordinates": [119.4367615, 32.4004302]}, "properties": {"id": -6519, "name": "敦安医馆", "kind": "医馆", "category": "custom", "hours": "卯-酉", "group": "医药", "icon": "med"}}, {"type": "Feature", "geometry": {"type": "Point", "coordinates": [119.4408794, 32.4029934]}, "properties": {"id": -6520, "name": "同茂酒楼", "kind": "酒楼", "category": "custom", "hours": "午-子", "group": "饮食", "icon": "tavern"}}, {"type": "Feature", "geometry": {"type": "Point", "coordinates": [119.4251643, 32.3982752]}, "properties": {"id": -6521, "name": "德华茶坊", "kind": "茶坊", "category": "custom", "hours": "卯-酉", "group": "饮食", "icon": "tea"}}, {"type": "Feature", "geometry": {"type": "Point", "coordinates": [119.4422887, 32.403631]}, "properties": {"id": -6522, "name": "万来州学", "kind": "州学", "category": "custom", "hours": "卯-申", "group": "文教", "icon": "academy"}}, {"type": "Feature", "geometry": {"type": "Point", "coordinates": [119.4337278, 32.4043544]}, "properties": {"id": -6523, "name": "清景赌坊", "kind": "赌坊", "category": "custom", "hours": "午-子", "group": "市井娱乐", "icon": "gamble"}}, {"type": "Feature", "geometry": {"type": "Point", "coordinates": [119.4440616, 32.3952454]}, "properties": {"id": -6524, "name": "德安书坊", "kind": "书坊", "category": "custom", "hours": "卯-酉", "group": "文教", "icon": "library"}}, {"type": "Feature", "geometry": {"type": "Point", "coordinates": [119.4295134, 32.3898618]}, "properties": {"id": -6525, "name": "善昌茶坊", "kind": "茶坊", "category": "custom", "hours": "卯-酉", "group": "饮食", "icon": "tea"}}, {"type": "Feature", "geometry": {"type": "Point", "coordinates": [119.4471959, 32.3922218]}, "properties": {"id": -6526, "name": "莲熙药铺", "kind": "药铺", "category": "custom", "hours": "卯-酉", "group": "医药", "icon": "med"}}, {"type": "Feature", "geometry": {"type": "Point", "coordinates": [119.4456765, 32.4042976]}, "properties": {"id": -6527, "name": "积安青楼", "kind": "青楼", "category": "custom", "hours": "酉-丑", "group": "风月", "icon": "qinglou"}}, {"type": "Feature", "geometry": {"type": "Point", "coordinates": [119.445058, 32.3907802]}, "properties": {"id": -6528, "name": "桂隆园", "kind": "园", "category": "custom", "hours": "全天", "group": "游乐", "icon": "garden"}}, {"type": "Feature", "geometry": {"type": "Point", "coordinates": [119.4258625, 32.3921208]}, "properties": {"id": -6529, "name": "梅元酒楼", "kind": "酒楼", "category": "custom", "hours": "午-子", "group": "饮食", "icon": "tavern"}}, {"type": "Feature", "geometry": {"type": "Point", "coordinates": [119.4436879, 32.3965562]}, "properties": {"id": -6530, "name": "泰安蒙馆", "kind": "蒙馆", "category": "custom", "hours": "卯-申", "group": "文教", "icon": "academy"}}, {"type": "Feature", "geometry": {"type": "Point", "coordinates": [119.4460787, 32.3853497]}, "properties": {"id": -6531, "name": "顺泰棋馆", "kind": "棋馆", "category": "custom", "hours": "午-子", "group": "百戏娱乐", "icon": "go"}}, {"type": "Feature", "geometry": {"type": "Point", "coordinates": [119.4416135, 32.3960033]}, "properties": {"id": -6532, "name": "升祥绸缎庄", "kind": "绸缎庄", "category": "custom", "hours": "卯-酉", "group": "商市", "icon": "textile"}}, {"type": "Feature", "geometry": {"type": "Point", "coordinates": [119.4409541, 32.3953732]}, "properties": {"id": -6533, "name": "景丰食铺", "kind": "食铺", "category": "custom", "hours": "卯-酉", "group": "饮食", "icon": "food"}}, {"type": "Feature", "geometry": {"type": "Point", "coordinates": [119.4461647, 32.3836516]}, "properties": {"id": -6534, "name": "桂源酒肆", "kind": "酒肆", "category": "custom", "hours": "卯-酉", "group": "饮食", "icon": "tavern"}}, {"type": "Feature", "geometry": {"type": "Point", "coordinates": [119.4397353, 32.3955074]}, "properties": {"id": -6535, "name": "安昌客栈", "kind": "客栈", "category": "custom", "hours": "全天", "group": "行旅", "icon": "inn"}}, {"type": "Feature", "geometry": {"type": "Point", "coordinates": [119.4281036, 32.3836887]}, "properties": {"id": -6536, "name": "升平茶坊", "kind": "茶坊", "category": "custom", "hours": "卯-酉", "group": "饮食", "icon": "tea"}}, {"type": "Feature", "geometry": {"type": "Point", "coordinates": [119.4467067, 32.3998503]}, "properties": {"id": -6537, "name": "泰玉园", "kind": "园", "category": "custom", "hours": "全天", "group": "游乐", "icon": "garden"}}, {"type": "Feature", "geometry": {"type": "Point", "coordinates": [119.4352339, 32.3854581]}, "properties": {"id": -6538, "name": "书场", "kind": "书场", "category": "custom", "hours": "午-子", "group": "百戏娱乐", "icon": "story"}}, {"type": "Feature", "geometry": {"type": "Point", "coordinates": [119.445924, 32.3916004]}, "properties": {"id": -6539, "name": "春源金银铺", "kind": "金银铺", "category": "custom", "hours": "卯-酉", "group": "金融", "icon": "money"}}, {"type": "Feature", "geometry": {"type": "Point", "coordinates": [119.4313151, 32.3922369]}, "properties": {"id": -6540, "name": "元茂青楼", "kind": "青楼", "category": "custom", "hours": "酉-丑", "group": "风月", "icon": "qinglou"}}, {"type": "Feature", "geometry": {"type": "Point", "coordinates": [119.4325922, 32.3942148]}, "properties": {"id": -6541, "name": "怀德邸店", "kind": "邸店", "category": "custom", "hours": "全天", "group": "行旅", "icon": "inn"}}, {"type": "Feature", "geometry": {"type": "Point", "coordinates": [119.4412806, 32.4043781]}, "properties": {"id": -6542, "name": "瓦舍", "kind": "瓦舍", "category": "custom", "hours": "酉-丑", "group": "百戏娱乐", "icon": "theater"}}, {"type": "Feature", "geometry": {"type": "Point", "coordinates": [119.4320088, 32.3964991]}, "properties": {"id": -6543, "name": "广兴赌坊", "kind": "赌坊", "category": "custom", "hours": "午-子", "group": "市井娱乐", "icon": "gamble"}}, {"type": "Feature", "geometry": {"type": "Point", "coordinates": [119.4277163, 32.3980825]}, "properties": {"id": -6544, "name": "顺乐香烛铺", "kind": "香烛铺", "category": "custom", "hours": "卯-酉", "group": "礼用", "icon": "incense"}}, {"type": "Feature", "geometry": {"type": "Point", "coordinates": [119.426828, 32.4014077]}, "properties": {"id": -6545, "name": "瑞福酒楼", "kind": "酒楼", "category": "custom", "hours": "午-子", "group": "饮食", "icon": "tavern"}}, {"type": "Feature", "geometry": {"type": "Point", "coordinates": [119.4439995, 32.3885147]}, "properties": {"id": -6546, "name": "福祥医馆", "kind": "医馆", "category": "custom", "hours": "卯-酉", "group": "医药", "icon": "med"}}, {"type": "Feature", "geometry": {"type": "Point", "coordinates": [119.4283934, 32.392116]}, "properties": {"id": -6547, "name": "双景书院", "kind": "书院", "category": "custom", "hours": "卯-申", "group": "文教", "icon": "academy"}}, {"type": "Feature", "geometry": {"type": "Point", "coordinates": [119.4402383, 32.4023348]}, "properties": {"id": -6548, "name": "务发医馆", "kind": "医馆", "category": "custom", "hours": "卯-酉", "group": "医药", "icon": "med"}}, {"type": "Feature", "geometry": {"type": "Point", "coordinates": [119.4363915, 32.3871953]}, "properties": {"id": -6549, "name": "梅义赌坊", "kind": "赌坊", "category": "custom", "hours": "午-子", "group": "市井娱乐", "icon": "gamble"}}, {"type": "Feature", "geometry": {"type": "Point", "coordinates": [119.4272709, 32.4012281]}, "properties": {"id": -6550, "name": "开宁金银铺", "kind": "金银铺", "category": "custom", "hours": "卯-酉", "group": "金融", "icon": "money"}}, {"type": "Feature", "geometry": {"type": "Point", "coordinates": [119.4293636, 32.3877632]}, "properties": {"id": -6551, "name": "兴瑞酒楼", "kind": "酒楼", "category": "custom", "hours": "午-子", "group": "饮食", "icon": "tavern"}}, {"type": "Feature", "geometry": {"type": "Point", "coordinates": [119.4267264, 32.4004482]}, "properties": {"id": -6552, "name": "州衙", "kind": "州衙", "category": "custom", "hours": "卯-申", "group": "官署", "icon": "office"}}, {"type": "Feature", "geometry": {"type": "Point", "coordinates": [119.4257011, 32.3883981]}, "properties": {"id": -6553, "name": "敦景酒肆", "kind": "酒肆", "category": "custom", "hours": "卯-酉", "group": "饮食", "icon": "tavern"}}, {"type": "Feature", "geometry": {"type": "Point", "coordinates": [119.4479448, 32.3886308]}, "properties": {"id": -6554, "name": "牢狱", "kind": "牢狱", "category": "custom", "hours": "全天", "group": "官署", "icon": "office"}}, {"type": "Feature", "geometry": {"type": "Point", "coordinates": [119.429495, 32.4023954]}, "properties": {"id": -6555, "name": "崇来书坊", "kind": "书坊", "category": "custom", "hours": "卯-酉", "group": "文教", "icon": "library"}}, {"type": "Feature", "geometry": {"type": "Point", "coordinates": [119.4394647, 32.4024455]}, "properties": {"id": -6556, "name": "春德食铺", "kind": "食铺", "category": "custom", "hours": "卯-酉", "group": "饮食", "icon": "food"}}, {"type": "Feature", "geometry": {"type": "Point", "coordinates": [119.441819, 32.3913923]}, "properties": {"id": -6557, "name": "乐元医馆", "kind": "医馆", "category": "custom", "hours": "卯-酉", "group": "医药", "icon": "med"}}, {"type": "Feature", "geometry": {"type": "Point", "coordinates": [119.4464753, 32.3883816]}, "properties": {"id": -6558, "name": "勾栏", "kind": "勾栏", "category": "custom", "hours": "酉-丑", "group": "百戏娱乐", "icon": "theater"}}, {"type": "Feature", "geometry": {"type": "Point", "coordinates": [119.4264198, 32.3848403]}, "properties": {"id": -6559, "name": "承源藏书楼", "kind": "藏书楼", "category": "custom", "hours": "卯-申", "group": "文教", "icon": "library"}}, {"type": "Feature", "geometry": {"type": "Point", "coordinates": [119.4345453, 32.400108]}, "properties": {"id": -6560, "name": "康泰茶坊", "kind": "茶坊", "category": "custom", "hours": "卯-酉", "group": "饮食", "icon": "tea"}}, {"type": "Feature", "geometry": {"type": "Point", "coordinates": [119.4470156, 32.3925611]}, "properties": {"id": -6561, "name": "万盛绸缎庄", "kind": "绸缎庄", "category": "custom", "hours": "卯-酉", "group": "商市", "icon": "textile"}}, {"type": "Feature", "geometry": {"type": "Point", "coordinates": [119.4259636, 32.3987094]}, "properties": {"id": -6562, "name": "善发金银铺", "kind": "金银铺", "category": "custom", "hours": "卯-酉", "group": "金融", "icon": "money"}}, {"type": "Feature", "geometry": {"type": "Point", "coordinates": [119.4268978, 32.3942367]}, "properties": {"id": -6563, "name": "通丰绸缎庄", "kind": "绸缎庄", "category": "custom", "hours": "卯-酉", "group": "商市", "icon": "textile"}}, {"type": "Feature", "geometry": {"type": "Point", "coordinates": [119.4427996, 32.4042229]}, "properties": {"id": -6564, "name": "义成金银铺", "kind": "金银铺", "category": "custom", "hours": "卯-酉", "group": "金融", "icon": "money"}}, {"type": "Feature", "geometry": {"type": "Point", "coordinates": [119.4430863, 32.3854185]}, "properties": {"id": -6565, "name": "双泰客栈", "kind": "客栈", "category": "custom", "hours": "全天", "group": "行旅", "icon": "inn"}}, {"type": "Feature", "geometry": {"type": "Point", "coordinates": [119.4329471, 32.3875323]}, "properties": {"id": -6566, "name": "桂玉酒肆", "kind": "酒肆", "category": "custom", "hours": "卯-酉", "group": "饮食", "icon": "tavern"}}, {"type": "Feature", "geometry": {"type": "Point", "coordinates": [119.4414848, 32.4001652]}, "properties": {"id": -6567, "name": "安福客栈", "kind": "客栈", "category": "custom", "hours": "全天", "group": "行旅", "icon": "inn"}}, {"type": "Feature", "geometry": {"type": "Point", "coordinates": [119.4345759, 32.3956334]}, "properties": {"id": -6568, "name": "城隍庙", "kind": "城隍庙", "category": "custom", "hours": "卯-申", "group": "信仰", "icon": "shrine"}}, {"type": "Feature", "geometry": {"type": "Point", "coordinates": [119.4332349, 32.3883848]}, "properties": {"id": -6569, "name": "瓦舍", "kind": "瓦舍", "category": "custom", "hours": "酉-丑", "group": "百戏娱乐", "icon": "theater"}}, {"type": "Feature", "geometry": {"type": "Point", "coordinates": [119.4302739, 32.4013365]}, "properties": {"id": -6570, "name": "竹元酒楼", "kind": "酒楼", "category": "custom", "hours": "午-子", "group": "饮食", "icon": "tavern"}}, {"type": "Feature", "geometry": {"type": "Point", "coordinates": [119.4247295, 32.4002171]}, "properties": {"id": -6571, "name": "承丰茶坊", "kind": "茶坊", "category": "custom", "hours": "卯-酉", "group": "饮食", "icon": "tea"}}, {"type": "Feature", "geometry": {"type": "Point", "coordinates": [119.4352829, 32.3900666]}, "properties": {"id": -6572, "name": "迎景当铺", "kind": "当铺", "category": "custom", "hours": "卯-酉", "group": "金融", "icon": "pawn"}}, {"type": "Feature", "geometry": {"type": "Point", "coordinates": [119.428235, 32.3912102]}, "properties": {"id": -6573, "name": "文安客栈", "kind": "客栈", "category": "custom", "hours": "全天", "group": "行旅", "icon": "inn"}}, {"type": "Feature", "geometry": {"type": "Point", "coordinates": [119.4473844, 32.3857992]}, "properties": {"id": -6574, "name": "广泰医馆", "kind": "医馆", "category": "custom", "hours": "卯-酉", "group": "医药", "icon": "med"}}, {"type": "Feature", "geometry": {"type": "Point", "coordinates": [119.4278122, 32.3985054]}, "properties": {"id": -6575, "name": "德来酒楼", "kind": "酒楼", "category": "custom", "hours": "午-子", "group": "饮食", "icon": "tavern"}}, {"type": "Feature", "geometry": {"type": "Point", "coordinates": [119.4348956, 32.3873452]}, "properties": {"id": -6576, "name": "承源金银铺", "kind": "金银铺", "category": "custom", "hours": "卯-酉", "group": "金融", "icon": "money"}}, {"type": "Feature", "geometry": {"type": "Point", "coordinates": [119.4278427, 32.3863649]}, "properties": {"id": -6577, "name": "长祥当铺", "kind": "当铺", "category": "custom", "hours": "卯-酉", "group": "金融", "icon": "pawn"}}, {"type": "Feature", "geometry": {"type": "Point", "coordinates": [119.4288987, 32.3967305]}, "properties": {"id": -6578, "name": "土地庙", "kind": "土地庙", "category": "custom", "hours": "卯-申", "group": "信仰", "icon": "shrine"}}, {"type": "Feature", "geometry": {"type": "Point", "coordinates": [119.4310958, 32.3975868]}, "properties": {"id": -6579, "name": "万祥绣坊", "kind": "绣坊", "category": "custom", "hours": "卯-酉", "group": "百工", "icon": "textile"}}, {"type": "Feature", "geometry": {"type": "Point", "coordinates": [119.4361851, 32.4010669]}, "properties": {"id": -6580, "name": "戏台", "kind": "戏台", "category": "custom", "hours": "午-子", "group": "百戏娱乐", "icon": "stage"}}, {"type": "Feature", "geometry": {"type": "Point", "coordinates": [119.4398019, 32.4021202]}, "properties": {"id": -6581, "name": "景祥藏书楼", "kind": "藏书楼", "category": "custom", "hours": "卯-申", "group": "文教", "icon": "library"}}, {"type": "Feature", "geometry": {"type": "Point", "coordinates": [119.42727, 32.3869758]}, "properties": {"id": -6582, "name": "乐祥食铺", "kind": "食铺", "category": "custom", "hours": "卯-酉", "group": "饮食", "icon": "food"}}, {"type": "Feature", "geometry": {"type": "Point", "coordinates": [119.4450937, 32.3981255]}, "properties": {"id": -6583, "name": "巡检司", "kind": "巡检司", "category": "custom", "hours": "卯-申", "group": "官署", "icon": "office"}}, {"type": "Feature", "geometry": {"type": "Point", "coordinates": [119.4453371, 32.4004157]}, "properties": {"id": -6584, "name": "土地庙", "kind": "土地庙", "category": "custom", "hours": "卯-申", "group": "信仰", "icon": "shrine"}}, {"type": "Feature", "geometry": {"type": "Point", "coordinates": [119.4384099, 32.3957728]}, "properties": {"id": -6585, "name": "金隆酒楼", "kind": "酒楼", "category": "custom", "hours": "午-子", "group": "饮食", "icon": "tavern"}}, {"type": "Feature", "geometry": {"type": "Point", "coordinates": [119.437508, 32.3929303]}, "properties": {"id": -6586, "name": "广顺赌坊", "kind": "赌坊", "category": "custom", "hours": "午-子", "group": "市井娱乐", "icon": "gamble"}}, {"type": "Feature", "geometry": {"type": "Point", "coordinates": [119.4263278, 32.3912193]}, "properties": {"id": -6587, "name": "长发绣坊", "kind": "绣坊", "category": "custom", "hours": "卯-酉", "group": "百工", "icon": "textile"}}, {"type": "Feature", "geometry": {"type": "Point", "coordinates": [119.4308417, 32.4002006]}, "properties": {"id": -6588, "name": "迎成药铺", "kind": "药铺", "category": "custom", "hours": "卯-酉", "group": "医药", "icon": "med"}}, {"type": "Feature", "geometry": {"type": "Point", "coordinates": [119.4312927, 32.4002044]}, "properties": {"id": -6589, "name": "市集", "kind": "市集", "category": "custom", "hours": "卯-酉", "group": "商市", "icon": "market"}}, {"type": "Feature", "geometry": {"type": "Point", "coordinates": [119.4266632, 32.4035685]}, "properties": {"id": -6590, "name": "昌祥客栈", "kind": "客栈", "category": "custom", "hours": "全天", "group": "行旅", "icon": "inn"}}, {"type": "Feature", "geometry": {"type": "Point", "coordinates": [119.4416042, 32.3922668]}, "properties": {"id": -6591, "name": "乐成茶坊", "kind": "茶坊", "category": "custom", "hours": "卯-酉", "group": "饮食", "icon": "tea"}}, {"type": "Feature", "geometry": {"type": "Point", "coordinates": [119.4298197, 32.3927874]}, "properties": {"id": -6592, "name": "万丰州学", "kind": "州学", "category": "custom", "hours": "卯-申", "group": "文教", "icon": "academy"}}, {"type": "Feature", "geometry": {"type": "Point", "coordinates": [119.443181, 32.3967977]}, "properties": {"id": -6593, "name": "瓦舍", "kind": "瓦舍", "category": "custom", "hours": "酉-丑", "group": "百戏娱乐", "icon": "theater"}}, {"type": "Feature", "geometry": {"type": "Point", "coordinates": [119.4253205, 32.4035969]}, "properties": {"id": -6594, "name": "莲隆金银铺", "kind": "金银铺", "category": "custom", "hours": "卯-酉", "group": "金融", "icon": "money"}}, {"type": "Feature", "geometry": {"type": "Point", "coordinates": [119.4295112, 32.393608]}, "properties": {"id": -6595, "name": "康平青楼", "kind": "青楼", "category": "custom", "hours": "酉-丑", "group": "风月", "icon": "qinglou"}}, {"type": "Feature", "geometry": {"type": "Point", "coordinates": [119.4394259, 32.3902332]}, "properties": {"id": -6596, "name": "春成邸店", "kind": "邸店", "category": "custom", "hours": "全天", "group": "行旅", "icon": "inn"}}, {"type": "Feature", "geometry": {"type": "Point", "coordinates": [119.4321596, 32.398789]}, "properties": {"id": -6597, "name": "双华茶坊", "kind": "茶坊", "category": "custom", "hours": "卯-酉", "group": "饮食", "icon": "tea"}}, {"type": "Feature", "geometry": {"type": "Point", "coordinates": [119.4431146, 32.3868109]}, "properties": {"id": -6598, "name": "勾栏", "kind": "勾栏", "category": "custom", "hours": "酉-丑", "group": "百戏娱乐", "icon": "theater"}}, {"type": "Feature", "geometry": {"type": "Point", "coordinates": [119.4302913, 32.3907237]}, "properties": {"id": -6599, "name": "兴宁药铺", "kind": "药铺", "category": "custom", "hours": "卯-酉", "group": "医药", "icon": "med"}}, {"type": "Feature", "geometry": {"type": "Point", "coordinates": [119.4254592, 32.3906987]}, "properties": {"id": -6600, "name": "莲泰茶坊", "kind": "茶坊", "category": "custom", "hours": "卯-酉", "group": "饮食", "icon": "tea"}}, {"type": "Feature", "geometry": {"type": "Point", "coordinates": [119.4459391, 32.3908458]}, "properties": {"id": -6601, "name": "市集", "kind": "市集", "category": "custom", "hours": "卯-酉", "group": "商市", "icon": "market"}}, {"type": "Feature", "geometry": {"type": "Point", "coordinates": [119.4421192, 32.4012479]}, "properties": {"id": -6602, "name": "竹聚医馆", "kind": "医馆", "category": "custom", "hours": "卯-酉", "group": "医药", "icon": "med"}}, {"type": "Feature", "geometry": {"type": "Point", "coordinates": [119.4355213, 32.4030915]}, "properties": {"id": -6603, "name": "聚济客栈", "kind": "客栈", "category": "custom", "hours": "全天", "group": "行旅", "icon": "inn"}}, {"type": "Feature", "geometry": {"type": "Point", "coordinates": [119.4383539, 32.3999978]}, "properties": {"id": -6604, "name": "景成算命摊", "kind": "算命摊", "category": "custom", "hours": "卯-酉", "group": "百戏", "icon": "fortune"}}, {"type": "Feature", "geometry": {"type": "Point", "coordinates": [119.439084, 32.3997343]}, "properties": {"id": -6605, "name": "德聚食铺", "kind": "食铺", "category": "custom", "hours": "卯-酉", "group": "饮食", "icon": "food"}}, {"type": "Feature", "geometry": {"type": "Point", "coordinates": [119.4452279, 32.4010824]}, "properties": {"id": -6606, "name": "金安茶坊", "kind": "茶坊", "category": "custom", "hours": "卯-酉", "group": "饮食", "icon": "tea"}}, {"type": "Feature", "geometry": {"type": "Point", "coordinates": [119.4438207, 32.4007253]}, "properties": {"id": -6607, "name": "长宁蒙馆", "kind": "蒙馆", "category": "custom", "hours": "卯-申", "group": "文教", "icon": "academy"}}, {"type": "Feature", "geometry": {"type": "Point", "coordinates": [119.4459266, 32.4025306]}, "properties": {"id": -6608, "name": "康盛绸缎庄", "kind": "绸缎庄", "category": "custom", "hours": "卯-酉", "group": "商市", "icon": "textile"}}, {"type": "Feature", "geometry": {"type": "Point", "coordinates": [119.4268977, 32.3841324]}, "properties": {"id": -6609, "name": "积德书院", "kind": "书院", "category": "custom", "hours": "卯-申", "group": "文教", "icon": "academy"}}, {"type": "Feature", "geometry": {"type": "Point", "coordinates": [119.4267613, 32.3926784]}, "properties": {"id": -6610, "name": "祥乐饼铺", "kind": "饼铺", "category": "custom", "hours": "卯-酉", "group": "饮食", "icon": "shop"}}, {"type": "Feature", "geometry": {"type": "Point", "coordinates": [119.4267921, 32.404343]}, "properties": {"id": -6611, "name": "勾栏", "kind": "勾栏", "category": "custom", "hours": "酉-丑", "group": "百戏娱乐", "icon": "theater"}}, {"type": "Feature", "geometry": {"type": "Point", "coordinates": [119.4313024, 32.40142]}, "properties": {"id": -6612, "name": "土地庙", "kind": "土地庙", "category": "custom", "hours": "卯-申", "group": "信仰", "icon": "shrine"}}, {"type": "Feature", "geometry": {"type": "Point", "coordinates": [119.437616, 32.3973808]}, "properties": {"id": -6613, "name": "竹元蒙馆", "kind": "蒙馆", "category": "custom", "hours": "卯-申", "group": "文教", "icon": "academy"}}, {"type": "Feature", "geometry": {"type": "Point", "coordinates": [119.4253904, 32.3999491]}, "properties": {"id": -6614, "name": "仁通医馆", "kind": "医馆", "category": "custom", "hours": "卯-酉", "group": "医药", "icon": "med"}}, {"type": "Feature", "geometry": {"type": "Point", "coordinates": [119.4258742, 32.4030806]}, "properties": {"id": -6615, "name": "元发蒙馆", "kind": "蒙馆", "category": "custom", "hours": "卯-申", "group": "文教", "icon": "academy"}}, {"type": "Feature", "geometry": {"type": "Point", "coordinates": [119.4369575, 32.3972693]}, "properties": {"id": -6616, "name": "同玉绸缎庄", "kind": "绸缎庄", "category": "custom", "hours": "卯-酉", "group": "商市", "icon": "textile"}}, {"type": "Feature", "geometry": {"type": "Point", "coordinates": [119.4394313, 32.4034844]}, "properties": {"id": -6617, "name": "怀成书院", "kind": "书院", "category": "custom", "hours": "卯-申", "group": "文教", "icon": "academy"}}, {"type": "Feature", "geometry": {"type": "Point", "coordinates": [119.4392481, 32.3879274]}, "properties": {"id": -6618, "name": "聚源客栈", "kind": "客栈", "category": "custom", "hours": "全天", "group": "行旅", "icon": "inn"}}, {"type": "Feature", "geometry": {"type": "Point", "coordinates": [119.4382522, 32.3891177]}, "properties": {"id": -6619, "name": "同安香烛铺", "kind": "香烛铺", "category": "custom", "hours": "卯-酉", "group": "礼用", "icon": "incense"}}, {"type": "Feature", "geometry": {"type": "Point", "coordinates": [119.4331327, 32.4030701]}, "properties": {"id": -6620, "name": "善华布行", "kind": "布行", "category": "custom", "hours": "卯-酉", "group": "商市", "icon": "textile"}}, {"type": "Feature", "geometry": {"type": "Point", "coordinates": [119.446142, 32.3866558]}, "properties": {"id": -6621, "name": "迎平医馆", "kind": "医馆", "category": "custom", "hours": "卯-酉", "group": "医药", "icon": "med"}}, {"type": "Feature", "geometry": {"type": "Point", "coordinates": [119.4343099, 32.3973851]}, "properties": {"id": -6622, "name": "敦丰教坊", "kind": "教坊", "category": "custom", "hours": "酉-丑", "group": "风月", "icon": "jiaofang"}}, {"type": "Feature", "geometry": {"type": "Point", "coordinates": [119.4453517, 32.4023917]}, "properties": {"id": -6623, "name": "书场", "kind": "书场", "category": "custom", "hours": "午-子", "group": "百戏娱乐", "icon": "story"}}, {"type": "Feature", "geometry": {"type": "Point", "coordinates": [119.4276043, 32.3961425]}, "properties": {"id": -6624, "name": "康熙食铺", "kind": "食铺", "category": "custom", "hours": "卯-酉", "group": "饮食", "icon": "food"}}, {"type": "Feature", "geometry": {"type": "Point", "coordinates": [119.4326613, 32.3842038]}, "properties": {"id": -6625, "name": "城隍庙", "kind": "城隍庙", "category": "custom", "hours": "卯-申", "group": "信仰", "icon": "shrine"}}, {"type": "Feature", "geometry": {"type": "Point", "coordinates": [119.444979, 32.3894694]}, "properties": {"id": -6626, "name": "双玉酒楼", "kind": "酒楼", "category": "custom", "hours": "午-子", "group": "饮食", "icon": "tavern"}}, {"type": "Feature", "geometry": {"type": "Point", "coordinates": [119.4462835, 32.3942475]}, "properties": {"id": -6627, "name": "庆茂金银铺", "kind": "金银铺", "category": "custom", "hours": "卯-酉", "group": "金融", "icon": "money"}}, {"type": "Feature", "geometry": {"type": "Point", "coordinates": [119.4275485, 32.3900602]}, "properties": {"id": -6628, "name": "同发茶坊", "kind": "茶坊", "category": "custom", "hours": "卯-酉", "group": "饮食", "icon": "tea"}}, {"type": "Feature", "geometry": {"type": "Point", "coordinates": [119.4298719, 32.3848296]}, "properties": {"id": -6629, "name": "梅和教坊", "kind": "教坊", "category": "custom", "hours": "酉-丑", "group": "风月", "icon": "jiaofang"}}, {"type": "Feature", "geometry": {"type": "Point", "coordinates": [119.4366215, 32.3941074]}, "properties": {"id": -6630, "name": "桂来蒙馆", "kind": "蒙馆", "category": "custom", "hours": "卯-申", "group": "文教", "icon": "academy"}}, {"type": "Feature", "geometry": {"type": "Point", "coordinates": [119.4257748, 32.390876]}, "properties": {"id": -6631, "name": "竹茂食铺", "kind": "食铺", "category": "custom", "hours": "卯-酉", "group": "饮食", "icon": "food"}}, {"type": "Feature", "geometry": {"type": "Point", "coordinates": [119.4463001, 32.3976919]}, "properties": {"id": -6632, "name": "双成布行", "kind": "布行", "category": "custom", "hours": "卯-酉", "group": "商市", "icon": "textile"}}, {"type": "Feature", "geometry": {"type": "Point", "coordinates": [119.4441311, 32.3927875]}, "properties": {"id": -6633, "name": "城隍庙", "kind": "城隍庙", "category": "custom", "hours": "卯-申", "group": "信仰", "icon": "shrine"}}, {"type": "Feature", "geometry": {"type": "Point", "coordinates": [119.4469916, 32.4007684]}, "properties": {"id": -6634, "name": "巡检司", "kind": "巡检司", "category": "custom", "hours": "卯-申", "group": "官署", "icon": "office"}}, {"type": "Feature", "geometry": {"type": "Point", "coordinates": [119.4254397, 32.3920838]}, "properties": {"id": -6635, "name": "庆泰药铺", "kind": "药铺", "category": "custom", "hours": "卯-酉", "group": "医药", "icon": "med"}}, {"type": "Feature", "geometry": {"type": "Point", "coordinates": [119.4341995, 32.3912528]}, "properties": {"id": -6636, "name": "泰盛客栈", "kind": "客栈", "category": "custom", "hours": "全天", "group": "行旅", "icon": "inn"}}, {"type": "Feature", "geometry": {"type": "Point", "coordinates": [119.429136, 32.3905673]}, "properties": {"id": -6637, "name": "梅发酒肆", "kind": "酒肆", "category": "custom", "hours": "卯-酉", "group": "饮食", "icon": "tavern"}}, {"type": "Feature", "geometry": {"type": "Point", "coordinates": [119.4460133, 32.3990307]}, "properties": {"id": -6638, "name": "泰玉客栈", "kind": "客栈", "category": "custom", "hours": "全天", "group": "行旅", "icon": "inn"}}, {"type": "Feature", "geometry": {"type": "Point", "coordinates": [119.4300577, 32.3900611]}, "properties": {"id": -6639, "name": "广义当铺", "kind": "当铺", "category": "custom", "hours": "卯-酉", "group": "金融", "icon": "pawn"}}, {"type": "Feature", "geometry": {"type": "Point", "coordinates": [119.444995, 32.4001871]}, "properties": {"id": -6640, "name": "开祥客栈", "kind": "客栈", "category": "custom", "hours": "全天", "group": "行旅", "icon": "inn"}}, {"type": "Feature", "geometry": {"type": "Point", "coordinates": [119.427414, 32.3947611]}, "properties": {"id": -6641, "name": "怀茂青楼", "kind": "青楼", "category": "custom", "hours": "酉-丑", "group": "风月", "icon": "qinglou"}}, {"type": "Feature", "geometry": {"type": "Point", "coordinates": [119.4466161, 32.3945045]}, "properties": {"id": -6642, "name": "巡检司", "kind": "巡检司", "category": "custom", "hours": "卯-申", "group": "官署", "icon": "office"}}, {"type": "Feature", "geometry": {"type": "Point", "coordinates": [119.4371427, 32.4017214]}, "properties": {"id": -6643, "name": "双玉邸店", "kind": "邸店", "category": "custom", "hours": "全天", "group": "行旅", "icon": "inn"}}, {"type": "Feature", "geometry": {"type": "Point", "coordinates": [119.4473213, 32.3909535]}, "properties": {"id": -6644, "name": "牢狱", "kind": "牢狱", "category": "custom", "hours": "全天", "group": "官署", "icon": "office"}}, {"type": "Feature", "geometry": {"type": "Point", "coordinates": [119.4427197, 32.3875416]}, "properties": {"id": -6645, "name": "仁聚茶坊", "kind": "茶坊", "category": "custom", "hours": "卯-酉", "group": "饮食", "icon": "tea"}}, {"type": "Feature", "geometry": {"type": "Point", "coordinates": [119.4435861, 32.402873]}, "properties": {"id": -6646, "name": "双玉青楼", "kind": "青楼", "category": "custom", "hours": "酉-丑", "group": "风月", "icon": "qinglou"}}, {"type": "Feature", "geometry": {"type": "Point", "coordinates": [119.4358752, 32.4035294]}, "properties": {"id": -6647, "name": "市集", "kind": "市集", "category": "custom", "hours": "卯-酉", "group": "商市", "icon": "market"}}, {"type": "Feature", "geometry": {"type": "Point", "coordinates": [119.4272274, 32.3970247]}, "properties": {"id": -6648, "name": "市集", "kind": "市集", "category": "custom", "hours": "卯-酉", "group": "商市", "icon": "market"}}, {"type": "Feature", "geometry": {"type": "Point", "coordinates": [119.4367618, 32.3907424]}, "properties": {"id": -6649, "name": "瓦舍", "kind": "瓦舍", "category": "custom", "hours": "酉-丑", "group": "百戏娱乐", "icon": "theater"}}, {"type": "Feature", "geometry": {"type": "Point", "coordinates": [119.4393647, 32.3944336]}, "properties": {"id": -6650, "name": "义玉医馆", "kind": "医馆", "category": "custom", "hours": "卯-酉", "group": "医药", "icon": "med"}}, {"type": "Feature", "geometry": {"type": "Point", "coordinates": [119.4421582, 32.3979064]}, "properties": {"id": -6651, "name": "德景当铺", "kind": "当铺", "category": "custom", "hours": "卯-酉", "group": "金融", "icon": "pawn"}}, {"type": "Feature", "geometry": {"type": "Point", "coordinates": [119.424654, 32.4031685]}, "properties": {"id": -6652, "name": "泰福园", "kind": "园", "category": "custom", "hours": "全天", "group": "游乐", "icon": "garden"}}, {"type": "Feature", "geometry": {"type": "Point", "coordinates": [119.4315448, 32.4038748]}, "properties": {"id": -6653, "name": "书场", "kind": "书场", "category": "custom", "hours": "午-子", "group": "百戏娱乐", "icon": "story"}}, {"type": "Feature", "geometry": {"type": "Point", "coordinates": [119.4260626, 32.4003684]}, "properties": {"id": -6654, "name": "梅丰州学", "kind": "州学", "category": "custom", "hours": "卯-申", "group": "文教", "icon": "academy"}}, {"type": "Feature", "geometry": {"type": "Point", "coordinates": [119.4327894, 32.40127]}, "properties": {"id": -6655, "name": "勾栏", "kind": "勾栏", "category": "custom", "hours": "酉-丑", "group": "百戏娱乐", "icon": "theater"}}, {"type": "Feature", "geometry": {"type": "Point", "coordinates": [119.43855, 32.402103]}, "properties": {"id": -6656, "name": "聚成饼铺", "kind": "饼铺", "category": "custom", "hours": "卯-酉", "group": "饮食", "icon": "shop"}}, {"type": "Feature", "geometry": {"type": "Point", "coordinates": [119.4342533, 32.4044478]}, "properties": {"id": -6657, "name": "瑞祥茶坊", "kind": "茶坊", "category": "custom", "hours": "卯-酉", "group": "饮食", "icon": "tea"}}, {"type": "Feature", "geometry": {"type": "Point", "coordinates": [119.4338319, 32.3851078]}, "properties": {"id": -6658, "name": "迎昌当铺", "kind": "当铺", "category": "custom", "hours": "卯-酉", "group": "金融", "icon": "pawn"}}, {"type": "Feature", "geometry": {"type": "Point", "coordinates": [119.4426789, 32.3871077]}, "properties": {"id": -6659, "name": "迎兴药铺", "kind": "药铺", "category": "custom", "hours": "卯-酉", "group": "医药", "icon": "med"}}, {"type": "Feature", "geometry": {"type": "Point", "coordinates": [119.4306691, 32.3860706]}, "properties": {"id": -6660, "name": "升义书院", "kind": "书院", "category": "custom", "hours": "卯-申", "group": "文教", "icon": "academy"}}, {"type": "Feature", "geometry": {"type": "Point", "coordinates": [119.4453199, 32.4035476]}, "properties": {"id": -6661, "name": "务济钱铺", "kind": "钱铺", "category": "custom", "hours": "卯-酉", "group": "金融", "icon": "money"}}, {"type": "Feature", "geometry": {"type": "Point", "coordinates": [119.427632, 32.4022256]}, "properties": {"id": -6662, "name": "广华药铺", "kind": "药铺", "category": "custom", "hours": "卯-酉", "group": "医药", "icon": "med"}}, {"type": "Feature", "geometry": {"type": "Point", "coordinates": [119.4394977, 32.3894787]}, "properties": {"id": -6663, "name": "积元绸缎庄", "kind": "绸缎庄", "category": "custom", "hours": "卯-酉", "group": "商市", "icon": "textile"}}, {"type": "Feature", "geometry": {"type": "Point", "coordinates": [119.4275685, 32.3884746]}, "properties": {"id": -6664, "name": "文和绸缎庄", "kind": "绸缎庄", "category": "custom", "hours": "卯-酉", "group": "商市", "icon": "textile"}}, {"type": "Feature", "geometry": {"type": "Point", "coordinates": [119.4403885, 32.3974226]}, "properties": {"id": -6665, "name": "庆昌钱铺", "kind": "钱铺", "category": "custom", "hours": "卯-酉", "group": "金融", "icon": "money"}}, {"type": "Feature", "geometry": {"type": "Point", "coordinates": [119.4280317, 32.3960872]}, "properties": {"id": -6666, "name": "积泰钱铺", "kind": "钱铺", "category": "custom", "hours": "卯-酉", "group": "金融", "icon": "money"}}, {"type": "Feature", "geometry": {"type": "Point", "coordinates": [119.432917, 32.4017274]}, "properties": {"id": -6667, "name": "积济酒楼", "kind": "酒楼", "category": "custom", "hours": "午-子", "group": "饮食", "icon": "tavern"}}, {"type": "Feature", "geometry": {"type": "Point", "coordinates": [119.4452671, 32.3842161]}, "properties": {"id": -6668, "name": "仁景酒楼", "kind": "酒楼", "category": "custom", "hours": "午-子", "group": "饮食", "icon": "tavern"}}, {"type": "Feature", "geometry": {"type": "Point", "coordinates": [119.4303109, 32.3987501]}, "properties": {"id": -6669, "name": "文祥茶坊", "kind": "茶坊", "category": "custom", "hours": "卯-酉", "group": "饮食", "icon": "tea"}}, {"type": "Feature", "geometry": {"type": "Point", "coordinates": [119.436616, 32.3993214]}, "properties": {"id": -6670, "name": "敦景酒楼", "kind": "酒楼", "category": "custom", "hours": "午-子", "group": "饮食", "icon": "tavern"}}, {"type": "Feature", "geometry": {"type": "Point", "coordinates": [119.4446735, 32.3920986]}, "properties": {"id": -6671, "name": "和元医馆", "kind": "医馆", "category": "custom", "hours": "卯-酉", "group": "医药", "icon": "med"}}, {"type": "Feature", "geometry": {"type": "Point", "coordinates": [119.4400089, 32.3937577]}, "properties": {"id": -6672, "name": "竹德绸缎庄", "kind": "绸缎庄", "category": "custom", "hours": "卯-酉", "group": "商市", "icon": "textile"}}, {"type": "Feature", "geometry": {"type": "Point", "coordinates": [119.4251963, 32.3876827]}, "properties": {"id": -6673, "name": "竹成绸缎庄", "kind": "绸缎庄", "category": "custom", "hours": "卯-酉", "group": "商市", "icon": "textile"}}, {"type": "Feature", "geometry": {"type": "Point", "coordinates": [119.4389144, 32.3977573]}, "properties": {"id": -6674, "name": "怀隆棋馆", "kind": "棋馆", "category": "custom", "hours": "午-子", "group": "百戏娱乐", "icon": "go"}}, {"type": "Feature", "geometry": {"type": "Point", "coordinates": [119.4462218, 32.4015356]}, "properties": {"id": -6675, "name": "顺华酒肆", "kind": "酒肆", "category": "custom", "hours": "卯-酉", "group": "饮食", "icon": "tavern"}}, {"type": "Feature", "geometry": {"type": "Point", "coordinates": [119.4362317, 32.403298]}, "properties": {"id": -6676, "name": "昌顺绣坊", "kind": "绣坊", "category": "custom", "hours": "卯-酉", "group": "百工", "icon": "textile"}}, {"type": "Feature", "geometry": {"type": "Point", "coordinates": [119.4469908, 32.395877]}, "properties": {"id": -6677, "name": "巡检司", "kind": "巡检司", "category": "custom", "hours": "卯-申", "group": "官署", "icon": "office"}}, {"type": "Feature", "geometry": {"type": "Point", "coordinates": [119.4403767, 32.3994196]}, "properties": {"id": -6678, "name": "文来客栈", "kind": "客栈", "category": "custom", "hours": "全天", "group": "行旅", "icon": "inn"}}, {"type": "Feature", "geometry": {"type": "Point", "coordinates": [119.4265467, 32.3935267]}, "properties": {"id": -6679, "name": "戏台", "kind": "戏台", "category": "custom", "hours": "午-子", "group": "百戏娱乐", "icon": "stage"}}, {"type": "Feature", "geometry": {"type": "Point", "coordinates": [119.4271352, 32.3916542]}, "properties": {"id": -6680, "name": "德平医馆", "kind": "医馆", "category": "custom", "hours": "卯-酉", "group": "医药", "icon": "med"}}, {"type": "Feature", "geometry": {"type": "Point", "coordinates": [119.4473798, 32.3934775]}, "properties": {"id": -6681, "name": "承景赌坊", "kind": "赌坊", "category": "custom", "hours": "午-子", "group": "市井娱乐", "icon": "gamble"}}, {"type": "Feature", "geometry": {"type": "Point", "coordinates": [119.4326263, 32.4009586]}, "properties": {"id": -6682, "name": "勾栏", "kind": "勾栏", "category": "custom", "hours": "酉-丑", "group": "百戏娱乐", "icon": "theater"}}, {"type": "Feature", "geometry": {"type": "Point", "coordinates": [119.4343079, 32.4016654]}, "properties": {"id": -6683, "name": "城隍庙", "kind": "城隍庙", "category": "custom", "hours": "卯-申", "group": "信仰", "icon": "shrine"}}, {"type": "Feature", "geometry": {"type": "Point", "coordinates": [119.4278398, 32.3894599]}, "properties": {"id": -6684, "name": "长平酒楼", "kind": "酒楼", "category": "custom", "hours": "午-子", "group": "饮食", "icon": "tavern"}}, {"type": "Feature", "geometry": {"type": "Point", "coordinates": [119.433554, 32.3860258]}, "properties": {"id": -6685, "name": "土地庙", "kind": "土地庙", "category": "custom", "hours": "卯-申", "group": "信仰", "icon": "shrine"}}, {"type": "Feature", "geometry": {"type": "Point", "coordinates": [119.4338535, 32.3894455]}, "properties": {"id": -6686, "name": "崇祥算命摊", "kind": "算命摊", "category": "custom", "hours": "卯-酉", "group": "百戏", "icon": "fortune"}}, {"type": "Feature", "geometry": {"type": "Point", "coordinates": [119.4289701, 32.3840211]}, "properties": {"id": -6687, "name": "市集", "kind": "市集", "category": "custom", "hours": "卯-酉", "group": "商市", "icon": "market"}}, {"type": "Feature", "geometry": {"type": "Point", "coordinates": [119.4426565, 32.3980423]}, "properties": {"id": -6688, "name": "聚华青楼", "kind": "青楼", "category": "custom", "hours": "酉-丑", "group": "风月", "icon": "qinglou"}}, {"type": "Feature", "geometry": {"type": "Point", "coordinates": [119.4274864, 32.3855333]}, "properties": {"id": -6689, "name": "观福客栈", "kind": "客栈", "category": "custom", "hours": "全天", "group": "行旅", "icon": "inn"}}, {"type": "Feature", "geometry": {"type": "Point", "coordinates": [119.4342812, 32.388696]}, "properties": {"id": -6690, "name": "迎福钱铺", "kind": "钱铺", "category": "custom", "hours": "卯-酉", "group": "金融", "icon": "money"}}, {"type": "Feature", "geometry": {"type": "Point", "coordinates": [119.4281528, 32.3991558]}, "properties": {"id": -6691, "name": "双聚酒楼", "kind": "酒楼", "category": "custom", "hours": "午-子", "group": "饮食", "icon": "tavern"}}, {"type": "Feature", "geometry": {"type": "Point", "coordinates": [119.4369373, 32.3884245]}, "properties": {"id": -6692, "name": "敦济教坊", "kind": "教坊", "category": "custom", "hours": "酉-丑", "group": "风月", "icon": "jiaofang"}}, {"type": "Feature", "geometry": {"type": "Point", "coordinates": [119.4425694, 32.4011349]}, "properties": {"id": -6693, "name": "怀义饼铺", "kind": "饼铺", "category": "custom", "hours": "卯-酉", "group": "饮食", "icon": "shop"}}, {"type": "Feature", "geometry": {"type": "Point", "coordinates": [119.444175, 32.3877776]}, "properties": {"id": -6694, "name": "万泰药铺", "kind": "药铺", "category": "custom", "hours": "卯-酉", "group": "医药", "icon": "med"}}, {"type": "Feature", "geometry": {"type": "Point", "coordinates": [119.4329979, 32.3997577]}, "properties": {"id": -6695, "name": "桂茂藏书楼", "kind": "藏书楼", "category": "custom", "hours": "卯-申", "group": "文教", "icon": "library"}}, {"type": "Feature", "geometry": {"type": "Point", "coordinates": [119.4291116, 32.3983664]}, "properties": {"id": -6696, "name": "莲兴酒楼", "kind": "酒楼", "category": "custom", "hours": "午-子", "group": "饮食", "icon": "tavern"}}, {"type": "Feature", "geometry": {"type": "Point", "coordinates": [119.4266902, 32.3867985]}, "properties": {"id": -6697, "name": "怀玉药铺", "kind": "药铺", "category": "custom", "hours": "卯-酉", "group": "医药", "icon": "med"}}, {"type": "Feature", "geometry": {"type": "Point", "coordinates": [119.4427397, 32.3908523]}, "properties": {"id": -6698, "name": "祥兴当铺", "kind": "当铺", "category": "custom", "hours": "卯-酉", "group": "金融", "icon": "pawn"}}, {"type": "Feature", "geometry": {"type": "Point", "coordinates": [119.4383294, 32.3887439]}, "properties": {"id": -6699, "name": "福和客栈", "kind": "客栈", "category": "custom", "hours": "全天", "group": "行旅", "icon": "inn"}}, {"type": "Feature", "geometry": {"type": "Point", "coordinates": [119.4366227, 32.3860874]}, "properties": {"id": -6700, "name": "福茂蒙馆", "kind": "蒙馆", "category": "custom", "hours": "卯-申", "group": "文教", "icon": "academy"}}, {"type": "Feature", "geometry": {"type": "Point", "coordinates": [119.4261507, 32.3982607]}, "properties": {"id": -6701, "name": "春隆算命摊", "kind": "算命摊", "category": "custom", "hours": "卯-酉", "group": "百戏", "icon": "fortune"}}, {"type": "Feature", "geometry": {"type": "Point", "coordinates": [119.4386661, 32.3981682]}, "properties": {"id": -6702, "name": "福瑞茶坊", "kind": "茶坊", "category": "custom", "hours": "卯-酉", "group": "饮食", "icon": "tea"}}, {"type": "Feature", "geometry": {"type": "Point", "coordinates": [119.4273413, 32.3983529]}, "properties": {"id": -6703, "name": "祥泰绸缎庄", "kind": "绸缎庄", "category": "custom", "hours": "卯-酉", "group": "商市", "icon": "textile"}}, {"type": "Feature", "geometry": {"type": "Point", "coordinates": [119.4431602, 32.3916875]}, "properties": {"id": -6704, "name": "聚盛赌坊", "kind": "赌坊", "category": "custom", "hours": "午-子", "group": "市井娱乐", "icon": "gamble"}}, {"type": "Feature", "geometry": {"type": "Point", "coordinates": [119.4479433, 32.3981055]}, "properties": {"id": -6705, "name": "万元赌坊", "kind": "赌坊", "category": "custom", "hours": "午-子", "group": "市井娱乐", "icon": "gamble"}}, {"type": "Feature", "geometry": {"type": "Point", "coordinates": [119.4383289, 32.3948783]}, "properties": {"id": -6706, "name": "开来药铺", "kind": "药铺", "category": "custom", "hours": "卯-酉", "group": "医药", "icon": "med"}}, {"type": "Feature", "geometry": {"type": "Point", "coordinates": [119.4321745, 32.3921089]}, "properties": {"id": -6707, "name": "梅平布行", "kind": "布行", "category": "custom", "hours": "卯-酉", "group": "商市", "icon": "textile"}}, {"type": "Feature", "geometry": {"type": "Point", "coordinates": [119.4323069, 32.3946922]}, "properties": {"id": -6708, "name": "瓦舍", "kind": "瓦舍", "category": "custom", "hours": "酉-丑", "group": "百戏娱乐", "icon": "theater"}}, {"type": "Feature", "geometry": {"type": "Point", "coordinates": [119.4245468, 32.3964473]}, "properties": {"id": -6709, "name": "瓦舍", "kind": "瓦舍", "category": "custom", "hours": "酉-丑", "group": "百戏娱乐", "icon": "theater"}}, {"type": "Feature", "geometry": {"type": "Point", "coordinates": [119.4399869, 32.3868499]}, "properties": {"id": -6710, "name": "清成棋馆", "kind": "棋馆", "category": "custom", "hours": "午-子", "group": "百戏娱乐", "icon": "go"}}, {"type": "Feature", "geometry": {"type": "Point", "coordinates": [119.4440096, 32.3942605]}, "properties": {"id": -6711, "name": "和兴茶坊", "kind": "茶坊", "category": "custom", "hours": "卯-酉", "group": "饮食", "icon": "tea"}}, {"type": "Feature", "geometry": {"type": "Point", "coordinates": [119.4438366, 32.3907938]}, "properties": {"id": -6712, "name": "广景酒楼", "kind": "酒楼", "category": "custom", "hours": "午-子", "group": "饮食", "icon": "tavern"}}, {"type": "Feature", "geometry": {"type": "Point", "coordinates": [119.4294766, 32.3858165]}, "properties": {"id": -6713, "name": "广平布行", "kind": "布行", "category": "custom", "hours": "卯-酉", "group": "商市", "icon": "textile"}}, {"type": "Feature", "geometry": {"type": "Point", "coordinates": [119.4441808, 32.4039832]}, "properties": {"id": -6714, "name": "戏台", "kind": "戏台", "category": "custom", "hours": "午-子", "group": "百戏娱乐", "icon": "stage"}}, {"type": "Feature", "geometry": {"type": "Point", "coordinates": [119.4294369, 32.3966313]}, "properties": {"id": -6715, "name": "兴华客栈", "kind": "客栈", "category": "custom", "hours": "全天", "group": "行旅", "icon": "inn"}}, {"type": "Feature", "geometry": {"type": "Point", "coordinates": [119.4385507, 32.4043009]}, "properties": {"id": -6716, "name": "务华金银铺", "kind": "金银铺", "category": "custom", "hours": "卯-酉", "group": "金融", "icon": "money"}}, {"type": "Feature", "geometry": {"type": "Point", "coordinates": [119.4392497, 32.3874885]}, "properties": {"id": -6717, "name": "巡检司", "kind": "巡检司", "category": "custom", "hours": "卯-申", "group": "官署", "icon": "office"}}, {"type": "Feature", "geometry": {"type": "Point", "coordinates": [119.426953, 32.3948287]}, "properties": {"id": -6718, "name": "莲成书院", "kind": "书院", "category": "custom", "hours": "卯-申", "group": "文教", "icon": "academy"}}, {"type": "Feature", "geometry": {"type": "Point", "coordinates": [119.4435304, 32.3895715]}, "properties": {"id": -6719, "name": "长乐绣坊", "kind": "绣坊", "category": "custom", "hours": "卯-酉", "group": "百工", "icon": "textile"}}, {"type": "Feature", "geometry": {"type": "Point", "coordinates": [119.4463664, 32.4000205]}, "properties": {"id": -6720, "name": "仁玉青楼", "kind": "青楼", "category": "custom", "hours": "酉-丑", "group": "风月", "icon": "qinglou"}}, {"type": "Feature", "geometry": {"type": "Point", "coordinates": [119.4352519, 32.3879558]}, "properties": {"id": -6721, "name": "通发金银铺", "kind": "金银铺", "category": "custom", "hours": "卯-酉", "group": "金融", "icon": "money"}}, {"type": "Feature", "geometry": {"type": "Point", "coordinates": [119.4474182, 32.4031644]}, "properties": {"id": -6722, "name": "瓦舍", "kind": "瓦舍", "category": "custom", "hours": "酉-丑", "group": "百戏娱乐", "icon": "theater"}}, {"type": "Feature", "geometry": {"type": "Point", "coordinates": [119.4276971, 32.3973904]}, "properties": {"id": -6723, "name": "城隍庙", "kind": "城隍庙", "category": "custom", "hours": "卯-申", "group": "信仰", "icon": "shrine"}}, {"type": "Feature", "geometry": {"type": "Point", "coordinates": [119.4334824, 32.3930603]}, "properties": {"id": -6724, "name": "康玉书院", "kind": "书院", "category": "custom", "hours": "卯-申", "group": "文教", "icon": "academy"}}, {"type": "Feature", "geometry": {"type": "Point", "coordinates": [119.4282599, 32.4021197]}, "properties": {"id": -6725, "name": "巡检司", "kind": "巡检司", "category": "custom", "hours": "卯-申", "group": "官署", "icon": "office"}}, {"type": "Feature", "geometry": {"type": "Point", "coordinates": [119.4376726, 32.3945204]}, "properties": {"id": -6726, "name": "观济绸缎庄", "kind": "绸缎庄", "category": "custom", "hours": "卯-酉", "group": "商市", "icon": "textile"}}, {"type": "Feature", "geometry": {"type": "Point", "coordinates": [119.4416496, 32.4033782]}, "properties": {"id": -6727, "name": "仁兴钱铺", "kind": "钱铺", "category": "custom", "hours": "卯-酉", "group": "金融", "icon": "money"}}, {"type": "Feature", "geometry": {"type": "Point", "coordinates": [119.4269561, 32.3933478]}, "properties": {"id": -6728, "name": "升兴食铺", "kind": "食铺", "category": "custom", "hours": "卯-酉", "group": "饮食", "icon": "food"}}, {"type": "Feature", "geometry": {"type": "Point", "coordinates": [119.4263992, 32.4018686]}, "properties": {"id": -6729, "name": "乐来绣坊", "kind": "绣坊", "category": "custom", "hours": "卯-酉", "group": "百工", "icon": "textile"}}, {"type": "Feature", "geometry": {"type": "Point", "coordinates": [119.440149, 32.388798]}, "properties": {"id": -6730, "name": "长盛客栈", "kind": "客栈", "category": "custom", "hours": "全天", "group": "行旅", "icon": "inn"}}, {"type": "Feature", "geometry": {"type": "Point", "coordinates": [119.4419014, 32.4004035]}, "properties": {"id": -6731, "name": "清安棋馆", "kind": "棋馆", "category": "custom", "hours": "午-子", "group": "百戏娱乐", "icon": "go"}}, {"type": "Feature", "geometry": {"type": "Point", "coordinates": [119.447683, 32.3970571]}, "properties": {"id": -6732, "name": "土地庙", "kind": "土地庙", "category": "custom", "hours": "卯-申", "group": "信仰", "icon": "shrine"}}, {"type": "Feature", "geometry": {"type": "Point", "coordinates": [119.4281323, 32.3861251]}, "properties": {"id": -6733, "name": "兴来香烛铺", "kind": "香烛铺", "category": "custom", "hours": "卯-酉", "group": "礼用", "icon": "incense"}}, {"type": "Feature", "geometry": {"type": "Point", "coordinates": [119.4411, 32.3928264]}, "properties": {"id": -6734, "name": "崇昌金银铺", "kind": "金银铺", "category": "custom", "hours": "卯-酉", "group": "金融", "icon": "money"}}, {"type": "Feature", "geometry": {"type": "Point", "coordinates": [119.4284046, 32.4014063]}, "properties": {"id": -6735, "name": "福顺茶坊", "kind": "茶坊", "category": "custom", "hours": "卯-酉", "group": "饮食", "icon": "tea"}}, {"type": "Feature", "geometry": {"type": "Point", "coordinates": [119.4328025, 32.3886203]}, "properties": {"id": -6736, "name": "书场", "kind": "书场", "category": "custom", "hours": "午-子", "group": "百戏娱乐", "icon": "story"}}, {"type": "Feature", "geometry": {"type": "Point", "coordinates": [119.4305489, 32.3936256]}, "properties": {"id": -6737, "name": "聚义算命摊", "kind": "算命摊", "category": "custom", "hours": "卯-酉", "group": "百戏", "icon": "fortune"}}, {"type": "Feature", "geometry": {"type": "Point", "coordinates": [119.4457726, 32.392937]}, "properties": {"id": -6738, "name": "福乐绣坊", "kind": "绣坊", "category": "custom", "hours": "卯-酉", "group": "百工", "icon": "textile"}}, {"type": "Feature", "geometry": {"type": "Point", "coordinates": [119.4461967, 32.3962259]}, "properties": {"id": -6739, "name": "文乐书坊", "kind": "书坊", "category": "custom", "hours": "卯-酉", "group": "文教", "icon": "library"}}, {"type": "Feature", "geometry": {"type": "Point", "coordinates": [119.4393611, 32.4005781]}, "properties": {"id": -6740, "name": "兴顺饼铺", "kind": "饼铺", "category": "custom", "hours": "卯-酉", "group": "饮食", "icon": "shop"}}, {"type": "Feature", "geometry": {"type": "Point", "coordinates": [119.4379056, 32.3887635]}, "properties": {"id": -6741, "name": "庆源茶坊", "kind": "茶坊", "category": "custom", "hours": "卯-酉", "group": "饮食", "icon": "tea"}}, {"type": "Feature", "geometry": {"type": "Point", "coordinates": [119.4358157, 32.3842704]}, "properties": {"id": -6742, "name": "清元酒肆", "kind": "酒肆", "category": "custom", "hours": "卯-酉", "group": "饮食", "icon": "tavern"}}, {"type": "Feature", "geometry": {"type": "Point", "coordinates": [119.4470665, 32.3979759]}, "properties": {"id": -6743, "name": "庆泰书坊", "kind": "书坊", "category": "custom", "hours": "卯-酉", "group": "文教", "icon": "library"}}, {"type": "Feature", "geometry": {"type": "Point", "coordinates": [119.4370318, 32.3958456]}, "properties": {"id": -6744, "name": "义宁药铺", "kind": "药铺", "category": "custom", "hours": "卯-酉", "group": "医药", "icon": "med"}}, {"type": "Feature", "geometry": {"type": "Point", "coordinates": [119.4327453, 32.3889697]}, "properties": {"id": -6745, "name": "聚发园", "kind": "园", "category": "custom", "hours": "全天", "group": "游乐", "icon": "garden"}}, {"type": "Feature", "geometry": {"type": "Point", "coordinates": [119.4470908, 32.3939826]}, "properties": {"id": -6746, "name": "瓦舍", "kind": "瓦舍", "category": "custom", "hours": "酉-丑", "group": "百戏娱乐", "icon": "theater"}}, {"type": "Feature", "geometry": {"type": "Point", "coordinates": [119.4297353, 32.3941525]}, "properties": {"id": -6747, "name": "广盛酒楼", "kind": "酒楼", "category": "custom", "hours": "午-子", "group": "饮食", "icon": "tavern"}}, {"type": "Feature", "geometry": {"type": "Point", "coordinates": [119.4305399, 32.3963797]}, "properties": {"id": -6748, "name": "顺瑞香烛铺", "kind": "香烛铺", "category": "custom", "hours": "卯-酉", "group": "礼用", "icon": "incense"}}, {"type": "Feature", "geometry": {"type": "Point", "coordinates": [119.4276159, 32.3990365]}, "properties": {"id": -6749, "name": "景瑞绣坊", "kind": "绣坊", "category": "custom", "hours": "卯-酉", "group": "百工", "icon": "textile"}}, {"type": "Feature", "geometry": {"type": "Point", "coordinates": [119.42787, 32.4011671]}, "properties": {"id": -6750, "name": "万成绸缎庄", "kind": "绸缎庄", "category": "custom", "hours": "卯-酉", "group": "商市", "icon": "textile"}}, {"type": "Feature", "geometry": {"type": "Point", "coordinates": [119.4380966, 32.3991947]}, "properties": {"id": -6751, "name": "义济算命摊", "kind": "算命摊", "category": "custom", "hours": "卯-酉", "group": "百戏", "icon": "fortune"}}, {"type": "Feature", "geometry": {"type": "Point", "coordinates": [119.437771, 32.3964255]}, "properties": {"id": -6752, "name": "义来园", "kind": "园", "category": "custom", "hours": "全天", "group": "游乐", "icon": "garden"}}, {"type": "Feature", "geometry": {"type": "Point", "coordinates": [119.4294075, 32.3973243]}, "properties": {"id": -6753, "name": "景丰医馆", "kind": "医馆", "category": "custom", "hours": "卯-酉", "group": "医药", "icon": "med"}}, {"type": "Feature", "geometry": {"type": "Point", "coordinates": [119.4259159, 32.4009857]}, "properties": {"id": -6754, "name": "仁顺算命摊", "kind": "算命摊", "category": "custom", "hours": "卯-酉", "group": "百戏", "icon": "fortune"}}, {"type": "Feature", "geometry": {"type": "Point", "coordinates": [119.4389551, 32.3906304]}, "properties": {"id": -6755, "name": "莲隆园", "kind": "园", "category": "custom", "hours": "全天", "group": "游乐", "icon": "garden"}}, {"type": "Feature", "geometry": {"type": "Point", "coordinates": [119.4473992, 32.3947613]}, "properties": {"id": -6756, "name": "景和酒肆", "kind": "酒肆", "category": "custom", "hours": "卯-酉", "group": "饮食", "icon": "tavern"}}, {"type": "Feature", "geometry": {"type": "Point", "coordinates": [119.4325228, 32.3908498]}, "properties": {"id": -6757, "name": "升来园", "kind": "园", "category": "custom", "hours": "全天", "group": "游乐", "icon": "garden"}}, {"type": "Feature", "geometry": {"type": "Point", "coordinates": [119.4288905, 32.3876771]}, "properties": {"id": -6758, "name": "惠民药局", "kind": "惠民药局", "category": "custom", "hours": "卯-酉", "group": "医药", "icon": "med"}}, {"type": "Feature", "geometry": {"type": "Point", "coordinates": [119.4302519, 32.3896538]}, "properties": {"id": -6759, "name": "泰平酒楼", "kind": "酒楼", "category": "custom", "hours": "午-子", "group": "饮食", "icon": "tavern"}}, {"type": "Feature", "geometry": {"type": "Point", "coordinates": [119.444533, 32.3946391]}, "properties": {"id": -6760, "name": "敦元客栈", "kind": "客栈", "category": "custom", "hours": "全天", "group": "行旅", "icon": "inn"}}, {"type": "Feature", "geometry": {"type": "Point", "coordinates": [119.4461859, 32.3891723]}, "properties": {"id": -6761, "name": "瓦舍", "kind": "瓦舍", "category": "custom", "hours": "酉-丑", "group": "百戏娱乐", "icon": "theater"}}, {"type": "Feature", "geometry": {"type": "Point", "coordinates": [119.4389582, 32.4020412]}, "properties": {"id": -6762, "name": "莲源书坊", "kind": "书坊", "category": "custom", "hours": "卯-酉", "group": "文教", "icon": "library"}}, {"type": "Feature", "geometry": {"type": "Point", "coordinates": [119.4306002, 32.3929164]}, "properties": {"id": -6763, "name": "泰景酒楼", "kind": "酒楼", "category": "custom", "hours": "午-子", "group": "饮食", "icon": "tavern"}}, {"type": "Feature", "geometry": {"type": "Point", "coordinates": [119.4446613, 32.3876835]}, "properties": {"id": -6764, "name": "开义酒肆", "kind": "酒肆", "category": "custom", "hours": "卯-酉", "group": "饮食", "icon": "tavern"}}, {"type": "Feature", "geometry": {"type": "Point", "coordinates": [119.4286591, 32.3991143]}, "properties": {"id": -6765, "name": "金宁饼铺", "kind": "饼铺", "category": "custom", "hours": "卯-酉", "group": "饮食", "icon": "shop"}}, {"type": "Feature", "geometry": {"type": "Point", "coordinates": [119.4262242, 32.395341]}, "properties": {"id": -6766, "name": "土地庙", "kind": "土地庙", "category": "custom", "hours": "卯-申", "group": "信仰", "icon": "shrine"}}, {"type": "Feature", "geometry": {"type": "Point", "coordinates": [119.4275808, 32.3850567]}, "properties": {"id": -6767, "name": "金祥客栈", "kind": "客栈", "category": "custom", "hours": "全天", "group": "行旅", "icon": "inn"}}, {"type": "Feature", "geometry": {"type": "Point", "coordinates": [119.4366644, 32.3924579]}, "properties": {"id": -6768, "name": "巡检司", "kind": "巡检司", "category": "custom", "hours": "卯-申", "group": "官署", "icon": "office"}}, {"type": "Feature", "geometry": {"type": "Point", "coordinates": [119.4424019, 32.3951525]}, "properties": {"id": -6769, "name": "勾栏", "kind": "勾栏", "category": "custom", "hours": "酉-丑", "group": "百戏娱乐", "icon": "theater"}}, {"type": "Feature", "geometry": {"type": "Point", "coordinates": [119.4319042, 32.3980118]}, "properties": {"id": -6770, "name": "瓦舍", "kind": "瓦舍", "category": "custom", "hours": "酉-丑", "group": "百戏娱乐", "icon": "theater"}}, {"type": "Feature", "geometry": {"type": "Point", "coordinates": [119.4306414, 32.3981529]}, "properties": {"id": -6771, "name": "戏台", "kind": "戏台", "category": "custom", "hours": "午-子", "group": "百戏娱乐", "icon": "stage"}}, {"type": "Feature", "geometry": {"type": "Point", "coordinates": [119.4338597, 32.4037736]}, "properties": {"id": -6772, "name": "长祥食铺", "kind": "食铺", "category": "custom", "hours": "卯-酉", "group": "饮食", "icon": "food"}}, {"type": "Feature", "geometry": {"type": "Point", "coordinates": [119.4478222, 32.3908352]}, "properties": {"id": -6773, "name": "瓦舍", "kind": "瓦舍", "category": "custom", "hours": "酉-丑", "group": "百戏娱乐", "icon": "theater"}}, {"type": "Feature", "geometry": {"type": "Point", "coordinates": [119.4319192, 32.3911368]}, "properties": {"id": -6774, "name": "万祥赌坊", "kind": "赌坊", "category": "custom", "hours": "午-子", "group": "市井娱乐", "icon": "gamble"}}, {"type": "Feature", "geometry": {"type": "Point", "coordinates": [119.4313616, 32.3873366]}, "properties": {"id": -6775, "name": "积福医馆", "kind": "医馆", "category": "custom", "hours": "卯-酉", "group": "医药", "icon": "med"}}, {"type": "Feature", "geometry": {"type": "Point", "coordinates": [119.4374533, 32.3996471]}, "properties": {"id": -6776, "name": "巡检司", "kind": "巡检司", "category": "custom", "hours": "卯-申", "group": "官署", "icon": "office"}}, {"type": "Feature", "geometry": {"type": "Point", "coordinates": [119.4309868, 32.3920289]}, "properties": {"id": -6777, "name": "广茂书院", "kind": "书院", "category": "custom", "hours": "卯-申", "group": "文教", "icon": "academy"}}, {"type": "Feature", "geometry": {"type": "Point", "coordinates": [119.4386543, 32.3840541]}, "properties": {"id": -6778, "name": "双祥蒙馆", "kind": "蒙馆", "category": "custom", "hours": "卯-申", "group": "文教", "icon": "academy"}}, {"type": "Feature", "geometry": {"type": "Point", "coordinates": [119.4285439, 32.3930492]}, "properties": {"id": -6779, "name": "市集", "kind": "市集", "category": "custom", "hours": "卯-酉", "group": "商市", "icon": "market"}}, {"type": "Feature", "geometry": {"type": "Point", "coordinates": [119.429903, 32.391384]}, "properties": {"id": -6780, "name": "同乐客栈", "kind": "客栈", "category": "custom", "hours": "全天", "group": "行旅", "icon": "inn"}}, {"type": "Feature", "geometry": {"type": "Point", "coordinates": [119.4360408, 32.390164]}, "properties": {"id": -6781, "name": "土地庙", "kind": "土地庙", "category": "custom", "hours": "卯-申", "group": "信仰", "icon": "shrine"}}, {"type": "Feature", "geometry": {"type": "Point", "coordinates": [119.4353617, 32.3936167]}, "properties": {"id": -6782, "name": "昌来蒙馆", "kind": "蒙馆", "category": "custom", "hours": "卯-申", "group": "文教", "icon": "academy"}}, {"type": "Feature", "geometry": {"type": "Point", "coordinates": [119.4463582, 32.3876913]}, "properties": {"id": -6783, "name": "竹祥赌坊", "kind": "赌坊", "category": "custom", "hours": "午-子", "group": "市井娱乐", "icon": "gamble"}}, {"type": "Feature", "geometry": {"type": "Point", "coordinates": [119.4271795, 32.4044882]}, "properties": {"id": -6784, "name": "市集", "kind": "市集", "category": "custom", "hours": "卯-酉", "group": "商市", "icon": "market"}}, {"type": "Feature", "geometry": {"type": "Point", "coordinates": [119.4379895, 32.3875499]}, "properties": {"id": -6785, "name": "仁华酒肆", "kind": "酒肆", "category": "custom", "hours": "卯-酉", "group": "饮食", "icon": "tavern"}}, {"type": "Feature", "geometry": {"type": "Point", "coordinates": [119.4326412, 32.385678]}, "properties": {"id": -6786, "name": "牢狱", "kind": "牢狱", "category": "custom", "hours": "全天", "group": "官署", "icon": "office"}}, {"type": "Feature", "geometry": {"type": "Point", "coordinates": [119.4267738, 32.399842]}, "properties": {"id": -6787, "name": "安玉书坊", "kind": "书坊", "category": "custom", "hours": "卯-酉", "group": "文教", "icon": "library"}}, {"type": "Feature", "geometry": {"type": "Point", "coordinates": [119.4320368, 32.4032337]}, "properties": {"id": -6788, "name": "竹德邸店", "kind": "邸店", "category": "custom", "hours": "全天", "group": "行旅", "icon": "inn"}}, {"type": "Feature", "geometry": {"type": "Point", "coordinates": [119.4414094, 32.3877022]}, "properties": {"id": -6789, "name": "康玉酒肆", "kind": "酒肆", "category": "custom", "hours": "卯-酉", "group": "饮食", "icon": "tavern"}}, {"type": "Feature", "geometry": {"type": "Point", "coordinates": [119.4319386, 32.3889985]}, "properties": {"id": -6790, "name": "瑞宁当铺", "kind": "当铺", "category": "custom", "hours": "卯-酉", "group": "金融", "icon": "pawn"}}, {"type": "Feature", "geometry": {"type": "Point", "coordinates": [119.4354855, 32.3954489]}, "properties": {"id": -6791, "name": "务丰酒楼", "kind": "酒楼", "category": "custom", "hours": "午-子", "group": "饮食", "icon": "tavern"}}, {"type": "Feature", "geometry": {"type": "Point", "coordinates": [119.4248118, 32.393292]}, "properties": {"id": -6792, "name": "正济酒肆", "kind": "酒肆", "category": "custom", "hours": "卯-酉", "group": "饮食", "icon": "tavern"}}, {"type": "Feature", "geometry": {"type": "Point", "coordinates": [119.4246625, 32.3923942]}, "properties": {"id": -6793, "name": "元乐园", "kind": "园", "category": "custom", "hours": "全天", "group": "游乐", "icon": "garden"}}, {"type": "Feature", "geometry": {"type": "Point", "coordinates": [119.4277625, 32.3839654]}, "properties": {"id": -6794, "name": "兴福酒楼", "kind": "酒楼", "category": "custom", "hours": "午-子", "group": "饮食", "icon": "tavern"}}, {"type": "Feature", "geometry": {"type": "Point", "coordinates": [119.4457556, 32.3932634]}, "properties": {"id": -6795, "name": "福乐茶坊", "kind": "茶坊", "category": "custom", "hours": "卯-酉", "group": "饮食", "icon": "tea"}}, {"type": "Feature", "geometry": {"type": "Point", "coordinates": [119.4370266, 32.4041065]}, "properties": {"id": -6796, "name": "万安客栈", "kind": "客栈", "category": "custom", "hours": "全天", "group": "行旅", "icon": "inn"}}, {"type": "Feature", "geometry": {"type": "Point", "coordinates": [119.432089, 32.4043352]}, "properties": {"id": -6797, "name": "清福医馆", "kind": "医馆", "category": "custom", "hours": "卯-酉", "group": "医药", "icon": "med"}}, {"type": "Feature", "geometry": {"type": "Point", "coordinates": [119.4278073, 32.3905603]}, "properties": {"id": -6798, "name": "善丰绸缎庄", "kind": "绸缎庄", "category": "custom", "hours": "卯-酉", "group": "商市", "icon": "textile"}}, {"type": "Feature", "geometry": {"type": "Point", "coordinates": [119.4278789, 32.3846217]}, "properties": {"id": -6799, "name": "瓦舍", "kind": "瓦舍", "category": "custom", "hours": "酉-丑", "group": "百戏娱乐", "icon": "theater"}}, {"type": "Feature", "geometry": {"type": "Point", "coordinates": [119.4377025, 32.4007932]}, "properties": {"id": -6800, "name": "开安酒楼", "kind": "酒楼", "category": "custom", "hours": "午-子", "group": "饮食", "icon": "tavern"}}, {"type": "Feature", "geometry": {"type": "Point", "coordinates": [119.4390431, 32.3893114]}, "properties": {"id": -6801, "name": "怀平茶坊", "kind": "茶坊", "category": "custom", "hours": "卯-酉", "group": "饮食", "icon": "tea"}}, {"type": "Feature", "geometry": {"type": "Point", "coordinates": [119.4456794, 32.3863277]}, "properties": {"id": -6802, "name": "善顺酒肆", "kind": "酒肆", "category": "custom", "hours": "卯-酉", "group": "饮食", "icon": "tavern"}}, {"type": "Feature", "geometry": {"type": "Point", "coordinates": [119.441347, 32.4037451]}, "properties": {"id": -6803, "name": "双和食铺", "kind": "食铺", "category": "custom", "hours": "卯-酉", "group": "饮食", "icon": "food"}}, {"type": "Feature", "geometry": {"type": "Point", "coordinates": [119.4428141, 32.3863562]}, "properties": {"id": -6804, "name": "城隍庙", "kind": "城隍庙", "category": "custom", "hours": "卯-申", "group": "信仰", "icon": "shrine"}}, {"type": "Feature", "geometry": {"type": "Point", "coordinates": [119.4387736, 32.3930984]}, "properties": {"id": -6805, "name": "乐隆医馆", "kind": "医馆", "category": "custom", "hours": "卯-酉", "group": "医药", "icon": "med"}}, {"type": "Feature", "geometry": {"type": "Point", "coordinates": [119.4291064, 32.3951825]}, "properties": {"id": -6806, "name": "昌茂医馆", "kind": "医馆", "category": "custom", "hours": "卯-酉", "group": "医药", "icon": "med"}}, {"type": "Feature", "geometry": {"type": "Point", "coordinates": [119.4369714, 32.3938401]}, "properties": {"id": -6807, "name": "祥平青楼", "kind": "青楼", "category": "custom", "hours": "酉-丑", "group": "风月", "icon": "qinglou"}}, {"type": "Feature", "geometry": {"type": "Point", "coordinates": [119.4394904, 32.3860061]}, "properties": {"id": -6808, "name": "承祥绸缎庄", "kind": "绸缎庄", "category": "custom", "hours": "卯-酉", "group": "商市", "icon": "textile"}}, {"type": "Feature", "geometry": {"type": "Point", "coordinates": [119.4328468, 32.3881291]}, "properties": {"id": -6809, "name": "长兴布行", "kind": "布行", "category": "custom", "hours": "卯-酉", "group": "商市", "icon": "textile"}}, {"type": "Feature", "geometry": {"type": "Point", "coordinates": [119.4457304, 32.4004068]}, "properties": {"id": -6810, "name": "惠民药局", "kind": "惠民药局", "category": "custom", "hours": "卯-酉", "group": "医药", "icon": "med"}}, {"type": "Feature", "geometry": {"type": "Point", "coordinates": [119.4347816, 32.3987556]}, "properties": {"id": -6811, "name": "务宁食铺", "kind": "食铺", "category": "custom", "hours": "卯-酉", "group": "饮食", "icon": "food"}}, {"type": "Feature", "geometry": {"type": "Point", "coordinates": [119.4387963, 32.3988149]}, "properties": {"id": -6812, "name": "万义茶坊", "kind": "茶坊", "category": "custom", "hours": "卯-酉", "group": "饮食", "icon": "tea"}}, {"type": "Feature", "geometry": {"type": "Point", "coordinates": [119.4473545, 32.4023044]}, "properties": {"id": -6813, "name": "善聚邸店", "kind": "邸店", "category": "custom", "hours": "全天", "group": "行旅", "icon": "inn"}}, {"type": "Feature", "geometry": {"type": "Point", "coordinates": [119.4365157, 32.4020587]}, "properties": {"id": -6814, "name": "清华药铺", "kind": "药铺", "category": "custom", "hours": "卯-酉", "group": "医药", "icon": "med"}}, {"type": "Feature", "geometry": {"type": "Point", "coordinates": [119.43826, 32.3840684]}, "properties": {"id": -6815, "name": "县衙", "kind": "县衙", "category": "custom", "hours": "卯-申", "group": "官署", "icon": "office"}}, {"type": "Feature", "geometry": {"type": "Point", "coordinates": [119.4378272, 32.383858]}, "properties": {"id": -6816, "name": "康宁蒙馆", "kind": "蒙馆", "category": "custom", "hours": "卯-申", "group": "文教", "icon": "academy"}}, {"type": "Feature", "geometry": {"type": "Point", "coordinates": [119.431817, 32.3864155]}, "properties": {"id": -6817, "name": "顺成书院", "kind": "书院", "category": "custom", "hours": "卯-申", "group": "文教", "icon": "academy"}}, {"type": "Feature", "geometry": {"type": "Point", "coordinates": [119.4345962, 32.3940799]}, "properties": {"id": -6818, "name": "敦发棋馆", "kind": "棋馆", "category": "custom", "hours": "午-子", "group": "百戏娱乐", "icon": "go"}}, {"type": "Feature", "geometry": {"type": "Point", "coordinates": [119.4474927, 32.4004594]}, "properties": {"id": -6819, "name": "承聚教坊", "kind": "教坊", "category": "custom", "hours": "酉-丑", "group": "风月", "icon": "jiaofang"}}, {"type": "Feature", "geometry": {"type": "Point", "coordinates": [119.4434369, 32.3946138]}, "properties": {"id": -6820, "name": "承元钱铺", "kind": "钱铺", "category": "custom", "hours": "卯-酉", "group": "金融", "icon": "money"}}, {"type": "Feature", "geometry": {"type": "Point", "coordinates": [119.4463444, 32.398089]}, "properties": {"id": -6821, "name": "和盛酒楼", "kind": "酒楼", "category": "custom", "hours": "午-子", "group": "饮食", "icon": "tavern"}}, {"type": "Feature", "geometry": {"type": "Point", "coordinates": [119.4304607, 32.3954932]}, "properties": {"id": -6822, "name": "善成蒙馆", "kind": "蒙馆", "category": "custom", "hours": "卯-申", "group": "文教", "icon": "academy"}}, {"type": "Feature", "geometry": {"type": "Point", "coordinates": [119.4277814, 32.3873968]}, "properties": {"id": -6823, "name": "祥源算命摊", "kind": "算命摊", "category": "custom", "hours": "卯-酉", "group": "百戏", "icon": "fortune"}}, {"type": "Feature", "geometry": {"type": "Point", "coordinates": [119.4423716, 32.4022457]}, "properties": {"id": -6824, "name": "福德饼铺", "kind": "饼铺", "category": "custom", "hours": "卯-酉", "group": "饮食", "icon": "shop"}}, {"type": "Feature", "geometry": {"type": "Point", "coordinates": [119.4282465, 32.4006102]}, "properties": {"id": -6825, "name": "戏台", "kind": "戏台", "category": "custom", "hours": "午-子", "group": "百戏娱乐", "icon": "stage"}}, {"type": "Feature", "geometry": {"type": "Point", "coordinates": [119.4448185, 32.3859074]}, "properties": {"id": -6826, "name": "梅景酒楼", "kind": "酒楼", "category": "custom", "hours": "午-子", "group": "饮食", "icon": "tavern"}}, {"type": "Feature", "geometry": {"type": "Point", "coordinates": [119.4385004, 32.3973269]}, "properties": {"id": -6827, "name": "桂源当铺", "kind": "当铺", "category": "custom", "hours": "卯-酉", "group": "金融", "icon": "pawn"}}, {"type": "Feature", "geometry": {"type": "Point", "coordinates": [119.4399263, 32.3905821]}, "properties": {"id": -6828, "name": "祥顺书坊", "kind": "书坊", "category": "custom", "hours": "卯-酉", "group": "文教", "icon": "library"}}, {"type": "Feature", "geometry": {"type": "Point", "coordinates": [119.4339286, 32.3974564]}, "properties": {"id": -6829, "name": "桂祥客栈", "kind": "客栈", "category": "custom", "hours": "全天", "group": "行旅", "icon": "inn"}}, {"type": "Feature", "geometry": {"type": "Point", "coordinates": [119.4450106, 32.3933975]}, "properties": {"id": -6830, "name": "昌德藏书楼", "kind": "藏书楼", "category": "custom", "hours": "卯-申", "group": "文教", "icon": "library"}}, {"type": "Feature", "geometry": {"type": "Point", "coordinates": [119.4414005, 32.3881925]}, "properties": {"id": -6831, "name": "务和赌坊", "kind": "赌坊", "category": "custom", "hours": "午-子", "group": "市井娱乐", "icon": "gamble"}}, {"type": "Feature", "geometry": {"type": "Point", "coordinates": [119.4316858, 32.3904114]}, "properties": {"id": -6832, "name": "土地庙", "kind": "土地庙", "category": "custom", "hours": "卯-申", "group": "信仰", "icon": "shrine"}}, {"type": "Feature", "geometry": {"type": "Point", "coordinates": [119.4421362, 32.3881035]}, "properties": {"id": -6833, "name": "安发客栈", "kind": "客栈", "category": "custom", "hours": "全天", "group": "行旅", "icon": "inn"}}, {"type": "Feature", "geometry": {"type": "Point", "coordinates": [119.431374, 32.3851537]}, "properties": {"id": -6834, "name": "通景青楼", "kind": "青楼", "category": "custom", "hours": "酉-丑", "group": "风月", "icon": "qinglou"}}, {"type": "Feature", "geometry": {"type": "Point", "coordinates": [119.4275216, 32.3934013]}, "properties": {"id": -6835, "name": "永隆蒙馆", "kind": "蒙馆", "category": "custom", "hours": "卯-申", "group": "文教", "icon": "academy"}}, {"type": "Feature", "geometry": {"type": "Point", "coordinates": [119.4377438, 32.3883903]}, "properties": {"id": -6836, "name": "广源客栈", "kind": "客栈", "category": "custom", "hours": "全天", "group": "行旅", "icon": "inn"}}, {"type": "Feature", "geometry": {"type": "Point", "coordinates": [119.4402414, 32.3957204]}, "properties": {"id": -6837, "name": "义乐州学", "kind": "州学", "category": "custom", "hours": "卯-申", "group": "文教", "icon": "academy"}}, {"type": "Feature", "geometry": {"type": "Point", "coordinates": [119.4323569, 32.385083]}, "properties": {"id": -6838, "name": "竹来布行", "kind": "布行", "category": "custom", "hours": "卯-酉", "group": "商市", "icon": "textile"}}, {"type": "Feature", "geometry": {"type": "Point", "coordinates": [119.4362452, 32.3958875]}, "properties": {"id": -6839, "name": "金昌医馆", "kind": "医馆", "category": "custom", "hours": "卯-酉", "group": "医药", "icon": "med"}}, {"type": "Feature", "geometry": {"type": "Point", "coordinates": [119.4264995, 32.390822]}, "properties": {"id": -6840, "name": "承和酒肆", "kind": "酒肆", "category": "custom", "hours": "卯-酉", "group": "饮食", "icon": "tavern"}}, {"type": "Feature", "geometry": {"type": "Point", "coordinates": [119.433497, 32.3936827]}, "properties": {"id": -6841, "name": "和福客栈", "kind": "客栈", "category": "custom", "hours": "全天", "group": "行旅", "icon": "inn"}}, {"type": "Feature", "geometry": {"type": "Point", "coordinates": [119.4361652, 32.3839798]}, "properties": {"id": -6842, "name": "金祥邸店", "kind": "邸店", "category": "custom", "hours": "全天", "group": "行旅", "icon": "inn"}}, {"type": "Feature", "geometry": {"type": "Point", "coordinates": [119.4265601, 32.4023349]}, "properties": {"id": -6843, "name": "土地庙", "kind": "土地庙", "category": "custom", "hours": "卯-申", "group": "信仰", "icon": "shrine"}}, {"type": "Feature", "geometry": {"type": "Point", "coordinates": [119.4440864, 32.3936549]}, "properties": {"id": -6844, "name": "务来酒肆", "kind": "酒肆", "category": "custom", "hours": "卯-酉", "group": "饮食", "icon": "tavern"}}, {"type": "Feature", "geometry": {"type": "Point", "coordinates": [119.4250348, 32.4010497]}, "properties": {"id": -6845, "name": "城隍庙", "kind": "城隍庙", "category": "custom", "hours": "卯-申", "group": "信仰", "icon": "shrine"}}, {"type": "Feature", "geometry": {"type": "Point", "coordinates": [119.4288819, 32.3864937]}, "properties": {"id": -6846, "name": "怀盛书坊", "kind": "书坊", "category": "custom", "hours": "卯-酉", "group": "文教", "icon": "library"}}, {"type": "Feature", "geometry": {"type": "Point", "coordinates": [119.4458708, 32.3887172]}, "properties": {"id": -6847, "name": "祥义食铺", "kind": "食铺", "category": "custom", "hours": "卯-酉", "group": "饮食", "icon": "food"}}, {"type": "Feature", "geometry": {"type": "Point", "coordinates": [119.4411284, 32.3994531]}, "properties": {"id": -6848, "name": "元隆食铺", "kind": "食铺", "category": "custom", "hours": "卯-酉", "group": "饮食", "icon": "food"}}, {"type": "Feature", "geometry": {"type": "Point", "coordinates": [119.4355898, 32.3916033]}, "properties": {"id": -6849, "name": "元元棋馆", "kind": "棋馆", "category": "custom", "hours": "午-子", "group": "百戏娱乐", "icon": "go"}}, {"type": "Feature", "geometry": {"type": "Point", "coordinates": [119.4389804, 32.3860655]}, "properties": {"id": -6850, "name": "巡检司", "kind": "巡检司", "category": "custom", "hours": "卯-申", "group": "官署", "icon": "office"}}, {"type": "Feature", "geometry": {"type": "Point", "coordinates": [119.43265, 32.4034746]}, "properties": {"id": -6851, "name": "康熙药铺", "kind": "药铺", "category": "custom", "hours": "卯-酉", "group": "医药", "icon": "med"}}, {"type": "Feature", "geometry": {"type": "Point", "coordinates": [119.4384438, 32.4032738]}, "properties": {"id": -6852, "name": "竹济饼铺", "kind": "饼铺", "category": "custom", "hours": "卯-酉", "group": "饮食", "icon": "shop"}}, {"type": "Feature", "geometry": {"type": "Point", "coordinates": [119.4289611, 32.3888402]}, "properties": {"id": -6853, "name": "兴通书坊", "kind": "书坊", "category": "custom", "hours": "卯-酉", "group": "文教", "icon": "library"}}, {"type": "Feature", "geometry": {"type": "Point", "coordinates": [119.4431021, 32.3920944]}, "properties": {"id": -6854, "name": "万通香烛铺", "kind": "香烛铺", "category": "custom", "hours": "卯-酉", "group": "礼用", "icon": "incense"}}, {"type": "Feature", "geometry": {"type": "Point", "coordinates": [119.4249367, 32.3912816]}, "properties": {"id": -6855, "name": "同祥酒肆", "kind": "酒肆", "category": "custom", "hours": "卯-酉", "group": "饮食", "icon": "tavern"}}, {"type": "Feature", "geometry": {"type": "Point", "coordinates": [119.4247611, 32.3960075]}, "properties": {"id": -6856, "name": "积玉教坊", "kind": "教坊", "category": "custom", "hours": "酉-丑", "group": "风月", "icon": "jiaofang"}}, {"type": "Feature", "geometry": {"type": "Point", "coordinates": [119.4364818, 32.3969821]}, "properties": {"id": -6857, "name": "正平当铺", "kind": "当铺", "category": "custom", "hours": "卯-酉", "group": "金融", "icon": "pawn"}}, {"type": "Feature", "geometry": {"type": "Point", "coordinates": [119.4373954, 32.3839955]}, "properties": {"id": -6858, "name": "桂德绸缎庄", "kind": "绸缎庄", "category": "custom", "hours": "卯-酉", "group": "商市", "icon": "textile"}}, {"type": "Feature", "geometry": {"type": "Point", "coordinates": [119.4243233, 32.3909208]}, "properties": {"id": -6859, "name": "码头", "kind": "码头", "category": "custom", "hours": "全天", "group": "行旅", "icon": "ferry"}}, {"type": "Feature", "geometry": {"type": "Point", "coordinates": [119.4249487, 32.4085616]}, "properties": {"id": -6860, "name": "渡口", "kind": "渡口", "category": "custom", "hours": "全天", "group": "行旅", "icon": "ferry"}}, {"type": "Feature", "geometry": {"type": "Point", "coordinates": [119.4320598, 32.3996138]}, "properties": {"id": -6861, "name": "桥", "kind": "桥", "category": "custom", "hours": "全天", "group": "行旅", "icon": "bridge"}}, {"type": "Feature", "geometry": {"type": "Point", "coordinates": [119.4269236, 32.4127304]}, "properties": {"id": -6862, "name": "梅乐茶坊", "kind": "茶坊", "category": "custom", "hours": "卯-酉", "group": "饮食", "icon": "tea"}}, {"type": "Feature", "geometry": {"type": "Point", "coordinates": [119.4251274, 32.4075751]}, "properties": {"id": -6863, "name": "迎乐画舫", "kind": "画舫", "category": "custom", "hours": "酉-丑", "group": "风月", "icon": "huafang"}}, {"type": "Feature", "geometry": {"type": "Point", "coordinates": [119.4245322, 32.3912053]}, "properties": {"id": -6864, "name": "迎乐茶坊", "kind": "茶坊", "category": "custom", "hours": "卯-酉", "group": "饮食", "icon": "tea"}}, {"type": "Feature", "geometry": {"type": "Point", "coordinates": [119.409511, 32.4071215]}, "properties": {"id": -6865, "name": "桂安酒肆", "kind": "酒肆", "category": "custom", "hours": "卯-酉", "group": "饮食", "icon": "tavern"}}, {"type": "Feature", "geometry": {"type": "Point", "coordinates": [119.4228395, 32.3860948]}, "properties": {"id": -6866, "name": "码头", "kind": "码头", "category": "custom", "hours": "全天", "group": "行旅", "icon": "ferry"}}, {"type": "Feature", "geometry": {"type": "Point", "coordinates": [119.4288077, 32.411951]}, "properties": {"id": -6867, "name": "乐茂食铺", "kind": "食铺", "category": "custom", "hours": "卯-酉", "group": "饮食", "icon": "food"}}, {"type": "Feature", "geometry": {"type": "Point", "coordinates": [119.4378791, 32.4004941]}, "properties": {"id": -6868, "name": "福安茶坊", "kind": "茶坊", "category": "custom", "hours": "卯-酉", "group": "饮食", "icon": "tea"}}, {"type": "Feature", "geometry": {"type": "Point", "coordinates": [119.4222557, 32.3868764]}, "properties": {"id": -6869, "name": "务发船行", "kind": "船行", "category": "custom", "hours": "全天", "group": "行旅", "icon": "boat"}}, {"type": "Feature", "geometry": {"type": "Point", "coordinates": [119.424371, 32.4078366]}, "properties": {"id": -6870, "name": "码头", "kind": "码头", "category": "custom", "hours": "全天", "group": "行旅", "icon": "ferry"}}, {"type": "Feature", "geometry": {"type": "Point", "coordinates": [119.4375202, 32.4027282]}, "properties": {"id": -6871, "name": "昌兴酒肆", "kind": "酒肆", "category": "custom", "hours": "卯-酉", "group": "饮食", "icon": "tavern"}}, {"type": "Feature", "geometry": {"type": "Point", "coordinates": [119.41214, 32.4042206]}, "properties": {"id": -6872, "name": "承华食铺", "kind": "食铺", "category": "custom", "hours": "卯-酉", "group": "饮食", "icon": "food"}}, {"type": "Feature", "geometry": {"type": "Point", "coordinates": [119.4451747, 32.4043981]}, "properties": {"id": -6873, "name": "渡口", "kind": "渡口", "category": "custom", "hours": "全天", "group": "行旅", "icon": "ferry"}}, {"type": "Feature", "geometry": {"type": "Point", "coordinates": [119.4225327, 32.408392]}, "properties": {"id": -6874, "name": "和通茶坊", "kind": "茶坊", "category": "custom", "hours": "卯-酉", "group": "饮食", "icon": "tea"}}, {"type": "Feature", "geometry": {"type": "Point", "coordinates": [119.4243372, 32.4060482]}, "properties": {"id": -6875, "name": "春盛画舫", "kind": "画舫", "category": "custom", "hours": "酉-丑", "group": "风月", "icon": "huafang"}}, {"type": "Feature", "geometry": {"type": "Point", "coordinates": [119.4262903, 32.4123447]}, "properties": {"id": -6876, "name": "迎元鱼行", "kind": "鱼行", "category": "custom", "hours": "卯-酉", "group": "商市", "icon": "food"}}, {"type": "Feature", "geometry": {"type": "Point", "coordinates": [119.4225354, 32.3882771]}, "properties": {"id": -6877, "name": "浮桥", "kind": "浮桥", "category": "custom", "hours": "全天", "group": "行旅", "icon": "bridge"}}, {"type": "Feature", "geometry": {"type": "Point", "coordinates": [119.4241635, 32.4065847]}, "properties": {"id": -6878, "name": "桥", "kind": "桥", "category": "custom", "hours": "全天", "group": "行旅", "icon": "bridge"}}, {"type": "Feature", "geometry": {"type": "Point", "coordinates": [119.4264312, 32.4061653]}, "properties": {"id": -6879, "name": "迎昌鱼行", "kind": "鱼行", "category": "custom", "hours": "卯-酉", "group": "商市", "icon": "food"}}, {"type": "Feature", "geometry": {"type": "Point", "coordinates": [119.413083, 32.3948435]}, "properties": {"id": -6880, "name": "双兴画舫", "kind": "画舫", "category": "custom", "hours": "酉-丑", "group": "风月", "icon": "huafang"}}, {"type": "Feature", "geometry": {"type": "Point", "coordinates": [119.4227218, 32.4077914]}, "properties": {"id": -6881, "name": "义德画舫", "kind": "画舫", "category": "custom", "hours": "酉-丑", "group": "风月", "icon": "huafang"}}, {"type": "Feature", "geometry": {"type": "Point", "coordinates": [119.4235382, 32.3849324]}, "properties": {"id": -6882, "name": "码头", "kind": "码头", "category": "custom", "hours": "全天", "group": "行旅", "icon": "ferry"}}, {"type": "Feature", "geometry": {"type": "Point", "coordinates": [119.42599, 32.4063818]}, "properties": {"id": -6883, "name": "文隆染坊", "kind": "染坊", "category": "custom", "hours": "卯-酉", "group": "百工", "icon": "dye"}}, {"type": "Feature", "geometry": {"type": "Point", "coordinates": [119.438075, 32.4026186]}, "properties": {"id": -6884, "name": "元义鱼行", "kind": "鱼行", "category": "custom", "hours": "卯-酉", "group": "商市", "icon": "food"}}, {"type": "Feature", "geometry": {"type": "Point", "coordinates": [119.4553712, 32.3791176]}, "properties": {"id": -6885, "name": "码头", "kind": "码头", "category": "custom", "hours": "全天", "group": "行旅", "icon": "ferry"}}, {"type": "Feature", "geometry": {"type": "Point", "coordinates": [119.4233449, 32.4059333]}, "properties": {"id": -6886, "name": "码头", "kind": "码头", "category": "custom", "hours": "全天", "group": "行旅", "icon": "ferry"}}, {"type": "Feature", "geometry": {"type": "Point", "coordinates": [119.4223328, 32.4010647]}, "properties": {"id": -6887, "name": "迎兴鱼行", "kind": "鱼行", "category": "custom", "hours": "卯-酉", "group": "商市", "icon": "food"}}, {"type": "Feature", "geometry": {"type": "Point", "coordinates": [119.4233205, 32.4074306]}, "properties": {"id": -6888, "name": "桥", "kind": "桥", "category": "custom", "hours": "全天", "group": "行旅", "icon": "bridge"}}, {"type": "Feature", "geometry": {"type": "Point", "coordinates": [119.4253218, 32.4082786]}, "properties": {"id": -6889, "name": "泰济酒肆", "kind": "酒肆", "category": "custom", "hours": "卯-酉", "group": "饮食", "icon": "tavern"}}, {"type": "Feature", "geometry": {"type": "Point", "coordinates": [119.4259107, 32.3842576]}, "properties": {"id": -6890, "name": "义源酒肆", "kind": "酒肆", "category": "custom", "hours": "卯-酉", "group": "饮食", "icon": "tavern"}}, {"type": "Feature", "geometry": {"type": "Point", "coordinates": [119.4249404, 32.4122302]}, "properties": {"id": -6891, "name": "兴隆茶坊", "kind": "茶坊", "category": "custom", "hours": "卯-酉", "group": "饮食", "icon": "tea"}}, {"type": "Feature", "geometry": {"type": "Point", "coordinates": [119.4435755, 32.4044203]}, "properties": {"id": -6892, "name": "渡口", "kind": "渡口", "category": "custom", "hours": "全天", "group": "行旅", "icon": "ferry"}}, {"type": "Feature", "geometry": {"type": "Point", "coordinates": [119.4327169, 32.3848661]}, "properties": {"id": -6893, "name": "渡口", "kind": "渡口", "category": "custom", "hours": "全天", "group": "行旅", "icon": "ferry"}}, {"type": "Feature", "geometry": {"type": "Point", "coordinates": [119.4473354, 32.4048894]}, "properties": {"id": -6894, "name": "康聚染坊", "kind": "染坊", "category": "custom", "hours": "卯-酉", "group": "百工", "icon": "dye"}}, {"type": "Feature", "geometry": {"type": "Point", "coordinates": [119.4228918, 32.4052196]}, "properties": {"id": -6895, "name": "务瑞茶坊", "kind": "茶坊", "category": "custom", "hours": "卯-酉", "group": "饮食", "icon": "tea"}}, {"type": "Feature", "geometry": {"type": "Point", "coordinates": [119.4248762, 32.4082007]}, "properties": {"id": -6896, "name": "怀隆鱼行", "kind": "鱼行", "category": "custom", "hours": "卯-酉", "group": "商市", "icon": "food"}}, {"type": "Feature", "geometry": {"type": "Point", "coordinates": [119.4257562, 32.4126221]}, "properties": {"id": -6897, "name": "怀源染坊", "kind": "染坊", "category": "custom", "hours": "卯-酉", "group": "百工", "icon": "dye"}}, {"type": "Feature", "geometry": {"type": "Point", "coordinates": [119.4287877, 32.4051092]}, "properties": {"id": -6898, "name": "码头", "kind": "码头", "category": "custom", "hours": "全天", "group": "行旅", "icon": "ferry"}}, {"type": "Feature", "geometry": {"type": "Point", "coordinates": [119.4269725, 32.4122876]}, "properties": {"id": -6899, "name": "德兴船行", "kind": "船行", "category": "custom", "hours": "全天", "group": "行旅", "icon": "boat"}}, {"type": "Feature", "geometry": {"type": "Point", "coordinates": [119.4220864, 32.4045467]}, "properties": {"id": -6900, "name": "浮桥", "kind": "浮桥", "category": "custom", "hours": "全天", "group": "行旅", "icon": "bridge"}}, {"type": "Feature", "geometry": {"type": "Point", "coordinates": [119.444094, 32.3873383]}, "properties": {"id": -6901, "name": "渡口", "kind": "渡口", "category": "custom", "hours": "全天", "group": "行旅", "icon": "ferry"}}, {"type": "Feature", "geometry": {"type": "Point", "coordinates": [119.4250886, 32.4115102]}, "properties": {"id": -6902, "name": "渡口", "kind": "渡口", "category": "custom", "hours": "全天", "group": "行旅", "icon": "ferry"}}, {"type": "Feature", "geometry": {"type": "Point", "coordinates": [119.4289761, 32.4063458]}, "properties": {"id": -6903, "name": "竹来染坊", "kind": "染坊", "category": "custom", "hours": "卯-酉", "group": "百工", "icon": "dye"}}, {"type": "Feature", "geometry": {"type": "Point", "coordinates": [119.4328497, 32.3972399]}, "properties": {"id": -6904, "name": "务元船行", "kind": "船行", "category": "custom", "hours": "全天", "group": "行旅", "icon": "boat"}}, {"type": "Feature", "geometry": {"type": "Point", "coordinates": [119.4249463, 32.3849897]}, "properties": {"id": -6905, "name": "金德鱼行", "kind": "鱼行", "category": "custom", "hours": "卯-酉", "group": "商市", "icon": "food"}}, {"type": "Feature", "geometry": {"type": "Point", "coordinates": [119.4599906, 32.3789913]}, "properties": {"id": -6906, "name": "迎丰食铺", "kind": "食铺", "category": "custom", "hours": "卯-酉", "group": "饮食", "icon": "food"}}, {"type": "Feature", "geometry": {"type": "Point", "coordinates": [119.4283854, 32.404499]}, "properties": {"id": -6907, "name": "景源酒肆", "kind": "酒肆", "category": "custom", "hours": "卯-酉", "group": "饮食", "icon": "tavern"}}, {"type": "Feature", "geometry": {"type": "Point", "coordinates": [119.4334626, 32.3867105]}, "properties": {"id": -6908, "name": "渡口", "kind": "渡口", "category": "custom", "hours": "全天", "group": "行旅", "icon": "ferry"}}, {"type": "Feature", "geometry": {"type": "Point", "coordinates": [119.4133151, 32.3921205]}, "properties": {"id": -6909, "name": "永茂食铺", "kind": "食铺", "category": "custom", "hours": "卯-酉", "group": "饮食", "icon": "food"}}, {"type": "Feature", "geometry": {"type": "Point", "coordinates": [119.4479196, 32.3955318]}, "properties": {"id": -6910, "name": "昌济染坊", "kind": "染坊", "category": "custom", "hours": "卯-酉", "group": "百工", "icon": "dye"}}, {"type": "Feature", "geometry": {"type": "Point", "coordinates": [119.4330264, 32.391749]}, "properties": {"id": -6911, "name": "双玉茶坊", "kind": "茶坊", "category": "custom", "hours": "卯-酉", "group": "饮食", "icon": "tea"}}, {"type": "Feature", "geometry": {"type": "Point", "coordinates": [119.4120395, 32.4087714]}, "properties": {"id": -6912, "name": "码头", "kind": "码头", "category": "custom", "hours": "全天", "group": "行旅", "icon": "ferry"}}, {"type": "Feature", "geometry": {"type": "Point", "coordinates": [119.4225086, 32.3855964]}, "properties": {"id": -6913, "name": "桥", "kind": "桥", "category": "custom", "hours": "全天", "group": "行旅", "icon": "bridge"}}, {"type": "Feature", "geometry": {"type": "Point", "coordinates": [119.4235398, 32.4054465]}, "properties": {"id": -6914, "name": "文瑞鱼行", "kind": "鱼行", "category": "custom", "hours": "卯-酉", "group": "商市", "icon": "food"}}, {"type": "Feature", "geometry": {"type": "Point", "coordinates": [119.4332553, 32.3848841]}, "properties": {"id": -6915, "name": "聚德染坊", "kind": "染坊", "category": "custom", "hours": "卯-酉", "group": "百工", "icon": "dye"}}, {"type": "Feature", "geometry": {"type": "Point", "coordinates": [119.4432566, 32.387649]}, "properties": {"id": -6916, "name": "敦通鱼行", "kind": "鱼行", "category": "custom", "hours": "卯-酉", "group": "商市", "icon": "food"}}, {"type": "Feature", "geometry": {"type": "Point", "coordinates": [119.4240238, 32.4070855]}, "properties": {"id": -6917, "name": "昌茂画舫", "kind": "画舫", "category": "custom", "hours": "酉-丑", "group": "风月", "icon": "huafang"}}, {"type": "Feature", "geometry": {"type": "Point", "coordinates": [119.4239268, 32.3837592]}, "properties": {"id": -6918, "name": "庆源鱼行", "kind": "鱼行", "category": "custom", "hours": "卯-酉", "group": "商市", "icon": "food"}}, {"type": "Feature", "geometry": {"type": "Point", "coordinates": [119.4543866, 32.3785625]}, "properties": {"id": -6919, "name": "浮桥", "kind": "浮桥", "category": "custom", "hours": "全天", "group": "行旅", "icon": "bridge"}}, {"type": "Feature", "geometry": {"type": "Point", "coordinates": [119.4218927, 32.3963476]}, "properties": {"id": -6920, "name": "浮桥", "kind": "浮桥", "category": "custom", "hours": "全天", "group": "行旅", "icon": "bridge"}}, {"type": "Feature", "geometry": {"type": "Point", "coordinates": [119.4221308, 32.3937417]}, "properties": {"id": -6921, "name": "桥", "kind": "桥", "category": "custom", "hours": "全天", "group": "行旅", "icon": "bridge"}}, {"type": "Feature", "geometry": {"type": "Point", "coordinates": [119.4216862, 32.4046425]}, "properties": {"id": -6922, "name": "竹兴画舫", "kind": "画舫", "category": "custom", "hours": "酉-丑", "group": "风月", "icon": "huafang"}}, {"type": "Feature", "geometry": {"type": "Point", "coordinates": [119.4226328, 32.405862]}, "properties": {"id": -6923, "name": "桥", "kind": "桥", "category": "custom", "hours": "全天", "group": "行旅", "icon": "bridge"}}, {"type": "Feature", "geometry": {"type": "Point", "coordinates": [119.4513381, 32.3776274]}, "properties": {"id": -6924, "name": "浮桥", "kind": "浮桥", "category": "custom", "hours": "全天", "group": "行旅", "icon": "bridge"}}, {"type": "Feature", "geometry": {"type": "Point", "coordinates": [119.431137, 32.4022122]}, "properties": {"id": -6925, "name": "渡口", "kind": "渡口", "category": "custom", "hours": "全天", "group": "行旅", "icon": "ferry"}}, {"type": "Feature", "geometry": {"type": "Point", "coordinates": [119.4251027, 32.4066981]}, "properties": {"id": -6926, "name": "积顺染坊", "kind": "染坊", "category": "custom", "hours": "卯-酉", "group": "百工", "icon": "dye"}}, {"type": "Feature", "geometry": {"type": "Point", "coordinates": [119.4464628, 32.3760298]}, "properties": {"id": -6927, "name": "祥元食铺", "kind": "食铺", "category": "custom", "hours": "卯-酉", "group": "饮食", "icon": "food"}}, {"type": "Feature", "geometry": {"type": "Point", "coordinates": [119.4172356, 32.4066622]}, "properties": {"id": -6928, "name": "通安茶坊", "kind": "茶坊", "category": "custom", "hours": "卯-酉", "group": "饮食", "icon": "tea"}}, {"type": "Feature", "geometry": {"type": "Point", "coordinates": [119.4343622, 32.4128735]}, "properties": {"id": -6929, "name": "元昌鱼行", "kind": "鱼行", "category": "custom", "hours": "卯-酉", "group": "商市", "icon": "food"}}, {"type": "Feature", "geometry": {"type": "Point", "coordinates": [119.4260315, 32.4074175]}, "properties": {"id": -6930, "name": "码头", "kind": "码头", "category": "custom", "hours": "全天", "group": "行旅", "icon": "ferry"}}, {"type": "Feature", "geometry": {"type": "Point", "coordinates": [119.4481987, 32.3840085]}, "properties": {"id": -6931, "name": "广昌染坊", "kind": "染坊", "category": "custom", "hours": "卯-酉", "group": "百工", "icon": "dye"}}, {"type": "Feature", "geometry": {"type": "Point", "coordinates": [119.4254341, 32.4029045]}, "properties": {"id": -6932, "name": "码头", "kind": "码头", "category": "custom", "hours": "全天", "group": "行旅", "icon": "ferry"}}, {"type": "Feature", "geometry": {"type": "Point", "coordinates": [119.4166105, 32.4064863]}, "properties": {"id": -6933, "name": "安兴画舫", "kind": "画舫", "category": "custom", "hours": "酉-丑", "group": "风月", "icon": "huafang"}}, {"type": "Feature", "geometry": {"type": "Point", "coordinates": [119.4230996, 32.4070096]}, "properties": {"id": -6934, "name": "金瑞画舫", "kind": "画舫", "category": "custom", "hours": "酉-丑", "group": "风月", "icon": "huafang"}}, {"type": "Feature", "geometry": {"type": "Point", "coordinates": [119.4290687, 32.4072698]}, "properties": {"id": -6935, "name": "浮桥", "kind": "浮桥", "category": "custom", "hours": "全天", "group": "行旅", "icon": "bridge"}}, {"type": "Feature", "geometry": {"type": "Point", "coordinates": [119.4290225, 32.4088744]}, "properties": {"id": -6936, "name": "春熙鱼行", "kind": "鱼行", "category": "custom", "hours": "卯-酉", "group": "商市", "icon": "food"}}, {"type": "Feature", "geometry": {"type": "Point", "coordinates": [119.4274603, 32.4125014]}, "properties": {"id": -6937, "name": "金玉染坊", "kind": "染坊", "category": "custom", "hours": "卯-酉", "group": "百工", "icon": "dye"}}, {"type": "Feature", "geometry": {"type": "Point", "coordinates": [119.4266537, 32.3745214]}, "properties": {"id": -6938, "name": "浮桥", "kind": "浮桥", "category": "custom", "hours": "全天", "group": "行旅", "icon": "bridge"}}, {"type": "Feature", "geometry": {"type": "Point", "coordinates": [119.4209659, 32.3833241]}, "properties": {"id": -6939, "name": "渡口", "kind": "渡口", "category": "custom", "hours": "全天", "group": "行旅", "icon": "ferry"}}, {"type": "Feature", "geometry": {"type": "Point", "coordinates": [119.4124778, 32.4085957]}, "properties": {"id": -6940, "name": "码头", "kind": "码头", "category": "custom", "hours": "全天", "group": "行旅", "icon": "ferry"}}, {"type": "Feature", "geometry": {"type": "Point", "coordinates": [119.4488239, 32.3929261]}, "properties": {"id": -6941, "name": "桥", "kind": "桥", "category": "custom", "hours": "全天", "group": "行旅", "icon": "bridge"}}, {"type": "Feature", "geometry": {"type": "Point", "coordinates": [119.433287, 32.4022871]}, "properties": {"id": -6942, "name": "祥茂鱼行", "kind": "鱼行", "category": "custom", "hours": "卯-酉", "group": "商市", "icon": "food"}}, {"type": "Feature", "geometry": {"type": "Point", "coordinates": [119.4134375, 32.3907023]}, "properties": {"id": -6943, "name": "开瑞画舫", "kind": "画舫", "category": "custom", "hours": "酉-丑", "group": "风月", "icon": "huafang"}}, {"type": "Feature", "geometry": {"type": "Point", "coordinates": [119.4333884, 32.3889435]}, "properties": {"id": -6944, "name": "正源酒肆", "kind": "酒肆", "category": "custom", "hours": "卯-酉", "group": "饮食", "icon": "tavern"}}, {"type": "Feature", "geometry": {"type": "Point", "coordinates": [119.4258929, 32.4138717]}, "properties": {"id": -6945, "name": "码头", "kind": "码头", "category": "custom", "hours": "全天", "group": "行旅", "icon": "ferry"}}, {"type": "Feature", "geometry": {"type": "Point", "coordinates": [119.4236236, 32.4024928]}, "properties": {"id": -6946, "name": "善丰食铺", "kind": "食铺", "category": "custom", "hours": "卯-酉", "group": "饮食", "icon": "food"}}, {"type": "Feature", "geometry": {"type": "Point", "coordinates": [119.4345003, 32.4025066]}, "properties": {"id": -6947, "name": "义茂船行", "kind": "船行", "category": "custom", "hours": "全天", "group": "行旅", "icon": "boat"}}, {"type": "Feature", "geometry": {"type": "Point", "coordinates": [119.4270292, 32.406366]}, "properties": {"id": -6948, "name": "永德鱼行", "kind": "鱼行", "category": "custom", "hours": "卯-酉", "group": "商市", "icon": "food"}}, {"type": "Feature", "geometry": {"type": "Point", "coordinates": [119.4120542, 32.4045864]}, "properties": {"id": -6949, "name": "浮桥", "kind": "浮桥", "category": "custom", "hours": "全天", "group": "行旅", "icon": "bridge"}}, {"type": "Feature", "geometry": {"type": "Point", "coordinates": [119.4236137, 32.4078315]}, "properties": {"id": -6950, "name": "渡口", "kind": "渡口", "category": "custom", "hours": "全天", "group": "行旅", "icon": "ferry"}}, {"type": "Feature", "geometry": {"type": "Point", "coordinates": [119.4493275, 32.3875304]}, "properties": {"id": -6951, "name": "码头", "kind": "码头", "category": "custom", "hours": "全天", "group": "行旅", "icon": "ferry"}}, {"type": "Feature", "geometry": {"type": "Point", "coordinates": [119.4215739, 32.4017503]}, "properties": {"id": -6952, "name": "怀盛画舫", "kind": "画舫", "category": "custom", "hours": "酉-丑", "group": "风月", "icon": "huafang"}}, {"type": "Feature", "geometry": {"type": "Point", "coordinates": [119.4319878, 32.4022137]}, "properties": {"id": -6953, "name": "桂来船行", "kind": "船行", "category": "custom", "hours": "全天", "group": "行旅", "icon": "boat"}}, {"type": "Feature", "geometry": {"type": "Point", "coordinates": [119.4254361, 32.4072299]}, "properties": {"id": -6954, "name": "正来鱼行", "kind": "鱼行", "category": "custom", "hours": "卯-酉", "group": "商市", "icon": "food"}}, {"type": "Feature", "geometry": {"type": "Point", "coordinates": [119.426104, 32.4143392]}, "properties": {"id": -6955, "name": "泰兴画舫", "kind": "画舫", "category": "custom", "hours": "酉-丑", "group": "风月", "icon": "huafang"}}, {"type": "Feature", "geometry": {"type": "Point", "coordinates": [119.4445774, 32.3755978]}, "properties": {"id": -6956, "name": "德熙食铺", "kind": "食铺", "category": "custom", "hours": "卯-酉", "group": "饮食", "icon": "food"}}, {"type": "Feature", "geometry": {"type": "Point", "coordinates": [119.4154039, 32.3851609]}, "properties": {"id": -6957, "name": "桥", "kind": "桥", "category": "custom", "hours": "全天", "group": "行旅", "icon": "bridge"}}, {"type": "Feature", "geometry": {"type": "Point", "coordinates": [119.4223121, 32.4053516]}, "properties": {"id": -6958, "name": "元安鱼行", "kind": "鱼行", "category": "custom", "hours": "卯-酉", "group": "商市", "icon": "food"}}, {"type": "Feature", "geometry": {"type": "Point", "coordinates": [119.4222793, 32.3934419]}, "properties": {"id": -6959, "name": "码头", "kind": "码头", "category": "custom", "hours": "全天", "group": "行旅", "icon": "ferry"}}, {"type": "Feature", "geometry": {"type": "Point", "coordinates": [119.4259377, 32.4069522]}, "properties": {"id": -6960, "name": "桥", "kind": "桥", "category": "custom", "hours": "全天", "group": "行旅", "icon": "bridge"}}, {"type": "Feature", "geometry": {"type": "Point", "coordinates": [119.4217033, 32.390583]}, "properties": {"id": -6961, "name": "码头", "kind": "码头", "category": "custom", "hours": "全天", "group": "行旅", "icon": "ferry"}}, {"type": "Feature", "geometry": {"type": "Point", "coordinates": [119.432596, 32.4026558]}, "properties": {"id": -6962, "name": "务隆船行", "kind": "船行", "category": "custom", "hours": "全天", "group": "行旅", "icon": "boat"}}, {"type": "Feature", "geometry": {"type": "Point", "coordinates": [119.4477815, 32.3987877]}, "properties": {"id": -6963, "name": "桥", "kind": "桥", "category": "custom", "hours": "全天", "group": "行旅", "icon": "bridge"}}, {"type": "Feature", "geometry": {"type": "Point", "coordinates": [119.433493, 32.4027548]}, "properties": {"id": -6964, "name": "渡口", "kind": "渡口", "category": "custom", "hours": "全天", "group": "行旅", "icon": "ferry"}}, {"type": "Feature", "geometry": {"type": "Point", "coordinates": [119.4332943, 32.389379]}, "properties": {"id": -6965, "name": "码头", "kind": "码头", "category": "custom", "hours": "全天", "group": "行旅", "icon": "ferry"}}, {"type": "Feature", "geometry": {"type": "Point", "coordinates": [119.4451393, 32.418188]}, "properties": {"id": -6966, "name": "桥", "kind": "桥", "category": "custom", "hours": "全天", "group": "行旅", "icon": "bridge"}}, {"type": "Feature", "geometry": {"type": "Point", "coordinates": [119.460585, 32.3791095]}, "properties": {"id": -6967, "name": "桥", "kind": "桥", "category": "custom", "hours": "全天", "group": "行旅", "icon": "bridge"}}, {"type": "Feature", "geometry": {"type": "Point", "coordinates": [119.4452969, 32.3759454]}, "properties": {"id": -6968, "name": "浮桥", "kind": "浮桥", "category": "custom", "hours": "全天", "group": "行旅", "icon": "bridge"}}, {"type": "Feature", "geometry": {"type": "Point", "coordinates": [119.4284009, 32.3843558]}, "properties": {"id": -6969, "name": "码头", "kind": "码头", "category": "custom", "hours": "全天", "group": "行旅", "icon": "ferry"}}, {"type": "Feature", "geometry": {"type": "Point", "coordinates": [119.4267707, 32.3845604]}, "properties": {"id": -6970, "name": "渡口", "kind": "渡口", "category": "custom", "hours": "全天", "group": "行旅", "icon": "ferry"}}, {"type": "Feature", "geometry": {"type": "Point", "coordinates": [119.4305702, 32.402302]}, "properties": {"id": -6971, "name": "敦成画舫", "kind": "画舫", "category": "custom", "hours": "酉-丑", "group": "风月", "icon": "huafang"}}, {"type": "Feature", "geometry": {"type": "Point", "coordinates": [119.4198006, 32.385301]}, "properties": {"id": -6972, "name": "昌发食铺", "kind": "食铺", "category": "custom", "hours": "卯-酉", "group": "饮食", "icon": "food"}}, {"type": "Feature", "geometry": {"type": "Point", "coordinates": [119.4289954, 32.4084172]}, "properties": {"id": -6973, "name": "同泰茶坊", "kind": "茶坊", "category": "custom", "hours": "卯-酉", "group": "饮食", "icon": "tea"}}, {"type": "Feature", "geometry": {"type": "Point", "coordinates": [119.4131369, 32.3861346]}, "properties": {"id": -6974, "name": "祥景酒肆", "kind": "酒肆", "category": "custom", "hours": "卯-酉", "group": "饮食", "icon": "tavern"}}, {"type": "Feature", "geometry": {"type": "Point", "coordinates": [119.4287844, 32.4102312]}, "properties": {"id": -6975, "name": "金瑞鱼行", "kind": "鱼行", "category": "custom", "hours": "卯-酉", "group": "商市", "icon": "food"}}, {"type": "Feature", "geometry": {"type": "Point", "coordinates": [119.4229117, 32.4083267]}, "properties": {"id": -6976, "name": "桥", "kind": "桥", "category": "custom", "hours": "全天", "group": "行旅", "icon": "bridge"}}, {"type": "Feature", "geometry": {"type": "Point", "coordinates": [119.4215864, 32.3949173]}, "properties": {"id": -6977, "name": "同义染坊", "kind": "染坊", "category": "custom", "hours": "卯-酉", "group": "百工", "icon": "dye"}}, {"type": "Feature", "geometry": {"type": "Point", "coordinates": [119.4376775, 32.4133918]}, "properties": {"id": -6978, "name": "兴玉食铺", "kind": "食铺", "category": "custom", "hours": "卯-酉", "group": "饮食", "icon": "food"}}, {"type": "Feature", "geometry": {"type": "Point", "coordinates": [119.4132269, 32.3926421]}, "properties": {"id": -6979, "name": "浮桥", "kind": "浮桥", "category": "custom", "hours": "全天", "group": "行旅", "icon": "bridge"}}, {"type": "Feature", "geometry": {"type": "Point", "coordinates": [119.4133276, 32.393255]}, "properties": {"id": -6980, "name": "渡口", "kind": "渡口", "category": "custom", "hours": "全天", "group": "行旅", "icon": "ferry"}}, {"type": "Feature", "geometry": {"type": "Point", "coordinates": [119.442551, 32.3878795]}, "properties": {"id": -6981, "name": "安隆染坊", "kind": "染坊", "category": "custom", "hours": "卯-酉", "group": "百工", "icon": "dye"}}, {"type": "Feature", "geometry": {"type": "Point", "coordinates": [119.4289526, 32.4078972]}, "properties": {"id": -6982, "name": "桥", "kind": "桥", "category": "custom", "hours": "全天", "group": "行旅", "icon": "bridge"}}, {"type": "Feature", "geometry": {"type": "Point", "coordinates": [119.4646805, 32.3799154]}, "properties": {"id": -6983, "name": "码头", "kind": "码头", "category": "custom", "hours": "全天", "group": "行旅", "icon": "ferry"}}, {"type": "Feature", "geometry": {"type": "Point", "coordinates": [119.4126015, 32.3933009]}, "properties": {"id": -6984, "name": "浮桥", "kind": "浮桥", "category": "custom", "hours": "全天", "group": "行旅", "icon": "bridge"}}, {"type": "Feature", "geometry": {"type": "Point", "coordinates": [119.4715882, 32.3808224]}, "properties": {"id": -6985, "name": "桥", "kind": "桥", "category": "custom", "hours": "全天", "group": "行旅", "icon": "bridge"}}, {"type": "Feature", "geometry": {"type": "Point", "coordinates": [119.4334181, 32.3966423]}, "properties": {"id": -6986, "name": "崇福画舫", "kind": "画舫", "category": "custom", "hours": "酉-丑", "group": "风月", "icon": "huafang"}}, {"type": "Feature", "geometry": {"type": "Point", "coordinates": [119.4241533, 32.3913231]}, "properties": {"id": -6987, "name": "长昌茶坊", "kind": "茶坊", "category": "custom", "hours": "卯-酉", "group": "饮食", "icon": "tea"}}, {"type": "Feature", "geometry": {"type": "Point", "coordinates": [119.4224417, 32.4013731]}, "properties": {"id": -6988, "name": "渡口", "kind": "渡口", "category": "custom", "hours": "全天", "group": "行旅", "icon": "ferry"}}, {"type": "Feature", "geometry": {"type": "Point", "coordinates": [119.4223686, 32.3920947]}, "properties": {"id": -6989, "name": "务昌船行", "kind": "船行", "category": "custom", "hours": "全天", "group": "行旅", "icon": "boat"}}, {"type": "Feature", "geometry": {"type": "Point", "coordinates": [119.4128841, 32.4087704]}, "properties": {"id": -6990, "name": "正兴染坊", "kind": "染坊", "category": "custom", "hours": "卯-酉", "group": "百工", "icon": "dye"}}, {"type": "Feature", "geometry": {"type": "Point", "coordinates": [119.4235892, 32.4071393]}, "properties": {"id": -6991, "name": "安和画舫", "kind": "画舫", "category": "custom", "hours": "酉-丑", "group": "风月", "icon": "huafang"}}, {"type": "Feature", "geometry": {"type": "Point", "coordinates": [119.4278666, 32.3829813]}, "properties": {"id": -6992, "name": "码头", "kind": "码头", "category": "custom", "hours": "全天", "group": "行旅", "icon": "ferry"}}, {"type": "Feature", "geometry": {"type": "Point", "coordinates": [119.4135469, 32.3854637]}, "properties": {"id": -6993, "name": "承华鱼行", "kind": "鱼行", "category": "custom", "hours": "卯-酉", "group": "商市", "icon": "food"}}, {"type": "Feature", "geometry": {"type": "Point", "coordinates": [119.4242526, 32.4031498]}, "properties": {"id": -6994, "name": "浮桥", "kind": "浮桥", "category": "custom", "hours": "全天", "group": "行旅", "icon": "bridge"}}, {"type": "Feature", "geometry": {"type": "Point", "coordinates": [119.4263726, 32.4075899]}, "properties": {"id": -6995, "name": "开成画舫", "kind": "画舫", "category": "custom", "hours": "酉-丑", "group": "风月", "icon": "huafang"}}, {"type": "Feature", "geometry": {"type": "Point", "coordinates": [119.4390976, 32.4130111]}, "properties": {"id": -6996, "name": "渡口", "kind": "渡口", "category": "custom", "hours": "全天", "group": "行旅", "icon": "ferry"}}, {"type": "Feature", "geometry": {"type": "Point", "coordinates": [119.4579905, 32.3789193]}, "properties": {"id": -6997, "name": "莲元染坊", "kind": "染坊", "category": "custom", "hours": "卯-酉", "group": "百工", "icon": "dye"}}, {"type": "Feature", "geometry": {"type": "Point", "coordinates": [119.4226428, 32.408799]}, "properties": {"id": -6998, "name": "景景食铺", "kind": "食铺", "category": "custom", "hours": "卯-酉", "group": "饮食", "icon": "food"}}, {"type": "Feature", "geometry": {"type": "Point", "coordinates": [119.4229025, 32.407312]}, "properties": {"id": -6999, "name": "莲安画舫", "kind": "画舫", "category": "custom", "hours": "酉-丑", "group": "风月", "icon": "huafang"}}, {"type": "Feature", "geometry": {"type": "Point", "coordinates": [119.4236613, 32.4030732]}, "properties": {"id": -7000, "name": "万景酒肆", "kind": "酒肆", "category": "custom", "hours": "卯-酉", "group": "饮食", "icon": "tavern"}}, {"type": "Feature", "geometry": {"type": "Point", "coordinates": [119.4253502, 32.4078947]}, "properties": {"id": -7001, "name": "码头", "kind": "码头", "category": "custom", "hours": "全天", "group": "行旅", "icon": "ferry"}}, {"type": "Feature", "geometry": {"type": "Point", "coordinates": [119.4472496, 32.3767493]}, "properties": {"id": -7002, "name": "务泰染坊", "kind": "染坊", "category": "custom", "hours": "卯-酉", "group": "百工", "icon": "dye"}}, {"type": "Feature", "geometry": {"type": "Point", "coordinates": [119.4226171, 32.4021047]}, "properties": {"id": -7003, "name": "怀宁鱼行", "kind": "鱼行", "category": "custom", "hours": "卯-酉", "group": "商市", "icon": "food"}}, {"type": "Feature", "geometry": {"type": "Point", "coordinates": [119.4216706, 32.403584]}, "properties": {"id": -7004, "name": "码头", "kind": "码头", "category": "custom", "hours": "全天", "group": "行旅", "icon": "ferry"}}, {"type": "Feature", "geometry": {"type": "Point", "coordinates": [119.4117712, 32.4024812]}, "properties": {"id": -7005, "name": "永熙画舫", "kind": "画舫", "category": "custom", "hours": "酉-丑", "group": "风月", "icon": "huafang"}}, {"type": "Feature", "geometry": {"type": "Point", "coordinates": [119.4215831, 32.3998869]}, "properties": {"id": -7006, "name": "码头", "kind": "码头", "category": "custom", "hours": "全天", "group": "行旅", "icon": "ferry"}}, {"type": "Feature", "geometry": {"type": "Point", "coordinates": [119.4214765, 32.3965956]}, "properties": {"id": -7007, "name": "渡口", "kind": "渡口", "category": "custom", "hours": "全天", "group": "行旅", "icon": "ferry"}}, {"type": "Feature", "geometry": {"type": "Point", "coordinates": [119.4451895, 32.4048939]}, "properties": {"id": -7008, "name": "永来画舫", "kind": "画舫", "category": "custom", "hours": "酉-丑", "group": "风月", "icon": "huafang"}}, {"type": "Feature", "geometry": {"type": "Point", "coordinates": [119.4268137, 32.4072183]}, "properties": {"id": -7009, "name": "兴盛画舫", "kind": "画舫", "category": "custom", "hours": "酉-丑", "group": "风月", "icon": "huafang"}}, {"type": "Feature", "geometry": {"type": "Point", "coordinates": [119.420835, 32.3843031]}, "properties": {"id": -7010, "name": "观华船行", "kind": "船行", "category": "custom", "hours": "全天", "group": "行旅", "icon": "boat"}}, {"type": "Feature", "geometry": {"type": "Point", "coordinates": [119.4217987, 32.4070267]}, "properties": {"id": -7011, "name": "义乐画舫", "kind": "画舫", "category": "custom", "hours": "酉-丑", "group": "风月", "icon": "huafang"}}, {"type": "Feature", "geometry": {"type": "Point", "coordinates": [119.4244197, 32.4053609]}, "properties": {"id": -7012, "name": "码头", "kind": "码头", "category": "custom", "hours": "全天", "group": "行旅", "icon": "ferry"}}, {"type": "Feature", "geometry": {"type": "Point", "coordinates": [119.4233639, 32.4121472]}, "properties": {"id": -7013, "name": "同顺画舫", "kind": "画舫", "category": "custom", "hours": "酉-丑", "group": "风月", "icon": "huafang"}}, {"type": "Feature", "geometry": {"type": "Point", "coordinates": [119.4534779, 32.3782858]}, "properties": {"id": -7014, "name": "景成染坊", "kind": "染坊", "category": "custom", "hours": "卯-酉", "group": "百工", "icon": "dye"}}, {"type": "Feature", "geometry": {"type": "Point", "coordinates": [119.4230021, 32.4094614]}, "properties": {"id": -7015, "name": "莲成鱼行", "kind": "鱼行", "category": "custom", "hours": "卯-酉", "group": "商市", "icon": "food"}}, {"type": "Feature", "geometry": {"type": "Point", "coordinates": [119.4183521, 32.3848499]}, "properties": {"id": -7016, "name": "码头", "kind": "码头", "category": "custom", "hours": "全天", "group": "行旅", "icon": "ferry"}}, {"type": "Feature", "geometry": {"type": "Point", "coordinates": [119.4329188, 32.3907751]}, "properties": {"id": -7017, "name": "渡口", "kind": "渡口", "category": "custom", "hours": "全天", "group": "行旅", "icon": "ferry"}}, {"type": "Feature", "geometry": {"type": "Point", "coordinates": [119.4216769, 32.3921511]}, "properties": {"id": -7018, "name": "渡口", "kind": "渡口", "category": "custom", "hours": "全天", "group": "行旅", "icon": "ferry"}}, {"type": "Feature", "geometry": {"type": "Point", "coordinates": [119.4215474, 32.4023465]}, "properties": {"id": -7019, "name": "渡口", "kind": "渡口", "category": "custom", "hours": "全天", "group": "行旅", "icon": "ferry"}}, {"type": "Feature", "geometry": {"type": "Point", "coordinates": [119.4409194, 32.3843012]}, "properties": {"id": -7020, "name": "渡口", "kind": "渡口", "category": "custom", "hours": "全天", "group": "行旅", "icon": "ferry"}}, {"type": "Feature", "geometry": {"type": "Point", "coordinates": [119.4332998, 32.3863006]}, "properties": {"id": -7021, "name": "迎福染坊", "kind": "染坊", "category": "custom", "hours": "卯-酉", "group": "百工", "icon": "dye"}}, {"type": "Feature", "geometry": {"type": "Point", "coordinates": [119.4291301, 32.4097268]}, "properties": {"id": -7022, "name": "兴昌鱼行", "kind": "鱼行", "category": "custom", "hours": "卯-酉", "group": "商市", "icon": "food"}}, {"type": "Feature", "geometry": {"type": "Point", "coordinates": [119.4233704, 32.4094007]}, "properties": {"id": -7023, "name": "桥", "kind": "桥", "category": "custom", "hours": "全天", "group": "行旅", "icon": "bridge"}}, {"type": "Feature", "geometry": {"type": "Point", "coordinates": [119.4524817, 32.3785176]}, "properties": {"id": -7024, "name": "敦德鱼行", "kind": "鱼行", "category": "custom", "hours": "卯-酉", "group": "商市", "icon": "food"}}, {"type": "Feature", "geometry": {"type": "Point", "coordinates": [119.4306383, 32.4131795]}, "properties": {"id": -7025, "name": "文义画舫", "kind": "画舫", "category": "custom", "hours": "酉-丑", "group": "风月", "icon": "huafang"}}, {"type": "Feature", "geometry": {"type": "Point", "coordinates": [119.4124759, 32.3946912]}, "properties": {"id": -7026, "name": "码头", "kind": "码头", "category": "custom", "hours": "全天", "group": "行旅", "icon": "ferry"}}, {"type": "Feature", "geometry": {"type": "Point", "coordinates": [119.4226833, 32.3892394]}, "properties": {"id": -7027, "name": "正兴鱼行", "kind": "鱼行", "category": "custom", "hours": "卯-酉", "group": "商市", "icon": "food"}}, {"type": "Feature", "geometry": {"type": "Point", "coordinates": [119.419203, 32.4063911]}, "properties": {"id": -7028, "name": "渡口", "kind": "渡口", "category": "custom", "hours": "全天", "group": "行旅", "icon": "ferry"}}, {"type": "Feature", "geometry": {"type": "Point", "coordinates": [119.4108597, 32.40965]}, "properties": {"id": -7029, "name": "春聚画舫", "kind": "画舫", "category": "custom", "hours": "酉-丑", "group": "风月", "icon": "huafang"}}, {"type": "Feature", "geometry": {"type": "Point", "coordinates": [119.4119597, 32.4011059]}, "properties": {"id": -7030, "name": "长济画舫", "kind": "画舫", "category": "custom", "hours": "酉-丑", "group": "风月", "icon": "huafang"}}, {"type": "Feature", "geometry": {"type": "Point", "coordinates": [119.4711873, 32.3803503]}, "properties": {"id": -7031, "name": "渡口", "kind": "渡口", "category": "custom", "hours": "全天", "group": "行旅", "icon": "ferry"}}, {"type": "Feature", "geometry": {"type": "Point", "coordinates": [119.4464665, 32.4131161]}, "properties": {"id": -7032, "name": "景熙鱼行", "kind": "鱼行", "category": "custom", "hours": "卯-酉", "group": "商市", "icon": "food"}}, {"type": "Feature", "geometry": {"type": "Point", "coordinates": [119.4429653, 32.3745018]}, "properties": {"id": -7033, "name": "双通鱼行", "kind": "鱼行", "category": "custom", "hours": "卯-酉", "group": "商市", "icon": "food"}}, {"type": "Feature", "geometry": {"type": "Point", "coordinates": [119.4447332, 32.4042048]}, "properties": {"id": -7034, "name": "渡口", "kind": "渡口", "category": "custom", "hours": "全天", "group": "行旅", "icon": "ferry"}}, {"type": "Feature", "geometry": {"type": "Point", "coordinates": [119.4328424, 32.4132905]}, "properties": {"id": -7035, "name": "码头", "kind": "码头", "category": "custom", "hours": "全天", "group": "行旅", "icon": "ferry"}}, {"type": "Feature", "geometry": {"type": "Point", "coordinates": [119.4490146, 32.3774945]}, "properties": {"id": -7036, "name": "莲福船行", "kind": "船行", "category": "custom", "hours": "全天", "group": "行旅", "icon": "boat"}}, {"type": "Feature", "geometry": {"type": "Point", "coordinates": [119.4135507, 32.3891253]}, "properties": {"id": -7037, "name": "码头", "kind": "码头", "category": "custom", "hours": "全天", "group": "行旅", "icon": "ferry"}}, {"type": "Feature", "geometry": {"type": "Point", "coordinates": [119.439742, 32.4031116]}, "properties": {"id": -7038, "name": "浮桥", "kind": "浮桥", "category": "custom", "hours": "全天", "group": "行旅", "icon": "bridge"}}, {"type": "Feature", "geometry": {"type": "Point", "coordinates": [119.4286322, 32.4069221]}, "properties": {"id": -7039, "name": "桂华鱼行", "kind": "鱼行", "category": "custom", "hours": "卯-酉", "group": "商市", "icon": "food"}}, {"type": "Feature", "geometry": {"type": "Point", "coordinates": [119.4309382, 32.3848131]}, "properties": {"id": -7040, "name": "聚平酒肆", "kind": "酒肆", "category": "custom", "hours": "卯-酉", "group": "饮食", "icon": "tavern"}}, {"type": "Feature", "geometry": {"type": "Point", "coordinates": [119.4269111, 32.4141525]}, "properties": {"id": -7041, "name": "码头", "kind": "码头", "category": "custom", "hours": "全天", "group": "行旅", "icon": "ferry"}}, {"type": "Feature", "geometry": {"type": "Point", "coordinates": [119.4187479, 32.3737197]}, "properties": {"id": -7042, "name": "怀发客栈", "kind": "客栈", "category": "custom", "hours": "全天", "group": "行旅", "icon": "inn"}}, {"type": "Feature", "geometry": {"type": "Point", "coordinates": [119.4618036, 32.3965411]}, "properties": {"id": -7043, "name": "市集", "kind": "市集", "category": "custom", "hours": "卯-酉", "group": "商市", "icon": "market"}}, {"type": "Feature", "geometry": {"type": "Point", "coordinates": [119.4205397, 32.3856167]}, "properties": {"id": -7044, "name": "梅义木匠行", "kind": "木匠行", "category": "custom", "hours": "卯-酉", "group": "百工", "icon": "carpenter"}}, {"type": "Feature", "geometry": {"type": "Point", "coordinates": [119.4356518, 32.3699967]}, "properties": {"id": -7045, "name": "怀和铁匠铺", "kind": "铁匠铺", "category": "custom", "hours": "卯-酉", "group": "百工", "icon": "smith"}}, {"type": "Feature", "geometry": {"type": "Point", "coordinates": [119.4295973, 32.4173766]}, "properties": {"id": -7046, "name": "仁源寺", "kind": "寺", "category": "custom", "hours": "卯-申", "group": "信仰", "icon": "temple"}}, {"type": "Feature", "geometry": {"type": "Point", "coordinates": [119.4598233, 32.3813058]}, "properties": {"id": -7047, "name": "春祥饼铺", "kind": "饼铺", "category": "custom", "hours": "卯-酉", "group": "饮食", "icon": "shop"}}, {"type": "Feature", "geometry": {"type": "Point", "coordinates": [119.4187605, 32.3872407]}, "properties": {"id": -7048, "name": "春平武馆", "kind": "武馆", "category": "custom", "hours": "卯-申", "group": "军武", "icon": "martial"}}, {"type": "Feature", "geometry": {"type": "Point", "coordinates": [119.4183763, 32.3956444]}, "properties": {"id": -7049, "name": "市集", "kind": "市集", "category": "custom", "hours": "卯-酉", "group": "商市", "icon": "market"}}, {"type": "Feature", "geometry": {"type": "Point", "coordinates": [119.4151052, 32.3787853]}, "properties": {"id": -7050, "name": "桥", "kind": "桥", "category": "custom", "hours": "全天", "group": "行旅", "icon": "bridge"}}, {"type": "Feature", "geometry": {"type": "Point", "coordinates": [119.4229115, 32.4040662]}, "properties": {"id": -7051, "name": "聚乐茶坊", "kind": "茶坊", "category": "custom", "hours": "卯-酉", "group": "饮食", "icon": "tea"}}, {"type": "Feature", "geometry": {"type": "Point", "coordinates": [119.4492105, 32.3924232]}, "properties": {"id": -7052, "name": "市集", "kind": "市集", "category": "custom", "hours": "卯-酉", "group": "商市", "icon": "market"}}, {"type": "Feature", "geometry": {"type": "Point", "coordinates": [119.4148954, 32.400358]}, "properties": {"id": -7053, "name": "同丰食铺", "kind": "食铺", "category": "custom", "hours": "卯-酉", "group": "饮食", "icon": "food"}}, {"type": "Feature", "geometry": {"type": "Point", "coordinates": [119.4533766, 32.3732356]}, "properties": {"id": -7054, "name": "怀乐书坊", "kind": "书坊", "category": "custom", "hours": "卯-酉", "group": "文教", "icon": "library"}}, {"type": "Feature", "geometry": {"type": "Point", "coordinates": [119.4589983, 32.3787939]}, "properties": {"id": -7055, "name": "泰盛饼铺", "kind": "饼铺", "category": "custom", "hours": "卯-酉", "group": "饮食", "icon": "shop"}}, {"type": "Feature", "geometry": {"type": "Point", "coordinates": [119.4463314, 32.4079017]}, "properties": {"id": -7056, "name": "仁景酒肆", "kind": "酒肆", "category": "custom", "hours": "卯-酉", "group": "饮食", "icon": "tavern"}}, {"type": "Feature", "geometry": {"type": "Point", "coordinates": [119.460785, 32.3994675]}, "properties": {"id": -7057, "name": "双祥酱园", "kind": "酱园", "category": "custom", "hours": "卯-酉", "group": "百工", "icon": "food"}}, {"type": "Feature", "geometry": {"type": "Point", "coordinates": [119.4633916, 32.4074281]}, "properties": {"id": -7058, "name": "福济蒙馆", "kind": "蒙馆", "category": "custom", "hours": "卯-申", "group": "文教", "icon": "academy"}}, {"type": "Feature", "geometry": {"type": "Point", "coordinates": [119.4487097, 32.381053]}, "properties": {"id": -7059, "name": "承玉饼铺", "kind": "饼铺", "category": "custom", "hours": "卯-酉", "group": "饮食", "icon": "shop"}}, {"type": "Feature", "geometry": {"type": "Point", "coordinates": [119.4263801, 32.3947984]}, "properties": {"id": -7060, "name": "和瑞食铺", "kind": "食铺", "category": "custom", "hours": "卯-酉", "group": "饮食", "icon": "food"}}, {"type": "Feature", "geometry": {"type": "Point", "coordinates": [119.441951, 32.3812731]}, "properties": {"id": -7061, "name": "善昌寺", "kind": "寺", "category": "custom", "hours": "卯-申", "group": "信仰", "icon": "temple"}}, {"type": "Feature", "geometry": {"type": "Point", "coordinates": [119.4457837, 32.3947735]}, "properties": {"id": -7062, "name": "通福客栈", "kind": "客栈", "category": "custom", "hours": "全天", "group": "行旅", "icon": "inn"}}, {"type": "Feature", "geometry": {"type": "Point", "coordinates": [119.4305219, 32.4166029]}, "properties": {"id": -7063, "name": "庆华茶坊", "kind": "茶坊", "category": "custom", "hours": "卯-酉", "group": "饮食", "icon": "tea"}}, {"type": "Feature", "geometry": {"type": "Point", "coordinates": [119.42662, 32.3748402]}, "properties": {"id": -7064, "name": "务德药铺", "kind": "药铺", "category": "custom", "hours": "卯-酉", "group": "医药", "icon": "med"}}, {"type": "Feature", "geometry": {"type": "Point", "coordinates": [119.4235684, 32.3765337]}, "properties": {"id": -7065, "name": "仁义药铺", "kind": "药铺", "category": "custom", "hours": "卯-酉", "group": "医药", "icon": "med"}}, {"type": "Feature", "geometry": {"type": "Point", "coordinates": [119.4294696, 32.4155203]}, "properties": {"id": -7066, "name": "乐济客栈", "kind": "客栈", "category": "custom", "hours": "全天", "group": "行旅", "icon": "inn"}}, {"type": "Feature", "geometry": {"type": "Point", "coordinates": [119.4335805, 32.3907631]}, "properties": {"id": -7067, "name": "承宁书坊", "kind": "书坊", "category": "custom", "hours": "卯-酉", "group": "文教", "icon": "library"}}, {"type": "Feature", "geometry": {"type": "Point", "coordinates": [119.4546176, 32.4120137]}, "properties": {"id": -7068, "name": "观丰饼铺", "kind": "饼铺", "category": "custom", "hours": "卯-酉", "group": "饮食", "icon": "shop"}}, {"type": "Feature", "geometry": {"type": "Point", "coordinates": [119.4236544, 32.3951199]}, "properties": {"id": -7069, "name": "聚华酱园", "kind": "酱园", "category": "custom", "hours": "卯-酉", "group": "百工", "icon": "food"}}, {"type": "Feature", "geometry": {"type": "Point", "coordinates": [119.4345215, 32.3770414]}, "properties": {"id": -7070, "name": "务通祠", "kind": "祠", "category": "custom", "hours": "卯-申", "group": "信仰", "icon": "shrine"}}, {"type": "Feature", "geometry": {"type": "Point", "coordinates": [119.4573165, 32.3938805]}, "properties": {"id": -7071, "name": "迎安棋馆", "kind": "棋馆", "category": "custom", "hours": "午-子", "group": "百戏娱乐", "icon": "go"}}, {"type": "Feature", "geometry": {"type": "Point", "coordinates": [119.4244722, 32.3880747]}, "properties": {"id": -7072, "name": "土地庙", "kind": "土地庙", "category": "custom", "hours": "卯-申", "group": "信仰", "icon": "shrine"}}, {"type": "Feature", "geometry": {"type": "Point", "coordinates": [119.4630351, 32.3861589]}, "properties": {"id": -7073, "name": "崇华铁匠铺", "kind": "铁匠铺", "category": "custom", "hours": "卯-酉", "group": "百工", "icon": "smith"}}, {"type": "Feature", "geometry": {"type": "Point", "coordinates": [119.4580831, 32.3776992]}, "properties": {"id": -7074, "name": "德成食铺", "kind": "食铺", "category": "custom", "hours": "卯-酉", "group": "饮食", "icon": "food"}}, {"type": "Feature", "geometry": {"type": "Point", "coordinates": [119.4588268, 32.4011551]}, "properties": {"id": -7075, "name": "顺隆粮行", "kind": "粮行", "category": "custom", "hours": "卯-酉", "group": "商市", "icon": "grain"}}, {"type": "Feature", "geometry": {"type": "Point", "coordinates": [119.4374683, 32.3952145]}, "properties": {"id": -7076, "name": "康济食铺", "kind": "食铺", "category": "custom", "hours": "卯-酉", "group": "饮食", "icon": "food"}}, {"type": "Feature", "geometry": {"type": "Point", "coordinates": [119.4226311, 32.3969827]}, "properties": {"id": -7077, "name": "康瑞豆腐坊", "kind": "豆腐坊", "category": "custom", "hours": "卯-酉", "group": "百工", "icon": "mill"}}, {"type": "Feature", "geometry": {"type": "Point", "coordinates": [119.4131096, 32.3765359]}, "properties": {"id": -7078, "name": "承茂医馆", "kind": "医馆", "category": "custom", "hours": "卯-酉", "group": "医药", "icon": "med"}}, {"type": "Feature", "geometry": {"type": "Point", "coordinates": [119.4399696, 32.4060607]}, "properties": {"id": -7079, "name": "双丰饼铺", "kind": "饼铺", "category": "custom", "hours": "卯-酉", "group": "饮食", "icon": "shop"}}, {"type": "Feature", "geometry": {"type": "Point", "coordinates": [119.4460225, 32.3820819]}, "properties": {"id": -7080, "name": "市集", "kind": "市集", "category": "custom", "hours": "卯-酉", "group": "商市", "icon": "market"}}, {"type": "Feature", "geometry": {"type": "Point", "coordinates": [119.4320332, 32.3984786]}, "properties": {"id": -7081, "name": "永和布行", "kind": "布行", "category": "custom", "hours": "卯-酉", "group": "商市", "icon": "textile"}}, {"type": "Feature", "geometry": {"type": "Point", "coordinates": [119.4346647, 32.4126282]}, "properties": {"id": -7082, "name": "敦华茶坊", "kind": "茶坊", "category": "custom", "hours": "卯-酉", "group": "饮食", "icon": "tea"}}, {"type": "Feature", "geometry": {"type": "Point", "coordinates": [119.4195333, 32.3728925]}, "properties": {"id": -7083, "name": "庆熙客栈", "kind": "客栈", "category": "custom", "hours": "全天", "group": "行旅", "icon": "inn"}}, {"type": "Feature", "geometry": {"type": "Point", "coordinates": [119.4217486, 32.3808754]}, "properties": {"id": -7084, "name": "务乐豆腐坊", "kind": "豆腐坊", "category": "custom", "hours": "卯-酉", "group": "百工", "icon": "mill"}}, {"type": "Feature", "geometry": {"type": "Point", "coordinates": [119.4526315, 32.3895017]}, "properties": {"id": -7085, "name": "崇聚木匠行", "kind": "木匠行", "category": "custom", "hours": "卯-酉", "group": "百工", "icon": "carpenter"}}, {"type": "Feature", "geometry": {"type": "Point", "coordinates": [119.4584482, 32.4007602]}, "properties": {"id": -7086, "name": "书场", "kind": "书场", "category": "custom", "hours": "午-子", "group": "百戏娱乐", "icon": "story"}}, {"type": "Feature", "geometry": {"type": "Point", "coordinates": [119.4206496, 32.3820058]}, "properties": {"id": -7087, "name": "春德园", "kind": "园", "category": "custom", "hours": "全天", "group": "游乐", "icon": "garden"}}, {"type": "Feature", "geometry": {"type": "Point", "coordinates": [119.448414, 32.3974619]}, "properties": {"id": -7088, "name": "崇德磨坊", "kind": "磨坊", "category": "custom", "hours": "卯-酉", "group": "百工", "icon": "mill"}}, {"type": "Feature", "geometry": {"type": "Point", "coordinates": [119.4275871, 32.3735268]}, "properties": {"id": -7089, "name": "泰元药铺", "kind": "药铺", "category": "custom", "hours": "卯-酉", "group": "医药", "icon": "med"}}, {"type": "Feature", "geometry": {"type": "Point", "coordinates": [119.4178416, 32.3927582]}, "properties": {"id": -7090, "name": "春元蒙馆", "kind": "蒙馆", "category": "custom", "hours": "卯-申", "group": "文教", "icon": "academy"}}, {"type": "Feature", "geometry": {"type": "Point", "coordinates": [119.4385721, 32.41024]}, "properties": {"id": -7091, "name": "市集", "kind": "市集", "category": "custom", "hours": "卯-酉", "group": "商市", "icon": "market"}}, {"type": "Feature", "geometry": {"type": "Point", "coordinates": [119.4100506, 32.3818189]}, "properties": {"id": -7092, "name": "兴祥武馆", "kind": "武馆", "category": "custom", "hours": "卯-申", "group": "军武", "icon": "martial"}}, {"type": "Feature", "geometry": {"type": "Point", "coordinates": [119.4093997, 32.3934132]}, "properties": {"id": -7093, "name": "迎熙绸缎庄", "kind": "绸缎庄", "category": "custom", "hours": "卯-酉", "group": "商市", "icon": "textile"}}, {"type": "Feature", "geometry": {"type": "Point", "coordinates": [119.4348891, 32.4092461]}, "properties": {"id": -7094, "name": "梅安观", "kind": "观", "category": "custom", "hours": "卯-申", "group": "信仰", "icon": "temple"}}, {"type": "Feature", "geometry": {"type": "Point", "coordinates": [119.4299012, 32.3823656]}, "properties": {"id": -7095, "name": "观宁医馆", "kind": "医馆", "category": "custom", "hours": "卯-酉", "group": "医药", "icon": "med"}}, {"type": "Feature", "geometry": {"type": "Point", "coordinates": [119.4260469, 32.3862896]}, "properties": {"id": -7096, "name": "乐泰观", "kind": "观", "category": "custom", "hours": "卯-申", "group": "信仰", "icon": "temple"}}, {"type": "Feature", "geometry": {"type": "Point", "coordinates": [119.4298483, 32.3852974]}, "properties": {"id": -7097, "name": "元元客栈", "kind": "客栈", "category": "custom", "hours": "全天", "group": "行旅", "icon": "inn"}}, {"type": "Feature", "geometry": {"type": "Point", "coordinates": [119.4093664, 32.3994113]}, "properties": {"id": -7098, "name": "升成磨坊", "kind": "磨坊", "category": "custom", "hours": "卯-酉", "group": "百工", "icon": "mill"}}, {"type": "Feature", "geometry": {"type": "Point", "coordinates": [119.4288436, 32.3732487]}, "properties": {"id": -7099, "name": "桂义药铺", "kind": "药铺", "category": "custom", "hours": "卯-酉", "group": "医药", "icon": "med"}}, {"type": "Feature", "geometry": {"type": "Point", "coordinates": [119.4294437, 32.4127283]}, "properties": {"id": -7100, "name": "崇和园", "kind": "园", "category": "custom", "hours": "全天", "group": "游乐", "icon": "garden"}}, {"type": "Feature", "geometry": {"type": "Point", "coordinates": [119.415981, 32.4022308]}, "properties": {"id": -7101, "name": "双瑞磨坊", "kind": "磨坊", "category": "custom", "hours": "卯-酉", "group": "百工", "icon": "mill"}}, {"type": "Feature", "geometry": {"type": "Point", "coordinates": [119.4546463, 32.3810885]}, "properties": {"id": -7102, "name": "康义客栈", "kind": "客栈", "category": "custom", "hours": "全天", "group": "行旅", "icon": "inn"}}, {"type": "Feature", "geometry": {"type": "Point", "coordinates": [119.4557022, 32.3962009]}, "properties": {"id": -7103, "name": "义熙食铺", "kind": "食铺", "category": "custom", "hours": "卯-酉", "group": "饮食", "icon": "food"}}, {"type": "Feature", "geometry": {"type": "Point", "coordinates": [119.4600446, 32.4005842]}, "properties": {"id": -7104, "name": "双昌药铺", "kind": "药铺", "category": "custom", "hours": "卯-酉", "group": "医药", "icon": "med"}}, {"type": "Feature", "geometry": {"type": "Point", "coordinates": [119.4343344, 32.378932]}, "properties": {"id": -7105, "name": "务源酒肆", "kind": "酒肆", "category": "custom", "hours": "卯-酉", "group": "饮食", "icon": "tavern"}}, {"type": "Feature", "geometry": {"type": "Point", "coordinates": [119.4190973, 32.3825875]}, "properties": {"id": -7106, "name": "仁平酱园", "kind": "酱园", "category": "custom", "hours": "卯-酉", "group": "百工", "icon": "food"}}, {"type": "Feature", "geometry": {"type": "Point", "coordinates": [119.4214381, 32.3760734]}, "properties": {"id": -7107, "name": "通福蒙馆", "kind": "蒙馆", "category": "custom", "hours": "卯-申", "group": "文教", "icon": "academy"}}, {"type": "Feature", "geometry": {"type": "Point", "coordinates": [119.4542028, 32.3880463]}, "properties": {"id": -7108, "name": "文源绸缎庄", "kind": "绸缎庄", "category": "custom", "hours": "卯-酉", "group": "商市", "icon": "textile"}}, {"type": "Feature", "geometry": {"type": "Point", "coordinates": [119.4242568, 32.3749441]}, "properties": {"id": -7109, "name": "庆安酒坊", "kind": "酒坊", "category": "custom", "hours": "卯-酉", "group": "饮食", "icon": "wine"}}, {"type": "Feature", "geometry": {"type": "Point", "coordinates": [119.4517473, 32.3770947]}, "properties": {"id": -7110, "name": "庆来书坊", "kind": "书坊", "category": "custom", "hours": "卯-酉", "group": "文教", "icon": "library"}}, {"type": "Feature", "geometry": {"type": "Point", "coordinates": [119.4280736, 32.3799852]}, "properties": {"id": -7111, "name": "同来食铺", "kind": "食铺", "category": "custom", "hours": "卯-酉", "group": "饮食", "icon": "food"}}, {"type": "Feature", "geometry": {"type": "Point", "coordinates": [119.4114391, 32.3880785]}, "properties": {"id": -7112, "name": "金玉布行", "kind": "布行", "category": "custom", "hours": "卯-酉", "group": "商市", "icon": "textile"}}, {"type": "Feature", "geometry": {"type": "Point", "coordinates": [119.4145665, 32.395173]}, "properties": {"id": -7113, "name": "梅通豆腐坊", "kind": "豆腐坊", "category": "custom", "hours": "卯-酉", "group": "百工", "icon": "mill"}}, {"type": "Feature", "geometry": {"type": "Point", "coordinates": [119.4237357, 32.3716247]}, "properties": {"id": -7114, "name": "通福医馆", "kind": "医馆", "category": "custom", "hours": "卯-酉", "group": "医药", "icon": "med"}}, {"type": "Feature", "geometry": {"type": "Point", "coordinates": [119.4426644, 32.4000294]}, "properties": {"id": -7115, "name": "通通酒肆", "kind": "酒肆", "category": "custom", "hours": "卯-酉", "group": "饮食", "icon": "tavern"}}, {"type": "Feature", "geometry": {"type": "Point", "coordinates": [119.4501567, 32.3976905]}, "properties": {"id": -7116, "name": "文乐茶坊", "kind": "茶坊", "category": "custom", "hours": "卯-酉", "group": "饮食", "icon": "tea"}}, {"type": "Feature", "geometry": {"type": "Point", "coordinates": [119.4627542, 32.389248]}, "properties": {"id": -7117, "name": "桂盛医馆", "kind": "医馆", "category": "custom", "hours": "卯-酉", "group": "医药", "icon": "med"}}, {"type": "Feature", "geometry": {"type": "Point", "coordinates": [119.4160234, 32.391881]}, "properties": {"id": -7118, "name": "广通布行", "kind": "布行", "category": "custom", "hours": "卯-酉", "group": "商市", "icon": "textile"}}, {"type": "Feature", "geometry": {"type": "Point", "coordinates": [119.4337471, 32.3900921]}, "properties": {"id": -7119, "name": "善来医馆", "kind": "医馆", "category": "custom", "hours": "卯-酉", "group": "医药", "icon": "med"}}, {"type": "Feature", "geometry": {"type": "Point", "coordinates": [119.4121469, 32.3824441]}, "properties": {"id": -7120, "name": "元源饼铺", "kind": "饼铺", "category": "custom", "hours": "卯-酉", "group": "饮食", "icon": "shop"}}, {"type": "Feature", "geometry": {"type": "Point", "coordinates": [119.443095, 32.3702442]}, "properties": {"id": -7121, "name": "万顺铁匠铺", "kind": "铁匠铺", "category": "custom", "hours": "卯-酉", "group": "百工", "icon": "smith"}}, {"type": "Feature", "geometry": {"type": "Point", "coordinates": [119.4392268, 32.4117138]}, "properties": {"id": -7122, "name": "广景客栈", "kind": "客栈", "category": "custom", "hours": "全天", "group": "行旅", "icon": "inn"}}, {"type": "Feature", "geometry": {"type": "Point", "coordinates": [119.4294764, 32.3924154]}, "properties": {"id": -7123, "name": "金瑞食铺", "kind": "食铺", "category": "custom", "hours": "卯-酉", "group": "饮食", "icon": "food"}}, {"type": "Feature", "geometry": {"type": "Point", "coordinates": [119.4475672, 32.4171887]}, "properties": {"id": -7124, "name": "聚祥绸缎庄", "kind": "绸缎庄", "category": "custom", "hours": "卯-酉", "group": "商市", "icon": "textile"}}, {"type": "Feature", "geometry": {"type": "Point", "coordinates": [119.4129877, 32.3796553]}, "properties": {"id": -7125, "name": "永聚酒肆", "kind": "酒肆", "category": "custom", "hours": "卯-酉", "group": "饮食", "icon": "tavern"}}, {"type": "Feature", "geometry": {"type": "Point", "coordinates": [119.4189486, 32.3971462]}, "properties": {"id": -7126, "name": "文祥医馆", "kind": "医馆", "category": "custom", "hours": "卯-酉", "group": "医药", "icon": "med"}}, {"type": "Feature", "geometry": {"type": "Point", "coordinates": [119.4180716, 32.3805472]}, "properties": {"id": -7127, "name": "庆熙饼铺", "kind": "饼铺", "category": "custom", "hours": "卯-酉", "group": "饮食", "icon": "shop"}}, {"type": "Feature", "geometry": {"type": "Point", "coordinates": [119.4496279, 32.4034768]}, "properties": {"id": -7128, "name": "广玉绣坊", "kind": "绣坊", "category": "custom", "hours": "卯-酉", "group": "百工", "icon": "textile"}}, {"type": "Feature", "geometry": {"type": "Point", "coordinates": [119.4518468, 32.3847465]}, "properties": {"id": -7129, "name": "顺隆寺", "kind": "寺", "category": "custom", "hours": "卯-申", "group": "信仰", "icon": "temple"}}, {"type": "Feature", "geometry": {"type": "Point", "coordinates": [119.4542378, 32.4012063]}, "properties": {"id": -7130, "name": "义成药铺", "kind": "药铺", "category": "custom", "hours": "卯-酉", "group": "医药", "icon": "med"}}, {"type": "Feature", "geometry": {"type": "Point", "coordinates": [119.4540484, 32.4135989]}, "properties": {"id": -7131, "name": "顺福客栈", "kind": "客栈", "category": "custom", "hours": "全天", "group": "行旅", "icon": "inn"}}, {"type": "Feature", "geometry": {"type": "Point", "coordinates": [119.4112725, 32.3803866]}, "properties": {"id": -7132, "name": "积丰药铺", "kind": "药铺", "category": "custom", "hours": "卯-酉", "group": "医药", "icon": "med"}}, {"type": "Feature", "geometry": {"type": "Point", "coordinates": [119.4560003, 32.40923]}, "properties": {"id": -7133, "name": "桂源织坊", "kind": "织坊", "category": "custom", "hours": "卯-酉", "group": "百工", "icon": "textile"}}, {"type": "Feature", "geometry": {"type": "Point", "coordinates": [119.4307076, 32.4140232]}, "properties": {"id": -7134, "name": "双景药铺", "kind": "药铺", "category": "custom", "hours": "卯-酉", "group": "医药", "icon": "med"}}, {"type": "Feature", "geometry": {"type": "Point", "coordinates": [119.4159546, 32.3937021]}, "properties": {"id": -7135, "name": "仁平绣坊", "kind": "绣坊", "category": "custom", "hours": "卯-酉", "group": "百工", "icon": "textile"}}, {"type": "Feature", "geometry": {"type": "Point", "coordinates": [119.4497371, 32.3810013]}, "properties": {"id": -7136, "name": "永福医馆", "kind": "医馆", "category": "custom", "hours": "卯-酉", "group": "医药", "icon": "med"}}, {"type": "Feature", "geometry": {"type": "Point", "coordinates": [119.4281932, 32.4087935]}, "properties": {"id": -7137, "name": "乐济饼铺", "kind": "饼铺", "category": "custom", "hours": "卯-酉", "group": "饮食", "icon": "shop"}}, {"type": "Feature", "geometry": {"type": "Point", "coordinates": [119.4558945, 32.3919374]}, "properties": {"id": -7138, "name": "仁来布行", "kind": "布行", "category": "custom", "hours": "卯-酉", "group": "商市", "icon": "textile"}}, {"type": "Feature", "geometry": {"type": "Point", "coordinates": [119.4593457, 32.3968315]}, "properties": {"id": -7139, "name": "莲德绣坊", "kind": "绣坊", "category": "custom", "hours": "卯-酉", "group": "百工", "icon": "textile"}}, {"type": "Feature", "geometry": {"type": "Point", "coordinates": [119.4247487, 32.3919761]}, "properties": {"id": -7140, "name": "升德酒坊", "kind": "酒坊", "category": "custom", "hours": "卯-酉", "group": "饮食", "icon": "wine"}}, {"type": "Feature", "geometry": {"type": "Point", "coordinates": [119.4513746, 32.3803121]}, "properties": {"id": -7141, "name": "观济客栈", "kind": "客栈", "category": "custom", "hours": "全天", "group": "行旅", "icon": "inn"}}, {"type": "Feature", "geometry": {"type": "Point", "coordinates": [119.4253682, 32.4059878]}, "properties": {"id": -7142, "name": "观平客栈", "kind": "客栈", "category": "custom", "hours": "全天", "group": "行旅", "icon": "inn"}}, {"type": "Feature", "geometry": {"type": "Point", "coordinates": [119.4176796, 32.372909]}, "properties": {"id": -7143, "name": "竹茂酒肆", "kind": "酒肆", "category": "custom", "hours": "卯-酉", "group": "饮食", "icon": "tavern"}}, {"type": "Feature", "geometry": {"type": "Point", "coordinates": [119.4230434, 32.3900242]}, "properties": {"id": -7144, "name": "市集", "kind": "市集", "category": "custom", "hours": "卯-酉", "group": "商市", "icon": "market"}}, {"type": "Feature", "geometry": {"type": "Point", "coordinates": [119.4220945, 32.395631]}, "properties": {"id": -7145, "name": "观昌酒坊", "kind": "酒坊", "category": "custom", "hours": "卯-酉", "group": "饮食", "icon": "wine"}}, {"type": "Feature", "geometry": {"type": "Point", "coordinates": [119.4378195, 32.379508]}, "properties": {"id": -7146, "name": "兴福祠", "kind": "祠", "category": "custom", "hours": "卯-申", "group": "信仰", "icon": "shrine"}}, {"type": "Feature", "geometry": {"type": "Point", "coordinates": [119.4514393, 32.405759]}, "properties": {"id": -7147, "name": "务华寺", "kind": "寺", "category": "custom", "hours": "卯-申", "group": "信仰", "icon": "temple"}}, {"type": "Feature", "geometry": {"type": "Point", "coordinates": [119.4503571, 32.3753117]}, "properties": {"id": -7148, "name": "兴来饼铺", "kind": "饼铺", "category": "custom", "hours": "卯-酉", "group": "饮食", "icon": "shop"}}, {"type": "Feature", "geometry": {"type": "Point", "coordinates": [119.4307927, 32.4087154]}, "properties": {"id": -7149, "name": "仁通茶坊", "kind": "茶坊", "category": "custom", "hours": "卯-酉", "group": "饮食", "icon": "tea"}}, {"type": "Feature", "geometry": {"type": "Point", "coordinates": [119.4553847, 32.4128089]}, "properties": {"id": -7150, "name": "书场", "kind": "书场", "category": "custom", "hours": "午-子", "group": "百戏娱乐", "icon": "story"}}, {"type": "Feature", "geometry": {"type": "Point", "coordinates": [119.4574236, 32.3819664]}, "properties": {"id": -7151, "name": "福华绣坊", "kind": "绣坊", "category": "custom", "hours": "卯-酉", "group": "百工", "icon": "textile"}}, {"type": "Feature", "geometry": {"type": "Point", "coordinates": [119.423883, 32.3719497]}, "properties": {"id": -7152, "name": "聚盛棋馆", "kind": "棋馆", "category": "custom", "hours": "午-子", "group": "百戏娱乐", "icon": "go"}}, {"type": "Feature", "geometry": {"type": "Point", "coordinates": [119.46364, 32.4035779]}, "properties": {"id": -7153, "name": "康茂酒肆", "kind": "酒肆", "category": "custom", "hours": "卯-酉", "group": "饮食", "icon": "tavern"}}, {"type": "Feature", "geometry": {"type": "Point", "coordinates": [119.4149912, 32.3953618]}, "properties": {"id": -7154, "name": "仁通绸缎庄", "kind": "绸缎庄", "category": "custom", "hours": "卯-酉", "group": "商市", "icon": "textile"}}, {"type": "Feature", "geometry": {"type": "Point", "coordinates": [119.4428246, 32.3832459]}, "properties": {"id": -7155, "name": "莲隆酒肆", "kind": "酒肆", "category": "custom", "hours": "卯-酉", "group": "饮食", "icon": "tavern"}}, {"type": "Feature", "geometry": {"type": "Point", "coordinates": [119.414568, 32.4010631]}, "properties": {"id": -7156, "name": "安祥油坊", "kind": "油坊", "category": "custom", "hours": "卯-酉", "group": "百工", "icon": "mill"}}, {"type": "Feature", "geometry": {"type": "Point", "coordinates": [119.4180239, 32.3880202]}, "properties": {"id": -7157, "name": "和瑞茶坊", "kind": "茶坊", "category": "custom", "hours": "卯-酉", "group": "饮食", "icon": "tea"}}, {"type": "Feature", "geometry": {"type": "Point", "coordinates": [119.4121027, 32.3851314]}, "properties": {"id": -7158, "name": "瑞熙棋馆", "kind": "棋馆", "category": "custom", "hours": "午-子", "group": "百戏娱乐", "icon": "go"}}, {"type": "Feature", "geometry": {"type": "Point", "coordinates": [119.4590985, 32.4074782]}, "properties": {"id": -7159, "name": "兴发茶坊", "kind": "茶坊", "category": "custom", "hours": "卯-酉", "group": "饮食", "icon": "tea"}}, {"type": "Feature", "geometry": {"type": "Point", "coordinates": [119.4500308, 32.4137137]}, "properties": {"id": -7160, "name": "市集", "kind": "市集", "category": "custom", "hours": "卯-酉", "group": "商市", "icon": "market"}}, {"type": "Feature", "geometry": {"type": "Point", "coordinates": [119.4547498, 32.3734953]}, "properties": {"id": -7161, "name": "金平粮行", "kind": "粮行", "category": "custom", "hours": "卯-酉", "group": "商市", "icon": "grain"}}, {"type": "Feature", "geometry": {"type": "Point", "coordinates": [119.4128413, 32.3806636]}, "properties": {"id": -7162, "name": "春德客栈", "kind": "客栈", "category": "custom", "hours": "全天", "group": "行旅", "icon": "inn"}}, {"type": "Feature", "geometry": {"type": "Point", "coordinates": [119.4557078, 32.3824096]}, "properties": {"id": -7163, "name": "金源豆腐坊", "kind": "豆腐坊", "category": "custom", "hours": "卯-酉", "group": "百工", "icon": "mill"}}, {"type": "Feature", "geometry": {"type": "Point", "coordinates": [119.458568, 32.394833]}, "properties": {"id": -7164, "name": "安德豆腐坊", "kind": "豆腐坊", "category": "custom", "hours": "卯-酉", "group": "百工", "icon": "mill"}}, {"type": "Feature", "geometry": {"type": "Point", "coordinates": [119.4201612, 32.4038239]}, "properties": {"id": -7165, "name": "元熙蒙馆", "kind": "蒙馆", "category": "custom", "hours": "卯-申", "group": "文教", "icon": "academy"}}, {"type": "Feature", "geometry": {"type": "Point", "coordinates": [119.458374, 32.3929553]}, "properties": {"id": -7166, "name": "昌熙客栈", "kind": "客栈", "category": "custom", "hours": "全天", "group": "行旅", "icon": "inn"}}, {"type": "Feature", "geometry": {"type": "Point", "coordinates": [119.4325397, 32.405087]}, "properties": {"id": -7167, "name": "土地庙", "kind": "土地庙", "category": "custom", "hours": "卯-申", "group": "信仰", "icon": "shrine"}}, {"type": "Feature", "geometry": {"type": "Point", "coordinates": [119.4143637, 32.398535]}, "properties": {"id": -7168, "name": "金通马厩", "kind": "马厩", "category": "custom", "hours": "卯-酉", "group": "行旅", "icon": "stable"}}, {"type": "Feature", "geometry": {"type": "Point", "coordinates": [119.4320604, 32.4128636]}, "properties": {"id": -7169, "name": "昌泰磨坊", "kind": "磨坊", "category": "custom", "hours": "卯-酉", "group": "百工", "icon": "mill"}}, {"type": "Feature", "geometry": {"type": "Point", "coordinates": [119.4564744, 32.4146866]}, "properties": {"id": -7170, "name": "福隆布行", "kind": "布行", "category": "custom", "hours": "卯-酉", "group": "商市", "icon": "textile"}}, {"type": "Feature", "geometry": {"type": "Point", "coordinates": [119.4576122, 32.3811854]}, "properties": {"id": -7171, "name": "兴宁木匠行", "kind": "木匠行", "category": "custom", "hours": "卯-酉", "group": "百工", "icon": "carpenter"}}, {"type": "Feature", "geometry": {"type": "Point", "coordinates": [119.4470251, 32.401921]}, "properties": {"id": -7172, "name": "承盛木匠行", "kind": "木匠行", "category": "custom", "hours": "卯-酉", "group": "百工", "icon": "carpenter"}}, {"type": "Feature", "geometry": {"type": "Point", "coordinates": [119.4455422, 32.3703775]}, "properties": {"id": -7173, "name": "聚隆车马行", "kind": "车马行", "category": "custom", "hours": "卯-酉", "group": "行旅", "icon": "stable"}}, {"type": "Feature", "geometry": {"type": "Point", "coordinates": [119.4500897, 32.4001981]}, "properties": {"id": -7174, "name": "通祥园", "kind": "园", "category": "custom", "hours": "全天", "group": "游乐", "icon": "garden"}}, {"type": "Feature", "geometry": {"type": "Point", "coordinates": [119.4338908, 32.3875418]}, "properties": {"id": -7175, "name": "广熙寺", "kind": "寺", "category": "custom", "hours": "卯-申", "group": "信仰", "icon": "temple"}}, {"type": "Feature", "geometry": {"type": "Point", "coordinates": [119.4356126, 32.3939637]}, "properties": {"id": -7176, "name": "同隆铁匠铺", "kind": "铁匠铺", "category": "custom", "hours": "卯-酉", "group": "百工", "icon": "smith"}}, {"type": "Feature", "geometry": {"type": "Point", "coordinates": [119.4173212, 32.3753705]}, "properties": {"id": -7177, "name": "土地庙", "kind": "土地庙", "category": "custom", "hours": "卯-申", "group": "信仰", "icon": "shrine"}}, {"type": "Feature", "geometry": {"type": "Point", "coordinates": [119.4441137, 32.3855522]}, "properties": {"id": -7178, "name": "景济食铺", "kind": "食铺", "category": "custom", "hours": "卯-酉", "group": "饮食", "icon": "food"}}, {"type": "Feature", "geometry": {"type": "Point", "coordinates": [119.4497247, 32.3876514]}, "properties": {"id": -7179, "name": "福和布行", "kind": "布行", "category": "custom", "hours": "卯-酉", "group": "商市", "icon": "textile"}}, {"type": "Feature", "geometry": {"type": "Point", "coordinates": [119.4398704, 32.3821586]}, "properties": {"id": -7180, "name": "福源客栈", "kind": "客栈", "category": "custom", "hours": "全天", "group": "行旅", "icon": "inn"}}, {"type": "Feature", "geometry": {"type": "Point", "coordinates": [119.441213, 32.376583]}, "properties": {"id": -7181, "name": "莲平客栈", "kind": "客栈", "category": "custom", "hours": "全天", "group": "行旅", "icon": "inn"}}, {"type": "Feature", "geometry": {"type": "Point", "coordinates": [119.4529213, 32.411585]}, "properties": {"id": -7182, "name": "永祥酒肆", "kind": "酒肆", "category": "custom", "hours": "卯-酉", "group": "饮食", "icon": "tavern"}}, {"type": "Feature", "geometry": {"type": "Point", "coordinates": [119.440463, 32.3963771]}, "properties": {"id": -7183, "name": "兴宁粮行", "kind": "粮行", "category": "custom", "hours": "卯-酉", "group": "商市", "icon": "grain"}}, {"type": "Feature", "geometry": {"type": "Point", "coordinates": [119.4456196, 32.3772603]}, "properties": {"id": -7184, "name": "金成粮行", "kind": "粮行", "category": "custom", "hours": "卯-酉", "group": "商市", "icon": "grain"}}, {"type": "Feature", "geometry": {"type": "Point", "coordinates": [119.4366897, 32.415176]}, "properties": {"id": -7185, "name": "聚通绣坊", "kind": "绣坊", "category": "custom", "hours": "卯-酉", "group": "百工", "icon": "textile"}}, {"type": "Feature", "geometry": {"type": "Point", "coordinates": [119.4268788, 32.4178423]}, "properties": {"id": -7186, "name": "泰成油坊", "kind": "油坊", "category": "custom", "hours": "卯-酉", "group": "百工", "icon": "mill"}}, {"type": "Feature", "geometry": {"type": "Point", "coordinates": [119.4555827, 32.4091381]}, "properties": {"id": -7187, "name": "敦兴书坊", "kind": "书坊", "category": "custom", "hours": "卯-酉", "group": "文教", "icon": "library"}}, {"type": "Feature", "geometry": {"type": "Point", "coordinates": [119.416458, 32.3961583]}, "properties": {"id": -7188, "name": "清隆寺", "kind": "寺", "category": "custom", "hours": "卯-申", "group": "信仰", "icon": "temple"}}, {"type": "Feature", "geometry": {"type": "Point", "coordinates": [119.4626718, 32.4028704]}, "properties": {"id": -7189, "name": "聚丰观", "kind": "观", "category": "custom", "hours": "卯-申", "group": "信仰", "icon": "temple"}}, {"type": "Feature", "geometry": {"type": "Point", "coordinates": [119.4579774, 32.3857683]}, "properties": {"id": -7190, "name": "竹安酒肆", "kind": "酒肆", "category": "custom", "hours": "卯-酉", "group": "饮食", "icon": "tavern"}}, {"type": "Feature", "geometry": {"type": "Point", "coordinates": [119.4408093, 32.3932133]}, "properties": {"id": -7191, "name": "观景织坊", "kind": "织坊", "category": "custom", "hours": "卯-酉", "group": "百工", "icon": "textile"}}, {"type": "Feature", "geometry": {"type": "Point", "coordinates": [119.4610265, 32.4047453]}, "properties": {"id": -7192, "name": "和宁茶坊", "kind": "茶坊", "category": "custom", "hours": "卯-酉", "group": "饮食", "icon": "tea"}}, {"type": "Feature", "geometry": {"type": "Point", "coordinates": [119.4149701, 32.3893211]}, "properties": {"id": -7193, "name": "元元马厩", "kind": "马厩", "category": "custom", "hours": "卯-酉", "group": "行旅", "icon": "stable"}}, {"type": "Feature", "geometry": {"type": "Point", "coordinates": [119.4378102, 32.4082409]}, "properties": {"id": -7194, "name": "莲聚车马行", "kind": "车马行", "category": "custom", "hours": "卯-酉", "group": "行旅", "icon": "stable"}}, {"type": "Feature", "geometry": {"type": "Point", "coordinates": [119.4357525, 32.408912]}, "properties": {"id": -7195, "name": "乐乐布行", "kind": "布行", "category": "custom", "hours": "卯-酉", "group": "商市", "icon": "textile"}}, {"type": "Feature", "geometry": {"type": "Point", "coordinates": [119.4327236, 32.4126451]}, "properties": {"id": -7196, "name": "承乐医馆", "kind": "医馆", "category": "custom", "hours": "卯-酉", "group": "医药", "icon": "med"}}, {"type": "Feature", "geometry": {"type": "Point", "coordinates": [119.4157287, 32.4128184]}, "properties": {"id": -7197, "name": "清平书坊", "kind": "书坊", "category": "custom", "hours": "卯-酉", "group": "文教", "icon": "library"}}, {"type": "Feature", "geometry": {"type": "Point", "coordinates": [119.4461202, 32.3715387]}, "properties": {"id": -7198, "name": "迎盛祠", "kind": "祠", "category": "custom", "hours": "卯-申", "group": "信仰", "icon": "shrine"}}, {"type": "Feature", "geometry": {"type": "Point", "coordinates": [119.4391249, 32.3849991]}, "properties": {"id": -7199, "name": "同景豆腐坊", "kind": "豆腐坊", "category": "custom", "hours": "卯-酉", "group": "百工", "icon": "mill"}}, {"type": "Feature", "geometry": {"type": "Point", "coordinates": [119.450331, 32.3846992]}, "properties": {"id": -7200, "name": "迎泰木匠行", "kind": "木匠行", "category": "custom", "hours": "卯-酉", "group": "百工", "icon": "carpenter"}}, {"type": "Feature", "geometry": {"type": "Point", "coordinates": [119.435954, 32.3928807]}, "properties": {"id": -7201, "name": "善发医馆", "kind": "医馆", "category": "custom", "hours": "卯-酉", "group": "医药", "icon": "med"}}, {"type": "Feature", "geometry": {"type": "Point", "coordinates": [119.4467546, 32.3780244]}, "properties": {"id": -7202, "name": "梅隆观", "kind": "观", "category": "custom", "hours": "卯-申", "group": "信仰", "icon": "temple"}}, {"type": "Feature", "geometry": {"type": "Point", "coordinates": [119.4445193, 32.3724143]}, "properties": {"id": -7203, "name": "梅乐铁匠铺", "kind": "铁匠铺", "category": "custom", "hours": "卯-酉", "group": "百工", "icon": "smith"}}, {"type": "Feature", "geometry": {"type": "Point", "coordinates": [119.4564933, 32.4043221]}, "properties": {"id": -7204, "name": "双济蒙馆", "kind": "蒙馆", "category": "custom", "hours": "卯-申", "group": "文教", "icon": "academy"}}, {"type": "Feature", "geometry": {"type": "Point", "coordinates": [119.4579339, 32.3763408]}, "properties": {"id": -7205, "name": "永通食铺", "kind": "食铺", "category": "custom", "hours": "卯-酉", "group": "饮食", "icon": "food"}}, {"type": "Feature", "geometry": {"type": "Point", "coordinates": [119.4143679, 32.3876605]}, "properties": {"id": -7206, "name": "承平豆腐坊", "kind": "豆腐坊", "category": "custom", "hours": "卯-酉", "group": "百工", "icon": "mill"}}, {"type": "Feature", "geometry": {"type": "Point", "coordinates": [119.4188425, 32.4037547]}, "properties": {"id": -7207, "name": "元熙布行", "kind": "布行", "category": "custom", "hours": "卯-酉", "group": "商市", "icon": "textile"}}, {"type": "Feature", "geometry": {"type": "Point", "coordinates": [119.4245412, 32.3888654]}, "properties": {"id": -7208, "name": "桥", "kind": "桥", "category": "custom", "hours": "全天", "group": "行旅", "icon": "bridge"}}, {"type": "Feature", "geometry": {"type": "Point", "coordinates": [119.4619497, 32.3779767]}, "properties": {"id": -7209, "name": "市集", "kind": "市集", "category": "custom", "hours": "卯-酉", "group": "商市", "icon": "market"}}, {"type": "Feature", "geometry": {"type": "Point", "coordinates": [119.4428751, 32.4096576]}, "properties": {"id": -7210, "name": "书场", "kind": "书场", "category": "custom", "hours": "午-子", "group": "百戏娱乐", "icon": "story"}}, {"type": "Feature", "geometry": {"type": "Point", "coordinates": [119.4237815, 32.3799589]}, "properties": {"id": -7211, "name": "仁福茶坊", "kind": "茶坊", "category": "custom", "hours": "卯-酉", "group": "饮食", "icon": "tea"}}, {"type": "Feature", "geometry": {"type": "Point", "coordinates": [119.443262, 32.4064023]}, "properties": {"id": -7212, "name": "泰宁饼铺", "kind": "饼铺", "category": "custom", "hours": "卯-酉", "group": "饮食", "icon": "shop"}}, {"type": "Feature", "geometry": {"type": "Point", "coordinates": [119.4371159, 32.3930169]}, "properties": {"id": -7213, "name": "瑞宁食铺", "kind": "食铺", "category": "custom", "hours": "卯-酉", "group": "饮食", "icon": "food"}}, {"type": "Feature", "geometry": {"type": "Point", "coordinates": [119.4609146, 32.3800423]}, "properties": {"id": -7214, "name": "观熙食铺", "kind": "食铺", "category": "custom", "hours": "卯-酉", "group": "饮食", "icon": "food"}}, {"type": "Feature", "geometry": {"type": "Point", "coordinates": [119.4397205, 32.3930407]}, "properties": {"id": -7215, "name": "开兴车马行", "kind": "车马行", "category": "custom", "hours": "卯-酉", "group": "行旅", "icon": "stable"}}, {"type": "Feature", "geometry": {"type": "Point", "coordinates": [119.4305703, 32.3811833]}, "properties": {"id": -7216, "name": "康来茶坊", "kind": "茶坊", "category": "custom", "hours": "卯-酉", "group": "饮食", "icon": "tea"}}, {"type": "Feature", "geometry": {"type": "Point", "coordinates": [119.4490478, 32.399909]}, "properties": {"id": -7217, "name": "庆泰油坊", "kind": "油坊", "category": "custom", "hours": "卯-酉", "group": "百工", "icon": "mill"}}, {"type": "Feature", "geometry": {"type": "Point", "coordinates": [119.433282, 32.3753512]}, "properties": {"id": -7218, "name": "文玉客栈", "kind": "客栈", "category": "custom", "hours": "全天", "group": "行旅", "icon": "inn"}}, {"type": "Feature", "geometry": {"type": "Point", "coordinates": [119.4357068, 32.3704702]}, "properties": {"id": -7219, "name": "清安车马行", "kind": "车马行", "category": "custom", "hours": "卯-酉", "group": "行旅", "icon": "stable"}}, {"type": "Feature", "geometry": {"type": "Point", "coordinates": [119.432976, 32.3838448]}, "properties": {"id": -7220, "name": "双平绣坊", "kind": "绣坊", "category": "custom", "hours": "卯-酉", "group": "百工", "icon": "textile"}}, {"type": "Feature", "geometry": {"type": "Point", "coordinates": [119.4220591, 32.3740692]}, "properties": {"id": -7221, "name": "竹安蒙馆", "kind": "蒙馆", "category": "custom", "hours": "卯-申", "group": "文教", "icon": "academy"}}, {"type": "Feature", "geometry": {"type": "Point", "coordinates": [119.4511174, 32.387282]}, "properties": {"id": -7222, "name": "积兴食铺", "kind": "食铺", "category": "custom", "hours": "卯-酉", "group": "饮食", "icon": "food"}}, {"type": "Feature", "geometry": {"type": "Point", "coordinates": [119.4294424, 32.3728626]}, "properties": {"id": -7223, "name": "顺平园", "kind": "园", "category": "custom", "hours": "全天", "group": "游乐", "icon": "garden"}}, {"type": "Feature", "geometry": {"type": "Point", "coordinates": [119.4425495, 32.3766169]}, "properties": {"id": -7224, "name": "乐盛铁匠铺", "kind": "铁匠铺", "category": "custom", "hours": "卯-酉", "group": "百工", "icon": "smith"}}, {"type": "Feature", "geometry": {"type": "Point", "coordinates": [119.439398, 32.399305]}, "properties": {"id": -7225, "name": "土地庙", "kind": "土地庙", "category": "custom", "hours": "卯-申", "group": "信仰", "icon": "shrine"}}, {"type": "Feature", "geometry": {"type": "Point", "coordinates": [119.4253776, 32.3703107]}, "properties": {"id": -7226, "name": "金安磨坊", "kind": "磨坊", "category": "custom", "hours": "卯-酉", "group": "百工", "icon": "mill"}}, {"type": "Feature", "geometry": {"type": "Point", "coordinates": [119.4209497, 32.385464]}, "properties": {"id": -7227, "name": "桥", "kind": "桥", "category": "custom", "hours": "全天", "group": "行旅", "icon": "bridge"}}, {"type": "Feature", "geometry": {"type": "Point", "coordinates": [119.4490186, 32.3793644]}, "properties": {"id": -7228, "name": "开乐油坊", "kind": "油坊", "category": "custom", "hours": "卯-酉", "group": "百工", "icon": "mill"}}, {"type": "Feature", "geometry": {"type": "Point", "coordinates": [119.4515599, 32.4172311]}, "properties": {"id": -7229, "name": "景聚饼铺", "kind": "饼铺", "category": "custom", "hours": "卯-酉", "group": "饮食", "icon": "shop"}}, {"type": "Feature", "geometry": {"type": "Point", "coordinates": [119.4094246, 32.4005421]}, "properties": {"id": -7230, "name": "万祥武馆", "kind": "武馆", "category": "custom", "hours": "卯-申", "group": "军武", "icon": "martial"}}, {"type": "Feature", "geometry": {"type": "Point", "coordinates": [119.4164878, 32.3873765]}, "properties": {"id": -7231, "name": "桂宁递铺", "kind": "递铺", "category": "custom", "hours": "全天", "group": "行旅", "icon": "post"}}, {"type": "Feature", "geometry": {"type": "Point", "coordinates": [119.4431066, 32.3898887]}, "properties": {"id": -7232, "name": "永安武馆", "kind": "武馆", "category": "custom", "hours": "卯-申", "group": "军武", "icon": "martial"}}, {"type": "Feature", "geometry": {"type": "Point", "coordinates": [119.45854, 32.4136358]}, "properties": {"id": -7233, "name": "泰发布行", "kind": "布行", "category": "custom", "hours": "卯-酉", "group": "商市", "icon": "textile"}}, {"type": "Feature", "geometry": {"type": "Point", "coordinates": [119.4536473, 32.4150219]}, "properties": {"id": -7234, "name": "长成粮行", "kind": "粮行", "category": "custom", "hours": "卯-酉", "group": "商市", "icon": "grain"}}, {"type": "Feature", "geometry": {"type": "Point", "coordinates": [119.4438321, 32.3701429]}, "properties": {"id": -7235, "name": "祥丰观", "kind": "观", "category": "custom", "hours": "卯-申", "group": "信仰", "icon": "temple"}}, {"type": "Feature", "geometry": {"type": "Point", "coordinates": [119.4361632, 32.4138376]}, "properties": {"id": -7236, "name": "同元饼铺", "kind": "饼铺", "category": "custom", "hours": "卯-酉", "group": "饮食", "icon": "shop"}}, {"type": "Feature", "geometry": {"type": "Point", "coordinates": [119.4325691, 32.4106766]}, "properties": {"id": -7237, "name": "元盛饼铺", "kind": "饼铺", "category": "custom", "hours": "卯-酉", "group": "饮食", "icon": "shop"}}, {"type": "Feature", "geometry": {"type": "Point", "coordinates": [119.4162288, 32.3928243]}, "properties": {"id": -7238, "name": "同丰酒肆", "kind": "酒肆", "category": "custom", "hours": "卯-酉", "group": "饮食", "icon": "tavern"}}, {"type": "Feature", "geometry": {"type": "Point", "coordinates": [119.456295, 32.373823]}, "properties": {"id": -7239, "name": "桥", "kind": "桥", "category": "custom", "hours": "全天", "group": "行旅", "icon": "bridge"}}, {"type": "Feature", "geometry": {"type": "Point", "coordinates": [119.4595539, 32.4005591]}, "properties": {"id": -7240, "name": "书场", "kind": "书场", "category": "custom", "hours": "午-子", "group": "百戏娱乐", "icon": "story"}}, {"type": "Feature", "geometry": {"type": "Point", "coordinates": [119.4405346, 32.4047566]}, "properties": {"id": -7241, "name": "永隆客栈", "kind": "客栈", "category": "custom", "hours": "全天", "group": "行旅", "icon": "inn"}}, {"type": "Feature", "geometry": {"type": "Point", "coordinates": [119.453022, 32.397965]}, "properties": {"id": -7242, "name": "乐平豆腐坊", "kind": "豆腐坊", "category": "custom", "hours": "卯-酉", "group": "百工", "icon": "mill"}}, {"type": "Feature", "geometry": {"type": "Point", "coordinates": [119.4282906, 32.3714192]}, "properties": {"id": -7243, "name": "桥", "kind": "桥", "category": "custom", "hours": "全天", "group": "行旅", "icon": "bridge"}}, {"type": "Feature", "geometry": {"type": "Point", "coordinates": [119.4436368, 32.3728108]}, "properties": {"id": -7244, "name": "竹盛书坊", "kind": "书坊", "category": "custom", "hours": "卯-酉", "group": "文教", "icon": "library"}}, {"type": "Feature", "geometry": {"type": "Point", "coordinates": [119.4315923, 32.4097361]}, "properties": {"id": -7245, "name": "怀丰车马行", "kind": "车马行", "category": "custom", "hours": "卯-酉", "group": "行旅", "icon": "stable"}}, {"type": "Feature", "geometry": {"type": "Point", "coordinates": [119.456606, 32.3976106]}, "properties": {"id": -7246, "name": "竹隆饼铺", "kind": "饼铺", "category": "custom", "hours": "卯-酉", "group": "饮食", "icon": "shop"}}, {"type": "Feature", "geometry": {"type": "Point", "coordinates": [119.4454789, 32.4071744]}, "properties": {"id": -7247, "name": "积发医馆", "kind": "医馆", "category": "custom", "hours": "卯-酉", "group": "医药", "icon": "med"}}, {"type": "Feature", "geometry": {"type": "Point", "coordinates": [119.4435109, 32.3773893]}, "properties": {"id": -7248, "name": "敦昌棋馆", "kind": "棋馆", "category": "custom", "hours": "午-子", "group": "百戏娱乐", "icon": "go"}}, {"type": "Feature", "geometry": {"type": "Point", "coordinates": [119.4213131, 32.3878429]}, "properties": {"id": -7249, "name": "聚宁饼铺", "kind": "饼铺", "category": "custom", "hours": "卯-酉", "group": "饮食", "icon": "shop"}}, {"type": "Feature", "geometry": {"type": "Point", "coordinates": [119.4239241, 32.398987]}, "properties": {"id": -7250, "name": "福平食铺", "kind": "食铺", "category": "custom", "hours": "卯-酉", "group": "饮食", "icon": "food"}}, {"type": "Feature", "geometry": {"type": "Point", "coordinates": [119.4263916, 32.4164248]}, "properties": {"id": -7251, "name": "竹泰观", "kind": "观", "category": "custom", "hours": "卯-申", "group": "信仰", "icon": "temple"}}, {"type": "Feature", "geometry": {"type": "Point", "coordinates": [119.4232483, 32.3953101]}, "properties": {"id": -7252, "name": "市集", "kind": "市集", "category": "custom", "hours": "卯-酉", "group": "商市", "icon": "market"}}, {"type": "Feature", "geometry": {"type": "Point", "coordinates": [119.4617436, 32.3850337]}, "properties": {"id": -7253, "name": "康发绸缎庄", "kind": "绸缎庄", "category": "custom", "hours": "卯-酉", "group": "商市", "icon": "textile"}}, {"type": "Feature", "geometry": {"type": "Point", "coordinates": [119.4414826, 32.3801227]}, "properties": {"id": -7254, "name": "春平书坊", "kind": "书坊", "category": "custom", "hours": "卯-酉", "group": "文教", "icon": "library"}}, {"type": "Feature", "geometry": {"type": "Point", "coordinates": [119.4378014, 32.3982969]}, "properties": {"id": -7255, "name": "清福饼铺", "kind": "饼铺", "category": "custom", "hours": "卯-酉", "group": "饮食", "icon": "shop"}}, {"type": "Feature", "geometry": {"type": "Point", "coordinates": [119.4527522, 32.4055239]}, "properties": {"id": -7256, "name": "市集", "kind": "市集", "category": "custom", "hours": "卯-酉", "group": "商市", "icon": "market"}}, {"type": "Feature", "geometry": {"type": "Point", "coordinates": [119.4257038, 32.405646]}, "properties": {"id": -7257, "name": "春兴酱园", "kind": "酱园", "category": "custom", "hours": "卯-酉", "group": "百工", "icon": "food"}}, {"type": "Feature", "geometry": {"type": "Point", "coordinates": [119.4135929, 32.3946978]}, "properties": {"id": -7258, "name": "清和马厩", "kind": "马厩", "category": "custom", "hours": "卯-酉", "group": "行旅", "icon": "stable"}}, {"type": "Feature", "geometry": {"type": "Point", "coordinates": [119.4295365, 32.4080045]}, "properties": {"id": -7259, "name": "观德食铺", "kind": "食铺", "category": "custom", "hours": "卯-酉", "group": "饮食", "icon": "food"}}, {"type": "Feature", "geometry": {"type": "Point", "coordinates": [119.4447926, 32.3786931]}, "properties": {"id": -7260, "name": "安福茶坊", "kind": "茶坊", "category": "custom", "hours": "卯-酉", "group": "饮食", "icon": "tea"}}, {"type": "Feature", "geometry": {"type": "Point", "coordinates": [119.456772, 32.3753467]}, "properties": {"id": -7261, "name": "正平豆腐坊", "kind": "豆腐坊", "category": "custom", "hours": "卯-酉", "group": "百工", "icon": "mill"}}, {"type": "Feature", "geometry": {"type": "Point", "coordinates": [119.4097809, 32.3889002]}, "properties": {"id": -7262, "name": "瑞瑞酱园", "kind": "酱园", "category": "custom", "hours": "卯-酉", "group": "百工", "icon": "food"}}, {"type": "Feature", "geometry": {"type": "Point", "coordinates": [119.4157605, 32.3892983]}, "properties": {"id": -7263, "name": "长祥饼铺", "kind": "饼铺", "category": "custom", "hours": "卯-酉", "group": "饮食", "icon": "shop"}}, {"type": "Feature", "geometry": {"type": "Point", "coordinates": [119.4557951, 32.3755747]}, "properties": {"id": -7264, "name": "春瑞绸缎庄", "kind": "绸缎庄", "category": "custom", "hours": "卯-酉", "group": "商市", "icon": "textile"}}, {"type": "Feature", "geometry": {"type": "Point", "coordinates": [119.4090932, 32.4025744]}, "properties": {"id": -7265, "name": "同瑞药铺", "kind": "药铺", "category": "custom", "hours": "卯-酉", "group": "医药", "icon": "med"}}, {"type": "Feature", "geometry": {"type": "Point", "coordinates": [119.4139534, 32.3930372]}, "properties": {"id": -7266, "name": "福丰绣坊", "kind": "绣坊", "category": "custom", "hours": "卯-酉", "group": "百工", "icon": "textile"}}, {"type": "Feature", "geometry": {"type": "Point", "coordinates": [119.4430384, 32.3754293]}, "properties": {"id": -7267, "name": "莲昌寺", "kind": "寺", "category": "custom", "hours": "卯-申", "group": "信仰", "icon": "temple"}}, {"type": "Feature", "geometry": {"type": "Point", "coordinates": [119.4556704, 32.3803578]}, "properties": {"id": -7268, "name": "怀源书坊", "kind": "书坊", "category": "custom", "hours": "卯-酉", "group": "文教", "icon": "library"}}, {"type": "Feature", "geometry": {"type": "Point", "coordinates": [119.4389398, 32.4108285]}, "properties": {"id": -7269, "name": "元宁客栈", "kind": "客栈", "category": "custom", "hours": "全天", "group": "行旅", "icon": "inn"}}, {"type": "Feature", "geometry": {"type": "Point", "coordinates": [119.4224784, 32.4037489]}, "properties": {"id": -7270, "name": "长兴饼铺", "kind": "饼铺", "category": "custom", "hours": "卯-酉", "group": "饮食", "icon": "shop"}}, {"type": "Feature", "geometry": {"type": "Point", "coordinates": [119.4157783, 32.3990249]}, "properties": {"id": -7271, "name": "庆祥蒙馆", "kind": "蒙馆", "category": "custom", "hours": "卯-申", "group": "文教", "icon": "academy"}}, {"type": "Feature", "geometry": {"type": "Point", "coordinates": [119.4453373, 32.3820348]}, "properties": {"id": -7272, "name": "清顺医馆", "kind": "医馆", "category": "custom", "hours": "卯-酉", "group": "医药", "icon": "med"}}, {"type": "Feature", "geometry": {"type": "Point", "coordinates": [119.4348821, 32.4145198]}, "properties": {"id": -7273, "name": "康昌食铺", "kind": "食铺", "category": "custom", "hours": "卯-酉", "group": "饮食", "icon": "food"}}, {"type": "Feature", "geometry": {"type": "Point", "coordinates": [119.4279263, 32.3718717]}, "properties": {"id": -7274, "name": "市集", "kind": "市集", "category": "custom", "hours": "卯-酉", "group": "商市", "icon": "market"}}, {"type": "Feature", "geometry": {"type": "Point", "coordinates": [119.4176055, 32.3769905]}, "properties": {"id": -7275, "name": "元元磨坊", "kind": "磨坊", "category": "custom", "hours": "卯-酉", "group": "百工", "icon": "mill"}}, {"type": "Feature", "geometry": {"type": "Point", "coordinates": [119.4489905, 32.4136889]}, "properties": {"id": -7276, "name": "桥", "kind": "桥", "category": "custom", "hours": "全天", "group": "行旅", "icon": "bridge"}}, {"type": "Feature", "geometry": {"type": "Point", "coordinates": [119.4182433, 32.3786374]}, "properties": {"id": -7277, "name": "桥", "kind": "桥", "category": "custom", "hours": "全天", "group": "行旅", "icon": "bridge"}}, {"type": "Feature", "geometry": {"type": "Point", "coordinates": [119.4521576, 32.4093168]}, "properties": {"id": -7278, "name": "梅德酒肆", "kind": "酒肆", "category": "custom", "hours": "卯-酉", "group": "饮食", "icon": "tavern"}}, {"type": "Feature", "geometry": {"type": "Point", "coordinates": [119.4250182, 32.3707252]}, "properties": {"id": -7279, "name": "康丰马厩", "kind": "马厩", "category": "custom", "hours": "卯-酉", "group": "行旅", "icon": "stable"}}, {"type": "Feature", "geometry": {"type": "Point", "coordinates": [119.4508968, 32.3853537]}, "properties": {"id": -7280, "name": "祥和客栈", "kind": "客栈", "category": "custom", "hours": "全天", "group": "行旅", "icon": "inn"}}, {"type": "Feature", "geometry": {"type": "Point", "coordinates": [119.4099767, 32.3973413]}, "properties": {"id": -7281, "name": "清熙铁匠铺", "kind": "铁匠铺", "category": "custom", "hours": "卯-酉", "group": "百工", "icon": "smith"}}, {"type": "Feature", "geometry": {"type": "Point", "coordinates": [119.4170308, 32.3902929]}, "properties": {"id": -7282, "name": "瑞隆饼铺", "kind": "饼铺", "category": "custom", "hours": "卯-酉", "group": "饮食", "icon": "shop"}}, {"type": "Feature", "geometry": {"type": "Point", "coordinates": [119.4413248, 32.3786116]}, "properties": {"id": -7283, "name": "庆熙递铺", "kind": "递铺", "category": "custom", "hours": "全天", "group": "行旅", "icon": "post"}}, {"type": "Feature", "geometry": {"type": "Point", "coordinates": [119.4532684, 32.3940245]}, "properties": {"id": -7284, "name": "泰宁磨坊", "kind": "磨坊", "category": "custom", "hours": "卯-酉", "group": "百工", "icon": "mill"}}, {"type": "Feature", "geometry": {"type": "Point", "coordinates": [119.4371679, 32.4079518]}, "properties": {"id": -7285, "name": "广瑞粮行", "kind": "粮行", "category": "custom", "hours": "卯-酉", "group": "商市", "icon": "grain"}}, {"type": "Feature", "geometry": {"type": "Point", "coordinates": [119.4410784, 32.3903553]}, "properties": {"id": -7286, "name": "义昌食铺", "kind": "食铺", "category": "custom", "hours": "卯-酉", "group": "饮食", "icon": "food"}}, {"type": "Feature", "geometry": {"type": "Point", "coordinates": [119.4374414, 32.3713878]}, "properties": {"id": -7287, "name": "莲福递铺", "kind": "递铺", "category": "custom", "hours": "全天", "group": "行旅", "icon": "post"}}, {"type": "Feature", "geometry": {"type": "Point", "coordinates": [119.4337863, 32.3980696]}, "properties": {"id": -7288, "name": "康义绣坊", "kind": "绣坊", "category": "custom", "hours": "卯-酉", "group": "百工", "icon": "textile"}}, {"type": "Feature", "geometry": {"type": "Point", "coordinates": [119.4295463, 32.4102012]}, "properties": {"id": -7289, "name": "瑞宁药铺", "kind": "药铺", "category": "custom", "hours": "卯-酉", "group": "医药", "icon": "med"}}, {"type": "Feature", "geometry": {"type": "Point", "coordinates": [119.4391588, 32.3957502]}, "properties": {"id": -7290, "name": "敦熙铁匠铺", "kind": "铁匠铺", "category": "custom", "hours": "卯-酉", "group": "百工", "icon": "smith"}}, {"type": "Feature", "geometry": {"type": "Point", "coordinates": [119.4404172, 32.4153343]}, "properties": {"id": -7291, "name": "同顺酒坊", "kind": "酒坊", "category": "custom", "hours": "卯-酉", "group": "饮食", "icon": "wine"}}, {"type": "Feature", "geometry": {"type": "Point", "coordinates": [119.4465306, 32.4055112]}, "properties": {"id": -7292, "name": "清华酒坊", "kind": "酒坊", "category": "custom", "hours": "卯-酉", "group": "饮食", "icon": "wine"}}, {"type": "Feature", "geometry": {"type": "Point", "coordinates": [119.4268491, 32.3708546]}, "properties": {"id": -7293, "name": "乐瑞递铺", "kind": "递铺", "category": "custom", "hours": "全天", "group": "行旅", "icon": "post"}}, {"type": "Feature", "geometry": {"type": "Point", "coordinates": [119.4517753, 32.4115159]}, "properties": {"id": -7294, "name": "土地庙", "kind": "土地庙", "category": "custom", "hours": "卯-申", "group": "信仰", "icon": "shrine"}}, {"type": "Feature", "geometry": {"type": "Point", "coordinates": [119.4494365, 32.3997362]}, "properties": {"id": -7295, "name": "安通客栈", "kind": "客栈", "category": "custom", "hours": "全天", "group": "行旅", "icon": "inn"}}, {"type": "Feature", "geometry": {"type": "Point", "coordinates": [119.4296589, 32.4062184]}, "properties": {"id": -7296, "name": "仁济寺", "kind": "寺", "category": "custom", "hours": "卯-申", "group": "信仰", "icon": "temple"}}, {"type": "Feature", "geometry": {"type": "Point", "coordinates": [119.4444504, 32.3895075]}, "properties": {"id": -7297, "name": "双通粮行", "kind": "粮行", "category": "custom", "hours": "卯-酉", "group": "商市", "icon": "grain"}}, {"type": "Feature", "geometry": {"type": "Point", "coordinates": [119.4471068, 32.3880721]}, "properties": {"id": -7298, "name": "观景蒙馆", "kind": "蒙馆", "category": "custom", "hours": "卯-申", "group": "文教", "icon": "academy"}}, {"type": "Feature", "geometry": {"type": "Point", "coordinates": [119.450418, 32.3940131]}, "properties": {"id": -7299, "name": "同宁饼铺", "kind": "饼铺", "category": "custom", "hours": "卯-酉", "group": "饮食", "icon": "shop"}}, {"type": "Feature", "geometry": {"type": "Point", "coordinates": [119.4353948, 32.4123617]}, "properties": {"id": -7300, "name": "顺顺食铺", "kind": "食铺", "category": "custom", "hours": "卯-酉", "group": "饮食", "icon": "food"}}, {"type": "Feature", "geometry": {"type": "Point", "coordinates": [119.4485619, 32.3902012]}, "properties": {"id": -7301, "name": "通义茶坊", "kind": "茶坊", "category": "custom", "hours": "卯-酉", "group": "饮食", "icon": "tea"}}, {"type": "Feature", "geometry": {"type": "Point", "coordinates": [119.462471, 32.4084007]}, "properties": {"id": -7302, "name": "桂发织坊", "kind": "织坊", "category": "custom", "hours": "卯-酉", "group": "百工", "icon": "textile"}}, {"type": "Feature", "geometry": {"type": "Point", "coordinates": [119.4476167, 32.41449]}, "properties": {"id": -7303, "name": "同茂酒肆", "kind": "酒肆", "category": "custom", "hours": "卯-酉", "group": "饮食", "icon": "tavern"}}, {"type": "Feature", "geometry": {"type": "Point", "coordinates": [119.4143508, 32.3830699]}, "properties": {"id": -7304, "name": "顺和医馆", "kind": "医馆", "category": "custom", "hours": "卯-酉", "group": "医药", "icon": "med"}}, {"type": "Feature", "geometry": {"type": "Point", "coordinates": [119.4319179, 32.4167478]}, "properties": {"id": -7305, "name": "市集", "kind": "市集", "category": "custom", "hours": "卯-酉", "group": "商市", "icon": "market"}}, {"type": "Feature", "geometry": {"type": "Point", "coordinates": [119.4425308, 32.3759485]}, "properties": {"id": -7306, "name": "积德药铺", "kind": "药铺", "category": "custom", "hours": "卯-酉", "group": "医药", "icon": "med"}}, {"type": "Feature", "geometry": {"type": "Point", "coordinates": [119.4517188, 32.3730288]}, "properties": {"id": -7307, "name": "泰瑞寺", "kind": "寺", "category": "custom", "hours": "卯-申", "group": "信仰", "icon": "temple"}}, {"type": "Feature", "geometry": {"type": "Point", "coordinates": [119.4104818, 32.3845052]}, "properties": {"id": -7308, "name": "同来茶坊", "kind": "茶坊", "category": "custom", "hours": "卯-酉", "group": "饮食", "icon": "tea"}}, {"type": "Feature", "geometry": {"type": "Point", "coordinates": [119.4459206, 32.3748321]}, "properties": {"id": -7309, "name": "万成祠", "kind": "祠", "category": "custom", "hours": "卯-申", "group": "信仰", "icon": "shrine"}}, {"type": "Feature", "geometry": {"type": "Point", "coordinates": [119.4367256, 32.4045482]}, "properties": {"id": -7310, "name": "市集", "kind": "市集", "category": "custom", "hours": "卯-酉", "group": "商市", "icon": "market"}}, {"type": "Feature", "geometry": {"type": "Point", "coordinates": [119.4307362, 32.3808348]}, "properties": {"id": -7311, "name": "景平酒坊", "kind": "酒坊", "category": "custom", "hours": "卯-酉", "group": "饮食", "icon": "wine"}}, {"type": "Feature", "geometry": {"type": "Point", "coordinates": [119.440916, 32.4075753]}, "properties": {"id": -7312, "name": "元安医馆", "kind": "医馆", "category": "custom", "hours": "卯-酉", "group": "医药", "icon": "med"}}, {"type": "Feature", "geometry": {"type": "Point", "coordinates": [119.4481837, 32.3871289]}, "properties": {"id": -7313, "name": "升熙饼铺", "kind": "饼铺", "category": "custom", "hours": "卯-酉", "group": "饮食", "icon": "shop"}}, {"type": "Feature", "geometry": {"type": "Point", "coordinates": [119.4393913, 32.3839096]}, "properties": {"id": -7314, "name": "升顺粮行", "kind": "粮行", "category": "custom", "hours": "卯-酉", "group": "商市", "icon": "grain"}}, {"type": "Feature", "geometry": {"type": "Point", "coordinates": [119.4608251, 32.4111684]}, "properties": {"id": -7315, "name": "承隆磨坊", "kind": "磨坊", "category": "custom", "hours": "卯-酉", "group": "百工", "icon": "mill"}}, {"type": "Feature", "geometry": {"type": "Point", "coordinates": [119.4109687, 32.4030041]}, "properties": {"id": -7316, "name": "通兴油坊", "kind": "油坊", "category": "custom", "hours": "卯-酉", "group": "百工", "icon": "mill"}}, {"type": "Feature", "geometry": {"type": "Point", "coordinates": [119.4643171, 32.390529]}, "properties": {"id": -7317, "name": "万宁酒肆", "kind": "酒肆", "category": "custom", "hours": "卯-酉", "group": "饮食", "icon": "tavern"}}, {"type": "Feature", "geometry": {"type": "Point", "coordinates": [119.4499818, 32.3980474]}, "properties": {"id": -7318, "name": "永盛铁匠铺", "kind": "铁匠铺", "category": "custom", "hours": "卯-酉", "group": "百工", "icon": "smith"}}, {"type": "Feature", "geometry": {"type": "Point", "coordinates": [119.4542011, 32.3892721]}, "properties": {"id": -7319, "name": "开来食铺", "kind": "食铺", "category": "custom", "hours": "卯-酉", "group": "饮食", "icon": "food"}}, {"type": "Feature", "geometry": {"type": "Point", "coordinates": [119.4433683, 32.3842375]}, "properties": {"id": -7320, "name": "金源蒙馆", "kind": "蒙馆", "category": "custom", "hours": "卯-申", "group": "文教", "icon": "academy"}}, {"type": "Feature", "geometry": {"type": "Point", "coordinates": [119.4468099, 32.3790523]}, "properties": {"id": -7321, "name": "通聚茶坊", "kind": "茶坊", "category": "custom", "hours": "卯-酉", "group": "饮食", "icon": "tea"}}, {"type": "Feature", "geometry": {"type": "Point", "coordinates": [119.4334012, 32.3743702]}, "properties": {"id": -7322, "name": "元瑞绣坊", "kind": "绣坊", "category": "custom", "hours": "卯-酉", "group": "百工", "icon": "textile"}}, {"type": "Feature", "geometry": {"type": "Point", "coordinates": [119.428573, 32.3860722]}, "properties": {"id": -7323, "name": "祥安食铺", "kind": "食铺", "category": "custom", "hours": "卯-酉", "group": "饮食", "icon": "food"}}, {"type": "Feature", "geometry": {"type": "Point", "coordinates": [119.439788, 32.3779669]}, "properties": {"id": -7324, "name": "乐安绣坊", "kind": "绣坊", "category": "custom", "hours": "卯-酉", "group": "百工", "icon": "textile"}}, {"type": "Feature", "geometry": {"type": "Point", "coordinates": [119.438534, 32.4006217]}, "properties": {"id": -7325, "name": "清福酒坊", "kind": "酒坊", "category": "custom", "hours": "卯-酉", "group": "饮食", "icon": "wine"}}, {"type": "Feature", "geometry": {"type": "Point", "coordinates": [119.4500282, 32.402886]}, "properties": {"id": -7326, "name": "桥", "kind": "桥", "category": "custom", "hours": "全天", "group": "行旅", "icon": "bridge"}}, {"type": "Feature", "geometry": {"type": "Point", "coordinates": [119.442446, 32.3819545]}, "properties": {"id": -7327, "name": "敦福书坊", "kind": "书坊", "category": "custom", "hours": "卯-酉", "group": "文教", "icon": "library"}}, {"type": "Feature", "geometry": {"type": "Point", "coordinates": [119.4158713, 32.3869902]}, "properties": {"id": -7328, "name": "顺元布行", "kind": "布行", "category": "custom", "hours": "卯-酉", "group": "商市", "icon": "textile"}}, {"type": "Feature", "geometry": {"type": "Point", "coordinates": [119.4521381, 32.4075306]}, "properties": {"id": -7329, "name": "梅顺客栈", "kind": "客栈", "category": "custom", "hours": "全天", "group": "行旅", "icon": "inn"}}, {"type": "Feature", "geometry": {"type": "Point", "coordinates": [119.4125879, 32.3798268]}, "properties": {"id": -7330, "name": "梅景祠", "kind": "祠", "category": "custom", "hours": "卯-申", "group": "信仰", "icon": "shrine"}}, {"type": "Feature", "geometry": {"type": "Point", "coordinates": [119.4333671, 32.3824554]}, "properties": {"id": -7331, "name": "崇宁酒坊", "kind": "酒坊", "category": "custom", "hours": "卯-酉", "group": "饮食", "icon": "wine"}}, {"type": "Feature", "geometry": {"type": "Point", "coordinates": [119.4204038, 32.3740135]}, "properties": {"id": -7332, "name": "春平客栈", "kind": "客栈", "category": "custom", "hours": "全天", "group": "行旅", "icon": "inn"}}, {"type": "Feature", "geometry": {"type": "Point", "coordinates": [119.4577299, 32.3843628]}, "properties": {"id": -7333, "name": "市集", "kind": "市集", "category": "custom", "hours": "卯-酉", "group": "商市", "icon": "market"}}, {"type": "Feature", "geometry": {"type": "Point", "coordinates": [119.42667, 32.3879967]}, "properties": {"id": -7334, "name": "元盛绸缎庄", "kind": "绸缎庄", "category": "custom", "hours": "卯-酉", "group": "商市", "icon": "textile"}}, {"type": "Feature", "geometry": {"type": "Point", "coordinates": [119.4172469, 32.4115732]}, "properties": {"id": -7335, "name": "元昌书坊", "kind": "书坊", "category": "custom", "hours": "卯-酉", "group": "文教", "icon": "library"}}, {"type": "Feature", "geometry": {"type": "Point", "coordinates": [119.4275811, 32.4040153]}, "properties": {"id": -7336, "name": "金丰酒肆", "kind": "酒肆", "category": "custom", "hours": "卯-酉", "group": "饮食", "icon": "tavern"}}, {"type": "Feature", "geometry": {"type": "Point", "coordinates": [119.4289176, 32.4058498]}, "properties": {"id": -7337, "name": "聚通书坊", "kind": "书坊", "category": "custom", "hours": "卯-酉", "group": "文教", "icon": "library"}}, {"type": "Feature", "geometry": {"type": "Point", "coordinates": [119.4369666, 32.3913928]}, "properties": {"id": -7338, "name": "广瑞递铺", "kind": "递铺", "category": "custom", "hours": "全天", "group": "行旅", "icon": "post"}}, {"type": "Feature", "geometry": {"type": "Point", "coordinates": [119.430932, 32.4117638]}, "properties": {"id": -7339, "name": "承熙医馆", "kind": "医馆", "category": "custom", "hours": "卯-酉", "group": "医药", "icon": "med"}}, {"type": "Feature", "geometry": {"type": "Point", "coordinates": [119.4170135, 32.3898257]}, "properties": {"id": -7340, "name": "文玉布行", "kind": "布行", "category": "custom", "hours": "卯-酉", "group": "商市", "icon": "textile"}}, {"type": "Feature", "geometry": {"type": "Point", "coordinates": [119.4431221, 32.3978355]}, "properties": {"id": -7341, "name": "土地庙", "kind": "土地庙", "category": "custom", "hours": "卯-申", "group": "信仰", "icon": "shrine"}}, {"type": "Feature", "geometry": {"type": "Point", "coordinates": [119.4432043, 32.3835991]}, "properties": {"id": -7342, "name": "长宁豆腐坊", "kind": "豆腐坊", "category": "custom", "hours": "卯-酉", "group": "百工", "icon": "mill"}}, {"type": "Feature", "geometry": {"type": "Point", "coordinates": [119.433061, 32.3821531]}, "properties": {"id": -7343, "name": "顺宁铁匠铺", "kind": "铁匠铺", "category": "custom", "hours": "卯-酉", "group": "百工", "icon": "smith"}}, {"type": "Feature", "geometry": {"type": "Point", "coordinates": [119.4321643, 32.3835426]}, "properties": {"id": -7344, "name": "聚通绸缎庄", "kind": "绸缎庄", "category": "custom", "hours": "卯-酉", "group": "商市", "icon": "textile"}}, {"type": "Feature", "geometry": {"type": "Point", "coordinates": [119.4450962, 32.3706178]}, "properties": {"id": -7345, "name": "仁义棋馆", "kind": "棋馆", "category": "custom", "hours": "午-子", "group": "百戏娱乐", "icon": "go"}}, {"type": "Feature", "geometry": {"type": "Point", "coordinates": [119.4244307, 32.3797365]}, "properties": {"id": -7346, "name": "竹宁酒肆", "kind": "酒肆", "category": "custom", "hours": "卯-酉", "group": "饮食", "icon": "tavern"}}, {"type": "Feature", "geometry": {"type": "Point", "coordinates": [119.4277408, 32.4180152]}, "properties": {"id": -7347, "name": "德盛客栈", "kind": "客栈", "category": "custom", "hours": "全天", "group": "行旅", "icon": "inn"}}, {"type": "Feature", "geometry": {"type": "Point", "coordinates": [119.4318481, 32.4103416]}, "properties": {"id": -7348, "name": "泰丰酒肆", "kind": "酒肆", "category": "custom", "hours": "卯-酉", "group": "饮食", "icon": "tavern"}}, {"type": "Feature", "geometry": {"type": "Point", "coordinates": [119.4590499, 32.4029488]}, "properties": {"id": -7349, "name": "怀来酒肆", "kind": "酒肆", "category": "custom", "hours": "卯-酉", "group": "饮食", "icon": "tavern"}}, {"type": "Feature", "geometry": {"type": "Point", "coordinates": [119.4172069, 32.3832307]}, "properties": {"id": -7350, "name": "安顺茶坊", "kind": "茶坊", "category": "custom", "hours": "卯-酉", "group": "饮食", "icon": "tea"}}, {"type": "Feature", "geometry": {"type": "Point", "coordinates": [119.4638412, 32.3958009]}, "properties": {"id": -7351, "name": "义景祠", "kind": "祠", "category": "custom", "hours": "卯-申", "group": "信仰", "icon": "shrine"}}, {"type": "Feature", "geometry": {"type": "Point", "coordinates": [119.4116024, 32.4062588]}, "properties": {"id": -7352, "name": "永元饼铺", "kind": "饼铺", "category": "custom", "hours": "卯-酉", "group": "饮食", "icon": "shop"}}, {"type": "Feature", "geometry": {"type": "Point", "coordinates": [119.4360252, 32.4039459]}, "properties": {"id": -7353, "name": "春茂木匠行", "kind": "木匠行", "category": "custom", "hours": "卯-酉", "group": "百工", "icon": "carpenter"}}, {"type": "Feature", "geometry": {"type": "Point", "coordinates": [119.4319007, 32.3711169]}, "properties": {"id": -7354, "name": "昌来饼铺", "kind": "饼铺", "category": "custom", "hours": "卯-酉", "group": "饮食", "icon": "shop"}}, {"type": "Feature", "geometry": {"type": "Point", "coordinates": [119.4322269, 32.411988]}, "properties": {"id": -7355, "name": "正义绣坊", "kind": "绣坊", "category": "custom", "hours": "卯-酉", "group": "百工", "icon": "textile"}}, {"type": "Feature", "geometry": {"type": "Point", "coordinates": [119.4505346, 32.3866708]}, "properties": {"id": -7356, "name": "同福饼铺", "kind": "饼铺", "category": "custom", "hours": "卯-酉", "group": "饮食", "icon": "shop"}}, {"type": "Feature", "geometry": {"type": "Point", "coordinates": [119.4142657, 32.3923662]}, "properties": {"id": -7357, "name": "德茂茶坊", "kind": "茶坊", "category": "custom", "hours": "卯-酉", "group": "饮食", "icon": "tea"}}, {"type": "Feature", "geometry": {"type": "Point", "coordinates": [119.4452599, 32.3838321]}, "properties": {"id": -7358, "name": "万元酒肆", "kind": "酒肆", "category": "custom", "hours": "卯-酉", "group": "饮食", "icon": "tavern"}}, {"type": "Feature", "geometry": {"type": "Point", "coordinates": [119.429067, 32.3717273]}, "properties": {"id": -7359, "name": "广景食铺", "kind": "食铺", "category": "custom", "hours": "卯-酉", "group": "饮食", "icon": "food"}}, {"type": "Feature", "geometry": {"type": "Point", "coordinates": [119.4128713, 32.3941409]}, "properties": {"id": -7360, "name": "清乐车马行", "kind": "车马行", "category": "custom", "hours": "卯-酉", "group": "行旅", "icon": "stable"}}, {"type": "Feature", "geometry": {"type": "Point", "coordinates": [119.4460026, 32.3731477]}, "properties": {"id": -7361, "name": "正景马厩", "kind": "马厩", "category": "custom", "hours": "卯-酉", "group": "行旅", "icon": "stable"}}, {"type": "Feature", "geometry": {"type": "Point", "coordinates": [119.4522539, 32.3854707]}, "properties": {"id": -7362, "name": "万熙祠", "kind": "祠", "category": "custom", "hours": "卯-申", "group": "信仰", "icon": "shrine"}}, {"type": "Feature", "geometry": {"type": "Point", "coordinates": [119.4547214, 32.403963]}, "properties": {"id": -7363, "name": "土地庙", "kind": "土地庙", "category": "custom", "hours": "卯-申", "group": "信仰", "icon": "shrine"}}, {"type": "Feature", "geometry": {"type": "Point", "coordinates": [119.4521399, 32.4121558]}, "properties": {"id": -7364, "name": "书场", "kind": "书场", "category": "custom", "hours": "午-子", "group": "百戏娱乐", "icon": "story"}}, {"type": "Feature", "geometry": {"type": "Point", "coordinates": [119.4465275, 32.3751608]}, "properties": {"id": -7365, "name": "观元棋馆", "kind": "棋馆", "category": "custom", "hours": "午-子", "group": "百戏娱乐", "icon": "go"}}, {"type": "Feature", "geometry": {"type": "Point", "coordinates": [119.4530026, 32.3929658]}, "properties": {"id": -7366, "name": "和福书坊", "kind": "书坊", "category": "custom", "hours": "卯-酉", "group": "文教", "icon": "library"}}, {"type": "Feature", "geometry": {"type": "Point", "coordinates": [119.4528782, 32.3845366]}, "properties": {"id": -7367, "name": "长福饼铺", "kind": "饼铺", "category": "custom", "hours": "卯-酉", "group": "饮食", "icon": "shop"}}, {"type": "Feature", "geometry": {"type": "Point", "coordinates": [119.4532904, 32.3788522]}, "properties": {"id": -7368, "name": "承元书坊", "kind": "书坊", "category": "custom", "hours": "卯-酉", "group": "文教", "icon": "library"}}, {"type": "Feature", "geometry": {"type": "Point", "coordinates": [119.4097852, 32.3960507]}, "properties": {"id": -7369, "name": "乐通铁匠铺", "kind": "铁匠铺", "category": "custom", "hours": "卯-酉", "group": "百工", "icon": "smith"}}, {"type": "Feature", "geometry": {"type": "Point", "coordinates": [119.4640792, 32.399369]}, "properties": {"id": -7370, "name": "福济油坊", "kind": "油坊", "category": "custom", "hours": "卯-酉", "group": "百工", "icon": "mill"}}, {"type": "Feature", "geometry": {"type": "Point", "coordinates": [119.4411294, 32.3718349]}, "properties": {"id": -7371, "name": "桥", "kind": "桥", "category": "custom", "hours": "全天", "group": "行旅", "icon": "bridge"}}, {"type": "Feature", "geometry": {"type": "Point", "coordinates": [119.456559, 32.3989047]}, "properties": {"id": -7372, "name": "泰祥寺", "kind": "寺", "category": "custom", "hours": "卯-申", "group": "信仰", "icon": "temple"}}, {"type": "Feature", "geometry": {"type": "Point", "coordinates": [119.4399092, 32.3967357]}, "properties": {"id": -7373, "name": "万源布行", "kind": "布行", "category": "custom", "hours": "卯-酉", "group": "商市", "icon": "textile"}}, {"type": "Feature", "geometry": {"type": "Point", "coordinates": [119.4204175, 32.3716871]}, "properties": {"id": -7374, "name": "福祥酒肆", "kind": "酒肆", "category": "custom", "hours": "卯-酉", "group": "饮食", "icon": "tavern"}}, {"type": "Feature", "geometry": {"type": "Point", "coordinates": [119.4350999, 32.4118516]}, "properties": {"id": -7375, "name": "广玉布行", "kind": "布行", "category": "custom", "hours": "卯-酉", "group": "商市", "icon": "textile"}}, {"type": "Feature", "geometry": {"type": "Point", "coordinates": [119.4609184, 32.3921583]}, "properties": {"id": -7376, "name": "观平园", "kind": "园", "category": "custom", "hours": "全天", "group": "游乐", "icon": "garden"}}, {"type": "Feature", "geometry": {"type": "Point", "coordinates": [119.4437551, 32.4054375]}, "properties": {"id": -7377, "name": "泰通马厩", "kind": "马厩", "category": "custom", "hours": "卯-酉", "group": "行旅", "icon": "stable"}}, {"type": "Feature", "geometry": {"type": "Point", "coordinates": [119.4244358, 32.4098417]}, "properties": {"id": -7378, "name": "土地庙", "kind": "土地庙", "category": "custom", "hours": "卯-申", "group": "信仰", "icon": "shrine"}}, {"type": "Feature", "geometry": {"type": "Point", "coordinates": [119.4438372, 32.4133032]}, "properties": {"id": -7379, "name": "双聚饼铺", "kind": "饼铺", "category": "custom", "hours": "卯-酉", "group": "饮食", "icon": "shop"}}, {"type": "Feature", "geometry": {"type": "Point", "coordinates": [119.4168623, 32.3935366]}, "properties": {"id": -7380, "name": "观顺药铺", "kind": "药铺", "category": "custom", "hours": "卯-酉", "group": "医药", "icon": "med"}}, {"type": "Feature", "geometry": {"type": "Point", "coordinates": [119.4370906, 32.3703951]}, "properties": {"id": -7381, "name": "积通织坊", "kind": "织坊", "category": "custom", "hours": "卯-酉", "group": "百工", "icon": "textile"}}, {"type": "Feature", "geometry": {"type": "Point", "coordinates": [119.453444, 32.381482]}, "properties": {"id": -7382, "name": "顺兴食铺", "kind": "食铺", "category": "custom", "hours": "卯-酉", "group": "饮食", "icon": "food"}}, {"type": "Feature", "geometry": {"type": "Point", "coordinates": [119.4417375, 32.3963622]}, "properties": {"id": -7383, "name": "通安客栈", "kind": "客栈", "category": "custom", "hours": "全天", "group": "行旅", "icon": "inn"}}, {"type": "Feature", "geometry": {"type": "Point", "coordinates": [119.4441341, 32.4072329]}, "properties": {"id": -7384, "name": "桥", "kind": "桥", "category": "custom", "hours": "全天", "group": "行旅", "icon": "bridge"}}, {"type": "Feature", "geometry": {"type": "Point", "coordinates": [119.43461, 32.3782636]}, "properties": {"id": -7385, "name": "崇华食铺", "kind": "食铺", "category": "custom", "hours": "卯-酉", "group": "饮食", "icon": "food"}}, {"type": "Feature", "geometry": {"type": "Point", "coordinates": [119.4192769, 32.3746595]}, "properties": {"id": -7386, "name": "桂玉绸缎庄", "kind": "绸缎庄", "category": "custom", "hours": "卯-酉", "group": "商市", "icon": "textile"}}, {"type": "Feature", "geometry": {"type": "Point", "coordinates": [119.430242, 32.3981626]}, "properties": {"id": -7387, "name": "善和武馆", "kind": "武馆", "category": "custom", "hours": "卯-申", "group": "军武", "icon": "martial"}}, {"type": "Feature", "geometry": {"type": "Point", "coordinates": [119.422362, 32.3862602]}, "properties": {"id": -7388, "name": "文丰木匠行", "kind": "木匠行", "category": "custom", "hours": "卯-酉", "group": "百工", "icon": "carpenter"}}, {"type": "Feature", "geometry": {"type": "Point", "coordinates": [119.4443741, 32.4004587]}, "properties": {"id": -7389, "name": "市集", "kind": "市集", "category": "custom", "hours": "卯-酉", "group": "商市", "icon": "market"}}, {"type": "Feature", "geometry": {"type": "Point", "coordinates": [119.4257574, 32.4079528]}, "properties": {"id": -7390, "name": "观通药铺", "kind": "药铺", "category": "custom", "hours": "卯-酉", "group": "医药", "icon": "med"}}, {"type": "Feature", "geometry": {"type": "Point", "coordinates": [119.4373135, 32.3796007]}, "properties": {"id": -7391, "name": "通元酒肆", "kind": "酒肆", "category": "custom", "hours": "卯-酉", "group": "饮食", "icon": "tavern"}}, {"type": "Feature", "geometry": {"type": "Point", "coordinates": [119.4548666, 32.3919626]}, "properties": {"id": -7392, "name": "仁安食铺", "kind": "食铺", "category": "custom", "hours": "卯-酉", "group": "饮食", "icon": "food"}}, {"type": "Feature", "geometry": {"type": "Point", "coordinates": [119.4638863, 32.388822]}, "properties": {"id": -7393, "name": "和景祠", "kind": "祠", "category": "custom", "hours": "卯-申", "group": "信仰", "icon": "shrine"}}, {"type": "Feature", "geometry": {"type": "Point", "coordinates": [119.4287957, 32.3712255]}, "properties": {"id": -7394, "name": "祥通酒肆", "kind": "酒肆", "category": "custom", "hours": "卯-酉", "group": "饮食", "icon": "tavern"}}, {"type": "Feature", "geometry": {"type": "Point", "coordinates": [119.4131995, 32.4066482]}, "properties": {"id": -7395, "name": "双兴饼铺", "kind": "饼铺", "category": "custom", "hours": "卯-酉", "group": "饮食", "icon": "shop"}}, {"type": "Feature", "geometry": {"type": "Point", "coordinates": [119.4555216, 32.4111465]}, "properties": {"id": -7396, "name": "长德布行", "kind": "布行", "category": "custom", "hours": "卯-酉", "group": "商市", "icon": "textile"}}, {"type": "Feature", "geometry": {"type": "Point", "coordinates": [119.4098032, 32.3847336]}, "properties": {"id": -7397, "name": "景宁观", "kind": "观", "category": "custom", "hours": "卯-申", "group": "信仰", "icon": "temple"}}, {"type": "Feature", "geometry": {"type": "Point", "coordinates": [119.4541448, 32.3791404]}, "properties": {"id": -7398, "name": "土地庙", "kind": "土地庙", "category": "custom", "hours": "卯-申", "group": "信仰", "icon": "shrine"}}, {"type": "Feature", "geometry": {"type": "Point", "coordinates": [119.4216171, 32.3824942]}, "properties": {"id": -7399, "name": "观泰茶坊", "kind": "茶坊", "category": "custom", "hours": "卯-酉", "group": "饮食", "icon": "tea"}}, {"type": "Feature", "geometry": {"type": "Point", "coordinates": [119.4427177, 32.3727555]}, "properties": {"id": -7400, "name": "仁瑞蒙馆", "kind": "蒙馆", "category": "custom", "hours": "卯-申", "group": "文教", "icon": "academy"}}, {"type": "Feature", "geometry": {"type": "Point", "coordinates": [119.4566295, 32.3908049]}, "properties": {"id": -7401, "name": "观昌食铺", "kind": "食铺", "category": "custom", "hours": "卯-酉", "group": "饮食", "icon": "food"}}, {"type": "Feature", "geometry": {"type": "Point", "coordinates": [119.4531593, 32.4150488]}, "properties": {"id": -7402, "name": "金顺马厩", "kind": "马厩", "category": "custom", "hours": "卯-酉", "group": "行旅", "icon": "stable"}}, {"type": "Feature", "geometry": {"type": "Point", "coordinates": [119.4571861, 32.3825275]}, "properties": {"id": -7403, "name": "梅源绣坊", "kind": "绣坊", "category": "custom", "hours": "卯-酉", "group": "百工", "icon": "textile"}}, {"type": "Feature", "geometry": {"type": "Point", "coordinates": [119.4122692, 32.3897406]}, "properties": {"id": -7404, "name": "崇祥酒坊", "kind": "酒坊", "category": "custom", "hours": "卯-酉", "group": "饮食", "icon": "wine"}}, {"type": "Feature", "geometry": {"type": "Point", "coordinates": [119.4268259, 32.3715808]}, "properties": {"id": -7405, "name": "敦德酒肆", "kind": "酒肆", "category": "custom", "hours": "卯-酉", "group": "饮食", "icon": "tavern"}}, {"type": "Feature", "geometry": {"type": "Point", "coordinates": [119.44521, 32.3956474]}, "properties": {"id": -7406, "name": "元福酒肆", "kind": "酒肆", "category": "custom", "hours": "卯-酉", "group": "饮食", "icon": "tavern"}}, {"type": "Feature", "geometry": {"type": "Point", "coordinates": [119.455795, 32.4035195]}, "properties": {"id": -7407, "name": "和熙茶坊", "kind": "茶坊", "category": "custom", "hours": "卯-酉", "group": "饮食", "icon": "tea"}}, {"type": "Feature", "geometry": {"type": "Point", "coordinates": [119.4344809, 32.3916849]}, "properties": {"id": -7408, "name": "金景酒肆", "kind": "酒肆", "category": "custom", "hours": "卯-酉", "group": "饮食", "icon": "tavern"}}, {"type": "Feature", "geometry": {"type": "Point", "coordinates": [119.445249, 32.3709228]}, "properties": {"id": -7409, "name": "莲德药铺", "kind": "药铺", "category": "custom", "hours": "卯-酉", "group": "医药", "icon": "med"}}, {"type": "Feature", "geometry": {"type": "Point", "coordinates": [119.463831, 32.3931955]}, "properties": {"id": -7410, "name": "万玉食铺", "kind": "食铺", "category": "custom", "hours": "卯-酉", "group": "饮食", "icon": "food"}}, {"type": "Feature", "geometry": {"type": "Point", "coordinates": [119.4527546, 32.3879904]}, "properties": {"id": -7411, "name": "祥丰寺", "kind": "寺", "category": "custom", "hours": "卯-申", "group": "信仰", "icon": "temple"}}, {"type": "Feature", "geometry": {"type": "Point", "coordinates": [119.4328871, 32.3744416]}, "properties": {"id": -7412, "name": "仁隆客栈", "kind": "客栈", "category": "custom", "hours": "全天", "group": "行旅", "icon": "inn"}}, {"type": "Feature", "geometry": {"type": "Point", "coordinates": [119.4497772, 32.4152935]}, "properties": {"id": -7413, "name": "仁和马厩", "kind": "马厩", "category": "custom", "hours": "卯-酉", "group": "行旅", "icon": "stable"}}, {"type": "Feature", "geometry": {"type": "Point", "coordinates": [119.4501321, 32.3852982]}, "properties": {"id": -7414, "name": "金济祠", "kind": "祠", "category": "custom", "hours": "卯-申", "group": "信仰", "icon": "shrine"}}, {"type": "Feature", "geometry": {"type": "Point", "coordinates": [119.4305051, 32.4076337]}, "properties": {"id": -7415, "name": "善宁酒肆", "kind": "酒肆", "category": "custom", "hours": "卯-酉", "group": "饮食", "icon": "tavern"}}, {"type": "Feature", "geometry": {"type": "Point", "coordinates": [119.4332264, 32.3983312]}, "properties": {"id": -7416, "name": "庆元布行", "kind": "布行", "category": "custom", "hours": "卯-酉", "group": "商市", "icon": "textile"}}, {"type": "Feature", "geometry": {"type": "Point", "coordinates": [119.4250722, 32.4032462]}, "properties": {"id": -7417, "name": "清昌茶坊", "kind": "茶坊", "category": "custom", "hours": "卯-酉", "group": "饮食", "icon": "tea"}}, {"type": "Feature", "geometry": {"type": "Point", "coordinates": [119.4311665, 32.3796284]}, "properties": {"id": -7418, "name": "德福马厩", "kind": "马厩", "category": "custom", "hours": "卯-酉", "group": "行旅", "icon": "stable"}}, {"type": "Feature", "geometry": {"type": "Point", "coordinates": [119.4513578, 32.3759467]}, "properties": {"id": -7419, "name": "通安祠", "kind": "祠", "category": "custom", "hours": "卯-申", "group": "信仰", "icon": "shrine"}}, {"type": "Feature", "geometry": {"type": "Point", "coordinates": [119.4601987, 32.3787081]}, "properties": {"id": -7420, "name": "务景粮行", "kind": "粮行", "category": "custom", "hours": "卯-酉", "group": "商市", "icon": "grain"}}, {"type": "Feature", "geometry": {"type": "Point", "coordinates": [119.4159654, 32.3898859]}, "properties": {"id": -7421, "name": "崇玉茶坊", "kind": "茶坊", "category": "custom", "hours": "卯-酉", "group": "饮食", "icon": "tea"}}, {"type": "Feature", "geometry": {"type": "Point", "coordinates": [119.4615082, 32.3946372]}, "properties": {"id": -7422, "name": "康发药铺", "kind": "药铺", "category": "custom", "hours": "卯-酉", "group": "医药", "icon": "med"}}, {"type": "Feature", "geometry": {"type": "Point", "coordinates": [119.4422064, 32.3739269]}, "properties": {"id": -7423, "name": "金乐粮行", "kind": "粮行", "category": "custom", "hours": "卯-酉", "group": "商市", "icon": "grain"}}, {"type": "Feature", "geometry": {"type": "Point", "coordinates": [119.4198281, 32.3968628]}, "properties": {"id": -7424, "name": "永通油坊", "kind": "油坊", "category": "custom", "hours": "卯-酉", "group": "百工", "icon": "mill"}}, {"type": "Feature", "geometry": {"type": "Point", "coordinates": [119.4192404, 32.400706]}, "properties": {"id": -7425, "name": "文泰茶坊", "kind": "茶坊", "category": "custom", "hours": "卯-酉", "group": "饮食", "icon": "tea"}}, {"type": "Feature", "geometry": {"type": "Point", "coordinates": [119.4157939, 32.3744108]}, "properties": {"id": -7426, "name": "承福药铺", "kind": "药铺", "category": "custom", "hours": "卯-酉", "group": "医药", "icon": "med"}}, {"type": "Feature", "geometry": {"type": "Point", "coordinates": [119.436556, 32.3740203]}, "properties": {"id": -7427, "name": "双德绣坊", "kind": "绣坊", "category": "custom", "hours": "卯-酉", "group": "百工", "icon": "textile"}}, {"type": "Feature", "geometry": {"type": "Point", "coordinates": [119.4507918, 32.4063006]}, "properties": {"id": -7428, "name": "清德蒙馆", "kind": "蒙馆", "category": "custom", "hours": "卯-申", "group": "文教", "icon": "academy"}}, {"type": "Feature", "geometry": {"type": "Point", "coordinates": [119.4462681, 32.40199]}, "properties": {"id": -7429, "name": "梅乐粮行", "kind": "粮行", "category": "custom", "hours": "卯-酉", "group": "商市", "icon": "grain"}}, {"type": "Feature", "geometry": {"type": "Point", "coordinates": [119.4276432, 32.4097605]}, "properties": {"id": -7430, "name": "开安寺", "kind": "寺", "category": "custom", "hours": "卯-申", "group": "信仰", "icon": "temple"}}, {"type": "Feature", "geometry": {"type": "Point", "coordinates": [119.4582314, 32.3996839]}, "properties": {"id": -7431, "name": "通和酱园", "kind": "酱园", "category": "custom", "hours": "卯-酉", "group": "百工", "icon": "food"}}, {"type": "Feature", "geometry": {"type": "Point", "coordinates": [119.4160074, 32.3950596]}, "properties": {"id": -7432, "name": "桂平寺", "kind": "寺", "category": "custom", "hours": "卯-申", "group": "信仰", "icon": "temple"}}, {"type": "Feature", "geometry": {"type": "Point", "coordinates": [119.444133, 32.4157331]}, "properties": {"id": -7433, "name": "务源武馆", "kind": "武馆", "category": "custom", "hours": "卯-申", "group": "军武", "icon": "martial"}}, {"type": "Feature", "geometry": {"type": "Point", "coordinates": [119.4207114, 32.3743806]}, "properties": {"id": -7434, "name": "景泰铁匠铺", "kind": "铁匠铺", "category": "custom", "hours": "卯-酉", "group": "百工", "icon": "smith"}}, {"type": "Feature", "geometry": {"type": "Point", "coordinates": [119.4540209, 32.385709]}, "properties": {"id": -7435, "name": "土地庙", "kind": "土地庙", "category": "custom", "hours": "卯-申", "group": "信仰", "icon": "shrine"}}, {"type": "Feature", "geometry": {"type": "Point", "coordinates": [119.4532199, 32.3833463]}, "properties": {"id": -7436, "name": "春德木匠行", "kind": "木匠行", "category": "custom", "hours": "卯-酉", "group": "百工", "icon": "carpenter"}}, {"type": "Feature", "geometry": {"type": "Point", "coordinates": [119.4495499, 32.4167591]}, "properties": {"id": -7437, "name": "顺玉茶坊", "kind": "茶坊", "category": "custom", "hours": "卯-酉", "group": "饮食", "icon": "tea"}}, {"type": "Feature", "geometry": {"type": "Point", "coordinates": [119.4567183, 32.4051412]}, "properties": {"id": -7438, "name": "竹福观", "kind": "观", "category": "custom", "hours": "卯-申", "group": "信仰", "icon": "temple"}}, {"type": "Feature", "geometry": {"type": "Point", "coordinates": [119.4523663, 32.3981984]}, "properties": {"id": -7439, "name": "和福木匠行", "kind": "木匠行", "category": "custom", "hours": "卯-酉", "group": "百工", "icon": "carpenter"}}, {"type": "Feature", "geometry": {"type": "Point", "coordinates": [119.4577699, 32.3924684]}, "properties": {"id": -7440, "name": "康祥医馆", "kind": "医馆", "category": "custom", "hours": "卯-酉", "group": "医药", "icon": "med"}}, {"type": "Feature", "geometry": {"type": "Point", "coordinates": [119.4600596, 32.3835253]}, "properties": {"id": -7441, "name": "义通寺", "kind": "寺", "category": "custom", "hours": "卯-申", "group": "信仰", "icon": "temple"}}, {"type": "Feature", "geometry": {"type": "Point", "coordinates": [119.4451197, 32.4126567]}, "properties": {"id": -7442, "name": "清昌观", "kind": "观", "category": "custom", "hours": "卯-申", "group": "信仰", "icon": "temple"}}, {"type": "Feature", "geometry": {"type": "Point", "coordinates": [119.4205768, 32.3992828]}, "properties": {"id": -7443, "name": "昌茂食铺", "kind": "食铺", "category": "custom", "hours": "卯-酉", "group": "饮食", "icon": "food"}}, {"type": "Feature", "geometry": {"type": "Point", "coordinates": [119.4346274, 32.4167103]}, "properties": {"id": -7444, "name": "积元茶坊", "kind": "茶坊", "category": "custom", "hours": "卯-酉", "group": "饮食", "icon": "tea"}}, {"type": "Feature", "geometry": {"type": "Point", "coordinates": [119.4099144, 32.4047743]}, "properties": {"id": -7445, "name": "泰来食铺", "kind": "食铺", "category": "custom", "hours": "卯-酉", "group": "饮食", "icon": "food"}}, {"type": "Feature", "geometry": {"type": "Point", "coordinates": [119.4419258, 32.382927]}, "properties": {"id": -7446, "name": "永宁马厩", "kind": "马厩", "category": "custom", "hours": "卯-酉", "group": "行旅", "icon": "stable"}}, {"type": "Feature", "geometry": {"type": "Point", "coordinates": [119.4470091, 32.3739112]}, "properties": {"id": -7447, "name": "土地庙", "kind": "土地庙", "category": "custom", "hours": "卯-申", "group": "信仰", "icon": "shrine"}}, {"type": "Feature", "geometry": {"type": "Point", "coordinates": [119.4343368, 32.3816817]}, "properties": {"id": -7448, "name": "文平酒坊", "kind": "酒坊", "category": "custom", "hours": "卯-酉", "group": "饮食", "icon": "wine"}}, {"type": "Feature", "geometry": {"type": "Point", "coordinates": [119.4222145, 32.3747405]}, "properties": {"id": -7449, "name": "泰义绸缎庄", "kind": "绸缎庄", "category": "custom", "hours": "卯-酉", "group": "商市", "icon": "textile"}}, {"type": "Feature", "geometry": {"type": "Point", "coordinates": [119.4372271, 32.3729636]}, "properties": {"id": -7450, "name": "文发书坊", "kind": "书坊", "category": "custom", "hours": "卯-酉", "group": "文教", "icon": "library"}}, {"type": "Feature", "geometry": {"type": "Point", "coordinates": [119.4204166, 32.3903529]}, "properties": {"id": -7451, "name": "观华药铺", "kind": "药铺", "category": "custom", "hours": "卯-酉", "group": "医药", "icon": "med"}}, {"type": "Feature", "geometry": {"type": "Point", "coordinates": [119.427824, 32.412924]}, "properties": {"id": -7452, "name": "福熙药铺", "kind": "药铺", "category": "custom", "hours": "卯-酉", "group": "医药", "icon": "med"}}, {"type": "Feature", "geometry": {"type": "Point", "coordinates": [119.4254076, 32.3745321]}, "properties": {"id": -7453, "name": "桥", "kind": "桥", "category": "custom", "hours": "全天", "group": "行旅", "icon": "bridge"}}, {"type": "Feature", "geometry": {"type": "Point", "coordinates": [119.4263863, 32.3793386]}, "properties": {"id": -7454, "name": "桂泰药铺", "kind": "药铺", "category": "custom", "hours": "卯-酉", "group": "医药", "icon": "med"}}, {"type": "Feature", "geometry": {"type": "Point", "coordinates": [119.4106962, 32.3949768]}, "properties": {"id": -7455, "name": "顺乐磨坊", "kind": "磨坊", "category": "custom", "hours": "卯-酉", "group": "百工", "icon": "mill"}}, {"type": "Feature", "geometry": {"type": "Point", "coordinates": [119.409024, 32.3889962]}, "properties": {"id": -7456, "name": "万盛祠", "kind": "祠", "category": "custom", "hours": "卯-申", "group": "信仰", "icon": "shrine"}}, {"type": "Feature", "geometry": {"type": "Point", "coordinates": [119.4319246, 32.4179688]}, "properties": {"id": -7457, "name": "昌通酒肆", "kind": "酒肆", "category": "custom", "hours": "卯-酉", "group": "饮食", "icon": "tavern"}}, {"type": "Feature", "geometry": {"type": "Point", "coordinates": [119.4467755, 32.4079596]}, "properties": {"id": -7458, "name": "桥", "kind": "桥", "category": "custom", "hours": "全天", "group": "行旅", "icon": "bridge"}}, {"type": "Feature", "geometry": {"type": "Point", "coordinates": [119.430197, 32.3960813]}, "properties": {"id": -7459, "name": "土地庙", "kind": "土地庙", "category": "custom", "hours": "卯-申", "group": "信仰", "icon": "shrine"}}, {"type": "Feature", "geometry": {"type": "Point", "coordinates": [119.4312764, 32.3837599]}, "properties": {"id": -7460, "name": "庆义食铺", "kind": "食铺", "category": "custom", "hours": "卯-酉", "group": "饮食", "icon": "food"}}, {"type": "Feature", "geometry": {"type": "Point", "coordinates": [119.4382076, 32.3940842]}, "properties": {"id": -7461, "name": "泰顺饼铺", "kind": "饼铺", "category": "custom", "hours": "卯-酉", "group": "饮食", "icon": "shop"}}, {"type": "Feature", "geometry": {"type": "Point", "coordinates": [119.4400431, 32.3713499]}, "properties": {"id": -7462, "name": "积盛布行", "kind": "布行", "category": "custom", "hours": "卯-酉", "group": "商市", "icon": "textile"}}, {"type": "Feature", "geometry": {"type": "Point", "coordinates": [119.4472514, 32.3849927]}, "properties": {"id": -7463, "name": "瑞泰马厩", "kind": "马厩", "category": "custom", "hours": "卯-酉", "group": "行旅", "icon": "stable"}}, {"type": "Feature", "geometry": {"type": "Point", "coordinates": [119.4212673, 32.3973256]}, "properties": {"id": -7464, "name": "永华茶坊", "kind": "茶坊", "category": "custom", "hours": "卯-酉", "group": "饮食", "icon": "tea"}}, {"type": "Feature", "geometry": {"type": "Point", "coordinates": [119.4506842, 32.4038796]}, "properties": {"id": -7465, "name": "聚兴蒙馆", "kind": "蒙馆", "category": "custom", "hours": "卯-申", "group": "文教", "icon": "academy"}}, {"type": "Feature", "geometry": {"type": "Point", "coordinates": [119.4242056, 32.4002551]}, "properties": {"id": -7466, "name": "承安酱园", "kind": "酱园", "category": "custom", "hours": "卯-酉", "group": "百工", "icon": "food"}}, {"type": "Feature", "geometry": {"type": "Point", "coordinates": [119.4163156, 32.4116052]}, "properties": {"id": -7467, "name": "长福观", "kind": "观", "category": "custom", "hours": "卯-申", "group": "信仰", "icon": "temple"}}, {"type": "Feature", "geometry": {"type": "Point", "coordinates": [119.4292727, 32.3749166]}, "properties": {"id": -7468, "name": "土地庙", "kind": "土地庙", "category": "custom", "hours": "卯-申", "group": "信仰", "icon": "shrine"}}, {"type": "Feature", "geometry": {"type": "Point", "coordinates": [119.4302308, 32.4085269]}, "properties": {"id": -7469, "name": "务祥棋馆", "kind": "棋馆", "category": "custom", "hours": "午-子", "group": "百戏娱乐", "icon": "go"}}, {"type": "Feature", "geometry": {"type": "Point", "coordinates": [119.4556774, 32.3863929]}, "properties": {"id": -7470, "name": "顺熙蒙馆", "kind": "蒙馆", "category": "custom", "hours": "卯-申", "group": "文教", "icon": "academy"}}, {"type": "Feature", "geometry": {"type": "Point", "coordinates": [119.4490204, 32.3844362]}, "properties": {"id": -7471, "name": "崇发观", "kind": "观", "category": "custom", "hours": "卯-申", "group": "信仰", "icon": "temple"}}, {"type": "Feature", "geometry": {"type": "Point", "coordinates": [119.4444724, 32.4170981]}, "properties": {"id": -7472, "name": "仁乐食铺", "kind": "食铺", "category": "custom", "hours": "卯-酉", "group": "饮食", "icon": "food"}}, {"type": "Feature", "geometry": {"type": "Point", "coordinates": [119.4360608, 32.3707217]}, "properties": {"id": -7473, "name": "双成武馆", "kind": "武馆", "category": "custom", "hours": "卯-申", "group": "军武", "icon": "martial"}}, {"type": "Feature", "geometry": {"type": "Point", "coordinates": [119.4459122, 32.3859191]}, "properties": {"id": -7474, "name": "祥玉客栈", "kind": "客栈", "category": "custom", "hours": "全天", "group": "行旅", "icon": "inn"}}, {"type": "Feature", "geometry": {"type": "Point", "coordinates": [119.4607008, 32.38264]}, "properties": {"id": -7475, "name": "务隆药铺", "kind": "药铺", "category": "custom", "hours": "卯-酉", "group": "医药", "icon": "med"}}, {"type": "Feature", "geometry": {"type": "Point", "coordinates": [119.4319193, 32.4026209]}, "properties": {"id": -7476, "name": "迎福茶坊", "kind": "茶坊", "category": "custom", "hours": "卯-酉", "group": "饮食", "icon": "tea"}}, {"type": "Feature", "geometry": {"type": "Point", "coordinates": [119.4584441, 32.3866976]}, "properties": {"id": -7477, "name": "敦泰酒肆", "kind": "酒肆", "category": "custom", "hours": "卯-酉", "group": "饮食", "icon": "tavern"}}, {"type": "Feature", "geometry": {"type": "Point", "coordinates": [119.4508802, 32.3900293]}, "properties": {"id": -7478, "name": "景通医馆", "kind": "医馆", "category": "custom", "hours": "卯-酉", "group": "医药", "icon": "med"}}, {"type": "Feature", "geometry": {"type": "Point", "coordinates": [119.4440342, 32.4177728]}, "properties": {"id": -7479, "name": "正宁药铺", "kind": "药铺", "category": "custom", "hours": "卯-酉", "group": "医药", "icon": "med"}}, {"type": "Feature", "geometry": {"type": "Point", "coordinates": [119.4636568, 32.3859254]}, "properties": {"id": -7480, "name": "瑞景布行", "kind": "布行", "category": "custom", "hours": "卯-酉", "group": "商市", "icon": "textile"}}, {"type": "Feature", "geometry": {"type": "Point", "coordinates": [119.459762, 32.4027402]}, "properties": {"id": -7481, "name": "广瑞铁匠铺", "kind": "铁匠铺", "category": "custom", "hours": "卯-酉", "group": "百工", "icon": "smith"}}, {"type": "Feature", "geometry": {"type": "Point", "coordinates": [119.4443254, 32.4063764]}, "properties": {"id": -7482, "name": "文丰马厩", "kind": "马厩", "category": "custom", "hours": "卯-酉", "group": "行旅", "icon": "stable"}}, {"type": "Feature", "geometry": {"type": "Point", "coordinates": [119.4149777, 32.4133874]}, "properties": {"id": -7483, "name": "和元棋馆", "kind": "棋馆", "category": "custom", "hours": "午-子", "group": "百戏娱乐", "icon": "go"}}, {"type": "Feature", "geometry": {"type": "Point", "coordinates": [119.4601909, 32.4041875]}, "properties": {"id": -7484, "name": "通兴园", "kind": "园", "category": "custom", "hours": "全天", "group": "游乐", "icon": "garden"}}, {"type": "Feature", "geometry": {"type": "Point", "coordinates": [119.4121367, 32.3921684]}, "properties": {"id": -7485, "name": "聚宁祠", "kind": "祠", "category": "custom", "hours": "卯-申", "group": "信仰", "icon": "shrine"}}, {"type": "Feature", "geometry": {"type": "Point", "coordinates": [119.4631755, 32.3798786]}, "properties": {"id": -7486, "name": "积和绸缎庄", "kind": "绸缎庄", "category": "custom", "hours": "卯-酉", "group": "商市", "icon": "textile"}}, {"type": "Feature", "geometry": {"type": "Point", "coordinates": [119.4528826, 32.3744428]}, "properties": {"id": -7487, "name": "莲宁祠", "kind": "祠", "category": "custom", "hours": "卯-申", "group": "信仰", "icon": "shrine"}}, {"type": "Feature", "geometry": {"type": "Point", "coordinates": [119.4568823, 32.4079475]}, "properties": {"id": -7488, "name": "瑞玉磨坊", "kind": "磨坊", "category": "custom", "hours": "卯-酉", "group": "百工", "icon": "mill"}}, {"type": "Feature", "geometry": {"type": "Point", "coordinates": [119.4107438, 32.3939721]}, "properties": {"id": -7489, "name": "同盛食铺", "kind": "食铺", "category": "custom", "hours": "卯-酉", "group": "饮食", "icon": "food"}}, {"type": "Feature", "geometry": {"type": "Point", "coordinates": [119.4617529, 32.3983062]}, "properties": {"id": -7490, "name": "金茂酒肆", "kind": "酒肆", "category": "custom", "hours": "卯-酉", "group": "饮食", "icon": "tavern"}}, {"type": "Feature", "geometry": {"type": "Point", "coordinates": [119.4224707, 32.3993094]}, "properties": {"id": -7491, "name": "竹瑞酒肆", "kind": "酒肆", "category": "custom", "hours": "卯-酉", "group": "饮食", "icon": "tavern"}}, {"type": "Feature", "geometry": {"type": "Point", "coordinates": [119.4396549, 32.4112199]}, "properties": {"id": -7492, "name": "安源药铺", "kind": "药铺", "category": "custom", "hours": "卯-酉", "group": "医药", "icon": "med"}}, {"type": "Feature", "geometry": {"type": "Point", "coordinates": [119.4601481, 32.3880848]}, "properties": {"id": -7493, "name": "庆平酒肆", "kind": "酒肆", "category": "custom", "hours": "卯-酉", "group": "饮食", "icon": "tavern"}}, {"type": "Feature", "geometry": {"type": "Point", "coordinates": [119.4339315, 32.3840334]}, "properties": {"id": -7494, "name": "梅福武馆", "kind": "武馆", "category": "custom", "hours": "卯-申", "group": "军武", "icon": "martial"}}, {"type": "Feature", "geometry": {"type": "Point", "coordinates": [119.4112397, 32.3869498]}, "properties": {"id": -7495, "name": "元景绣坊", "kind": "绣坊", "category": "custom", "hours": "卯-酉", "group": "百工", "icon": "textile"}}, {"type": "Feature", "geometry": {"type": "Point", "coordinates": [119.4550291, 32.4017464]}, "properties": {"id": -7496, "name": "通玉茶坊", "kind": "茶坊", "category": "custom", "hours": "卯-酉", "group": "饮食", "icon": "tea"}}, {"type": "Feature", "geometry": {"type": "Point", "coordinates": [119.411509, 32.3991983]}, "properties": {"id": -7497, "name": "安聚织坊", "kind": "织坊", "category": "custom", "hours": "卯-酉", "group": "百工", "icon": "textile"}}, {"type": "Feature", "geometry": {"type": "Point", "coordinates": [119.4292765, 32.4104832]}, "properties": {"id": -7498, "name": "桂平递铺", "kind": "递铺", "category": "custom", "hours": "全天", "group": "行旅", "icon": "post"}}, {"type": "Feature", "geometry": {"type": "Point", "coordinates": [119.4227682, 32.4111496]}, "properties": {"id": -7499, "name": "梅乐磨坊", "kind": "磨坊", "category": "custom", "hours": "卯-酉", "group": "百工", "icon": "mill"}}, {"type": "Feature", "geometry": {"type": "Point", "coordinates": [119.4505062, 32.3786091]}, "properties": {"id": -7500, "name": "升华医馆", "kind": "医馆", "category": "custom", "hours": "卯-酉", "group": "医药", "icon": "med"}}, {"type": "Feature", "geometry": {"type": "Point", "coordinates": [119.4522565, 32.4098593]}, "properties": {"id": -7501, "name": "怀元食铺", "kind": "食铺", "category": "custom", "hours": "卯-酉", "group": "饮食", "icon": "food"}}, {"type": "Feature", "geometry": {"type": "Point", "coordinates": [119.4327894, 32.3775972]}, "properties": {"id": -7502, "name": "敦盛医馆", "kind": "医馆", "category": "custom", "hours": "卯-酉", "group": "医药", "icon": "med"}}, {"type": "Feature", "geometry": {"type": "Point", "coordinates": [119.4513663, 32.3925859]}, "properties": {"id": -7503, "name": "梅福园", "kind": "园", "category": "custom", "hours": "全天", "group": "游乐", "icon": "garden"}}, {"type": "Feature", "geometry": {"type": "Point", "coordinates": [119.4567729, 32.3749674]}, "properties": {"id": -7504, "name": "敦平饼铺", "kind": "饼铺", "category": "custom", "hours": "卯-酉", "group": "饮食", "icon": "shop"}}, {"type": "Feature", "geometry": {"type": "Point", "coordinates": [119.4492961, 32.3893104]}, "properties": {"id": -7505, "name": "泰通书坊", "kind": "书坊", "category": "custom", "hours": "卯-酉", "group": "文教", "icon": "library"}}, {"type": "Feature", "geometry": {"type": "Point", "coordinates": [119.437895, 32.4126724]}, "properties": {"id": -7506, "name": "安德观", "kind": "观", "category": "custom", "hours": "卯-申", "group": "信仰", "icon": "temple"}}, {"type": "Feature", "geometry": {"type": "Point", "coordinates": [119.4153483, 32.399088]}, "properties": {"id": -7507, "name": "兴福观", "kind": "观", "category": "custom", "hours": "卯-申", "group": "信仰", "icon": "temple"}}, {"type": "Feature", "geometry": {"type": "Point", "coordinates": [119.4180628, 32.3973447]}, "properties": {"id": -7508, "name": "迎宁书坊", "kind": "书坊", "category": "custom", "hours": "卯-酉", "group": "文教", "icon": "library"}}, {"type": "Feature", "geometry": {"type": "Point", "coordinates": [119.416203, 32.3933095]}, "properties": {"id": -7509, "name": "崇元马厩", "kind": "马厩", "category": "custom", "hours": "卯-酉", "group": "行旅", "icon": "stable"}}, {"type": "Feature", "geometry": {"type": "Point", "coordinates": [119.4273332, 32.3731132]}, "properties": {"id": -7510, "name": "正熙医馆", "kind": "医馆", "category": "custom", "hours": "卯-酉", "group": "医药", "icon": "med"}}, {"type": "Feature", "geometry": {"type": "Point", "coordinates": [119.4626478, 32.3809476]}, "properties": {"id": -7511, "name": "德来棋馆", "kind": "棋馆", "category": "custom", "hours": "午-子", "group": "百戏娱乐", "icon": "go"}}, {"type": "Feature", "geometry": {"type": "Point", "coordinates": [119.4603561, 32.4068064]}, "properties": {"id": -7512, "name": "怀聚铁匠铺", "kind": "铁匠铺", "category": "custom", "hours": "卯-酉", "group": "百工", "icon": "smith"}}, {"type": "Feature", "geometry": {"type": "Point", "coordinates": [119.4202109, 32.3810595]}, "properties": {"id": -7513, "name": "莲泰客栈", "kind": "客栈", "category": "custom", "hours": "全天", "group": "行旅", "icon": "inn"}}, {"type": "Feature", "geometry": {"type": "Point", "coordinates": [119.4323184, 32.3751743]}, "properties": {"id": -7514, "name": "德和磨坊", "kind": "磨坊", "category": "custom", "hours": "卯-酉", "group": "百工", "icon": "mill"}}, {"type": "Feature", "geometry": {"type": "Point", "coordinates": [119.4502188, 32.4020153]}, "properties": {"id": -7515, "name": "怀成酒坊", "kind": "酒坊", "category": "custom", "hours": "卯-酉", "group": "饮食", "icon": "wine"}}, {"type": "Feature", "geometry": {"type": "Point", "coordinates": [119.457854, 32.3748053]}, "properties": {"id": -7516, "name": "开源寺", "kind": "寺", "category": "custom", "hours": "卯-申", "group": "信仰", "icon": "temple"}}, {"type": "Feature", "geometry": {"type": "Point", "coordinates": [119.4569975, 32.3759609]}, "properties": {"id": -7517, "name": "永昌寺", "kind": "寺", "category": "custom", "hours": "卯-申", "group": "信仰", "icon": "temple"}}, {"type": "Feature", "geometry": {"type": "Point", "coordinates": [119.4529631, 32.4014432]}, "properties": {"id": -7518, "name": "善玉食铺", "kind": "食铺", "category": "custom", "hours": "卯-酉", "group": "饮食", "icon": "food"}}, {"type": "Feature", "geometry": {"type": "Point", "coordinates": [119.4603555, 32.3824448]}, "properties": {"id": -7519, "name": "乐乐客栈", "kind": "客栈", "category": "custom", "hours": "全天", "group": "行旅", "icon": "inn"}}, {"type": "Feature", "geometry": {"type": "Point", "coordinates": [119.4285588, 32.3726308]}, "properties": {"id": -7520, "name": "正丰木匠行", "kind": "木匠行", "category": "custom", "hours": "卯-酉", "group": "百工", "icon": "carpenter"}}, {"type": "Feature", "geometry": {"type": "Point", "coordinates": [119.4089808, 32.3939344]}, "properties": {"id": -7521, "name": "康景酒肆", "kind": "酒肆", "category": "custom", "hours": "卯-酉", "group": "饮食", "icon": "tavern"}}, {"type": "Feature", "geometry": {"type": "Point", "coordinates": [119.4375808, 32.3814125]}, "properties": {"id": -7522, "name": "怀济观", "kind": "观", "category": "custom", "hours": "卯-申", "group": "信仰", "icon": "temple"}}, {"type": "Feature", "geometry": {"type": "Point", "coordinates": [119.4240027, 32.3891609]}, "properties": {"id": -7523, "name": "景来客栈", "kind": "客栈", "category": "custom", "hours": "全天", "group": "行旅", "icon": "inn"}}, {"type": "Feature", "geometry": {"type": "Point", "coordinates": [119.4544879, 32.4132557]}, "properties": {"id": -7524, "name": "和顺书坊", "kind": "书坊", "category": "custom", "hours": "卯-酉", "group": "文教", "icon": "library"}}, {"type": "Feature", "geometry": {"type": "Point", "coordinates": [119.4423539, 32.4054292]}, "properties": {"id": -7525, "name": "仁祥磨坊", "kind": "磨坊", "category": "custom", "hours": "卯-酉", "group": "百工", "icon": "mill"}}, {"type": "Feature", "geometry": {"type": "Point", "coordinates": [119.4350881, 32.3912299]}, "properties": {"id": -7526, "name": "双昌观", "kind": "观", "category": "custom", "hours": "卯-申", "group": "信仰", "icon": "temple"}}, {"type": "Feature", "geometry": {"type": "Point", "coordinates": [119.4568827, 32.3790821]}, "properties": {"id": -7527, "name": "永顺酒肆", "kind": "酒肆", "category": "custom", "hours": "卯-酉", "group": "饮食", "icon": "tavern"}}, {"type": "Feature", "geometry": {"type": "Point", "coordinates": [119.4368551, 32.4137739]}, "properties": {"id": -7528, "name": "土地庙", "kind": "土地庙", "category": "custom", "hours": "卯-申", "group": "信仰", "icon": "shrine"}}, {"type": "Feature", "geometry": {"type": "Point", "coordinates": [119.4326653, 32.3720187]}, "properties": {"id": -7529, "name": "通顺酒坊", "kind": "酒坊", "category": "custom", "hours": "卯-酉", "group": "饮食", "icon": "wine"}}, {"type": "Feature", "geometry": {"type": "Point", "coordinates": [119.4604822, 32.4049319]}, "properties": {"id": -7530, "name": "双泰木匠行", "kind": "木匠行", "category": "custom", "hours": "卯-酉", "group": "百工", "icon": "carpenter"}}, {"type": "Feature", "geometry": {"type": "Point", "coordinates": [119.4587427, 32.3830906]}, "properties": {"id": -7531, "name": "积通酱园", "kind": "酱园", "category": "custom", "hours": "卯-酉", "group": "百工", "icon": "food"}}, {"type": "Feature", "geometry": {"type": "Point", "coordinates": [119.4576412, 32.4083146]}, "properties": {"id": -7532, "name": "昌顺绸缎庄", "kind": "绸缎庄", "category": "custom", "hours": "卯-酉", "group": "商市", "icon": "textile"}}, {"type": "Feature", "geometry": {"type": "Point", "coordinates": [119.4105736, 32.3953648]}, "properties": {"id": -7533, "name": "安隆酒肆", "kind": "酒肆", "category": "custom", "hours": "卯-酉", "group": "饮食", "icon": "tavern"}}, {"type": "Feature", "geometry": {"type": "Point", "coordinates": [119.4151321, 32.3995358]}, "properties": {"id": -7534, "name": "福德茶坊", "kind": "茶坊", "category": "custom", "hours": "卯-酉", "group": "饮食", "icon": "tea"}}, {"type": "Feature", "geometry": {"type": "Point", "coordinates": [119.455111, 32.3967948]}, "properties": {"id": -7535, "name": "福瑞蒙馆", "kind": "蒙馆", "category": "custom", "hours": "卯-申", "group": "文教", "icon": "academy"}}, {"type": "Feature", "geometry": {"type": "Point", "coordinates": [119.4442122, 32.3898457]}, "properties": {"id": -7536, "name": "兴聚绸缎庄", "kind": "绸缎庄", "category": "custom", "hours": "卯-酉", "group": "商市", "icon": "textile"}}, {"type": "Feature", "geometry": {"type": "Point", "coordinates": [119.4258014, 32.3716551]}, "properties": {"id": -7537, "name": "敦济医馆", "kind": "医馆", "category": "custom", "hours": "卯-酉", "group": "医药", "icon": "med"}}, {"type": "Feature", "geometry": {"type": "Point", "coordinates": [119.4104026, 32.3929756]}, "properties": {"id": -7538, "name": "万祥客栈", "kind": "客栈", "category": "custom", "hours": "全天", "group": "行旅", "icon": "inn"}}, {"type": "Feature", "geometry": {"type": "Point", "coordinates": [119.4445667, 32.4107198]}, "properties": {"id": -7539, "name": "祥乐武馆", "kind": "武馆", "category": "custom", "hours": "卯-申", "group": "军武", "icon": "martial"}}, {"type": "Feature", "geometry": {"type": "Point", "coordinates": [119.443482, 32.4102227]}, "properties": {"id": -7540, "name": "庆茂食铺", "kind": "食铺", "category": "custom", "hours": "卯-酉", "group": "饮食", "icon": "food"}}, {"type": "Feature", "geometry": {"type": "Point", "coordinates": [119.4573145, 32.3864745]}, "properties": {"id": -7541, "name": "市集", "kind": "市集", "category": "custom", "hours": "卯-酉", "group": "商市", "icon": "market"}}, {"type": "Feature", "geometry": {"type": "Point", "coordinates": [119.4289681, 32.4146319]}, "properties": {"id": -7542, "name": "积义客栈", "kind": "客栈", "category": "custom", "hours": "全天", "group": "行旅", "icon": "inn"}}, {"type": "Feature", "geometry": {"type": "Point", "coordinates": [119.4565774, 32.3796662]}, "properties": {"id": -7543, "name": "双和铁匠铺", "kind": "铁匠铺", "category": "custom", "hours": "卯-酉", "group": "百工", "icon": "smith"}}, {"type": "Feature", "geometry": {"type": "Point", "coordinates": [119.4523782, 32.3917907]}, "properties": {"id": -7544, "name": "双景酒肆", "kind": "酒肆", "category": "custom", "hours": "卯-酉", "group": "饮食", "icon": "tavern"}}, {"type": "Feature", "geometry": {"type": "Point", "coordinates": [119.4580162, 32.3772569]}, "properties": {"id": -7545, "name": "兴德药铺", "kind": "药铺", "category": "custom", "hours": "卯-酉", "group": "医药", "icon": "med"}}, {"type": "Feature", "geometry": {"type": "Point", "coordinates": [119.4491771, 32.3947019]}, "properties": {"id": -7546, "name": "康福观", "kind": "观", "category": "custom", "hours": "卯-申", "group": "信仰", "icon": "temple"}}, {"type": "Feature", "geometry": {"type": "Point", "coordinates": [119.447634, 32.4168025]}, "properties": {"id": -7547, "name": "聚隆木匠行", "kind": "木匠行", "category": "custom", "hours": "卯-酉", "group": "百工", "icon": "carpenter"}}, {"type": "Feature", "geometry": {"type": "Point", "coordinates": [119.4129717, 32.4007645]}, "properties": {"id": -7548, "name": "康聚书坊", "kind": "书坊", "category": "custom", "hours": "卯-酉", "group": "文教", "icon": "library"}}, {"type": "Feature", "geometry": {"type": "Point", "coordinates": [119.4140121, 32.4024951]}, "properties": {"id": -7549, "name": "怀乐磨坊", "kind": "磨坊", "category": "custom", "hours": "卯-酉", "group": "百工", "icon": "mill"}}, {"type": "Feature", "geometry": {"type": "Point", "coordinates": [119.4308801, 32.4106669]}, "properties": {"id": -7550, "name": "广隆磨坊", "kind": "磨坊", "category": "custom", "hours": "卯-酉", "group": "百工", "icon": "mill"}}, {"type": "Feature", "geometry": {"type": "Point", "coordinates": [119.4229807, 32.3755689]}, "properties": {"id": -7551, "name": "桥", "kind": "桥", "category": "custom", "hours": "全天", "group": "行旅", "icon": "bridge"}}, {"type": "Feature", "geometry": {"type": "Point", "coordinates": [119.4356696, 32.3790607]}, "properties": {"id": -7552, "name": "金顺递铺", "kind": "递铺", "category": "custom", "hours": "全天", "group": "行旅", "icon": "post"}}, {"type": "Feature", "geometry": {"type": "Point", "coordinates": [119.4413026, 32.3742962]}, "properties": {"id": -7553, "name": "积玉书坊", "kind": "书坊", "category": "custom", "hours": "卯-酉", "group": "文教", "icon": "library"}}, {"type": "Feature", "geometry": {"type": "Point", "coordinates": [119.4435321, 32.4035999]}, "properties": {"id": -7554, "name": "金平饼铺", "kind": "饼铺", "category": "custom", "hours": "卯-酉", "group": "饮食", "icon": "shop"}}, {"type": "Feature", "geometry": {"type": "Point", "coordinates": [119.4572628, 32.3947624]}, "properties": {"id": -7555, "name": "务济食铺", "kind": "食铺", "category": "custom", "hours": "卯-酉", "group": "饮食", "icon": "food"}}, {"type": "Feature", "geometry": {"type": "Point", "coordinates": [119.4324257, 32.4017322]}, "properties": {"id": -7556, "name": "怀盛酒肆", "kind": "酒肆", "category": "custom", "hours": "卯-酉", "group": "饮食", "icon": "tavern"}}, {"type": "Feature", "geometry": {"type": "Point", "coordinates": [119.4251561, 32.3780881]}, "properties": {"id": -7557, "name": "和祥车马行", "kind": "车马行", "category": "custom", "hours": "卯-酉", "group": "行旅", "icon": "stable"}}, {"type": "Feature", "geometry": {"type": "Point", "coordinates": [119.3861264, 32.3656061]}, "properties": {"id": -7558, "name": "坟地", "kind": "坟地", "category": "custom", "hours": "全天", "group": "信仰", "icon": "grave"}}, {"type": "Feature", "geometry": {"type": "Point", "coordinates": [119.3193179, 32.4748359]}, "properties": {"id": -7559, "name": "乐通染坊", "kind": "染坊", "category": "custom", "hours": "卯-酉", "group": "百工", "icon": "dye"}}, {"type": "Feature", "geometry": {"type": "Point", "coordinates": [119.3611754, 32.5098967]}, "properties": {"id": -7560, "name": "聚元观", "kind": "观", "category": "custom", "hours": "卯-申", "group": "信仰", "icon": "temple"}}, {"type": "Feature", "geometry": {"type": "Point", "coordinates": [119.5907324, 32.3895398]}, "properties": {"id": -7561, "name": "乐福驿站", "kind": "驿站", "category": "custom", "hours": "全天", "group": "行旅", "icon": "post"}}, {"type": "Feature", "geometry": {"type": "Point", "coordinates": [119.3116735, 32.3181756]}, "properties": {"id": -7562, "name": "梅隆棺材铺", "kind": "棺材铺", "category": "custom", "hours": "卯-酉", "group": "礼用", "icon": "coffin"}}, {"type": "Feature", "geometry": {"type": "Point", "coordinates": [119.4946925, 32.4464151]}, "properties": {"id": -7563, "name": "万发递铺", "kind": "递铺", "category": "custom", "hours": "全天", "group": "行旅", "icon": "post"}}, {"type": "Feature", "geometry": {"type": "Point", "coordinates": [119.2433367, 32.3111297]}, "properties": {"id": -7564, "name": "正和客栈", "kind": "客栈", "category": "custom", "hours": "全天", "group": "行旅", "icon": "inn"}}, {"type": "Feature", "geometry": {"type": "Point", "coordinates": [119.4984327, 32.4007527]}, "properties": {"id": -7565, "name": "双济车马行", "kind": "车马行", "category": "custom", "hours": "卯-酉", "group": "行旅", "icon": "stable"}}, {"type": "Feature", "geometry": {"type": "Point", "coordinates": [119.5455669, 32.5120475]}, "properties": {"id": -7566, "name": "镖行", "kind": "镖行", "category": "custom", "hours": "卯-酉", "group": "行旅", "icon": "post"}}, {"type": "Feature", "geometry": {"type": "Point", "coordinates": [119.3124433, 32.3699646]}, "properties": {"id": -7567, "name": "清安递铺", "kind": "递铺", "category": "custom", "hours": "全天", "group": "行旅", "icon": "post"}}, {"type": "Feature", "geometry": {"type": "Point", "coordinates": [119.3681147, 32.3405063]}, "properties": {"id": -7568, "name": "万平观", "kind": "观", "category": "custom", "hours": "卯-申", "group": "信仰", "icon": "temple"}}, {"type": "Feature", "geometry": {"type": "Point", "coordinates": [119.6380672, 32.3786584]}, "properties": {"id": -7569, "name": "春兴染坊", "kind": "染坊", "category": "custom", "hours": "卯-酉", "group": "百工", "icon": "dye"}}, {"type": "Feature", "geometry": {"type": "Point", "coordinates": [119.4484201, 32.5039875]}, "properties": {"id": -7570, "name": "升顺酒坊", "kind": "酒坊", "category": "custom", "hours": "卯-酉", "group": "饮食", "icon": "wine"}}, {"type": "Feature", "geometry": {"type": "Point", "coordinates": [119.4439039, 32.4643357]}, "properties": {"id": -7571, "name": "观玉马厩", "kind": "马厩", "category": "custom", "hours": "卯-酉", "group": "行旅", "icon": "stable"}}, {"type": "Feature", "geometry": {"type": "Point", "coordinates": [119.3187428, 32.4049605]}, "properties": {"id": -7572, "name": "同景祠", "kind": "祠", "category": "custom", "hours": "卯-申", "group": "信仰", "icon": "shrine"}}, {"type": "Feature", "geometry": {"type": "Point", "coordinates": [119.4750349, 32.4979923]}, "properties": {"id": -7573, "name": "昌平棺材铺", "kind": "棺材铺", "category": "custom", "hours": "卯-酉", "group": "礼用", "icon": "coffin"}}, {"type": "Feature", "geometry": {"type": "Point", "coordinates": [119.381836, 32.3439804]}, "properties": {"id": -7574, "name": "善宁递铺", "kind": "递铺", "category": "custom", "hours": "全天", "group": "行旅", "icon": "post"}}, {"type": "Feature", "geometry": {"type": "Point", "coordinates": [119.5457099, 32.4176829]}, "properties": {"id": -7575, "name": "善乐递铺", "kind": "递铺", "category": "custom", "hours": "全天", "group": "行旅", "icon": "post"}}, {"type": "Feature", "geometry": {"type": "Point", "coordinates": [119.6079106, 32.3030065]}, "properties": {"id": -7576, "name": "万源棺材铺", "kind": "棺材铺", "category": "custom", "hours": "卯-酉", "group": "礼用", "icon": "coffin"}}, {"type": "Feature", "geometry": {"type": "Point", "coordinates": [119.4814964, 32.3929116]}, "properties": {"id": -7577, "name": "渡口", "kind": "渡口", "category": "custom", "hours": "全天", "group": "行旅", "icon": "ferry"}}, {"type": "Feature", "geometry": {"type": "Point", "coordinates": [119.461274, 32.4350355]}, "properties": {"id": -7578, "name": "坟地", "kind": "坟地", "category": "custom", "hours": "全天", "group": "信仰", "icon": "grave"}}, {"type": "Feature", "geometry": {"type": "Point", "coordinates": [119.6277573, 32.3889301]}, "properties": {"id": -7579, "name": "怀济纸扎铺", "kind": "纸扎铺", "category": "custom", "hours": "卯-酉", "group": "礼用", "icon": "coffin"}}, {"type": "Feature", "geometry": {"type": "Point", "coordinates": [119.556821, 32.4274128]}, "properties": {"id": -7580, "name": "广济寺", "kind": "寺", "category": "custom", "hours": "卯-申", "group": "信仰", "icon": "temple"}}, {"type": "Feature", "geometry": {"type": "Point", "coordinates": [119.3320464, 32.5004041]}, "properties": {"id": -7581, "name": "德华驿站", "kind": "驿站", "category": "custom", "hours": "全天", "group": "行旅", "icon": "post"}}, {"type": "Feature", "geometry": {"type": "Point", "coordinates": [119.4608828, 32.3463105]}, "properties": {"id": -7582, "name": "敦成棺材铺", "kind": "棺材铺", "category": "custom", "hours": "卯-酉", "group": "礼用", "icon": "coffin"}}, {"type": "Feature", "geometry": {"type": "Point", "coordinates": [119.3547351, 32.4737875]}, "properties": {"id": -7583, "name": "金瑞寺", "kind": "寺", "category": "custom", "hours": "卯-申", "group": "信仰", "icon": "temple"}}, {"type": "Feature", "geometry": {"type": "Point", "coordinates": [119.4293685, 32.4783651]}, "properties": {"id": -7584, "name": "梅源纸扎铺", "kind": "纸扎铺", "category": "custom", "hours": "卯-酉", "group": "礼用", "icon": "coffin"}}, {"type": "Feature", "geometry": {"type": "Point", "coordinates": [119.4069807, 32.3307201]}, "properties": {"id": -7585, "name": "康昌棺材铺", "kind": "棺材铺", "category": "custom", "hours": "卯-酉", "group": "礼用", "icon": "coffin"}}, {"type": "Feature", "geometry": {"type": "Point", "coordinates": [119.3837269, 32.3854638]}, "properties": {"id": -7586, "name": "积济酒坊", "kind": "酒坊", "category": "custom", "hours": "卯-酉", "group": "饮食", "icon": "wine"}}, {"type": "Feature", "geometry": {"type": "Point", "coordinates": [119.3629378, 32.4537005]}, "properties": {"id": -7587, "name": "迎泰马厩", "kind": "马厩", "category": "custom", "hours": "卯-酉", "group": "行旅", "icon": "stable"}}, {"type": "Feature", "geometry": {"type": "Point", "coordinates": [119.3275384, 32.379114]}, "properties": {"id": -7588, "name": "仁盛车马行", "kind": "车马行", "category": "custom", "hours": "卯-酉", "group": "行旅", "icon": "stable"}}, {"type": "Feature", "geometry": {"type": "Point", "coordinates": [119.3238378, 32.4944719]}, "properties": {"id": -7589, "name": "万宁寺", "kind": "寺", "category": "custom", "hours": "卯-申", "group": "信仰", "icon": "temple"}}, {"type": "Feature", "geometry": {"type": "Point", "coordinates": [119.4709062, 32.4319165]}, "properties": {"id": -7590, "name": "迎宁棺材铺", "kind": "棺材铺", "category": "custom", "hours": "卯-酉", "group": "礼用", "icon": "coffin"}}, {"type": "Feature", "geometry": {"type": "Point", "coordinates": [119.5901211, 32.3716082]}, "properties": {"id": -7591, "name": "长景酒坊", "kind": "酒坊", "category": "custom", "hours": "卯-酉", "group": "饮食", "icon": "wine"}}, {"type": "Feature", "geometry": {"type": "Point", "coordinates": [119.4617551, 32.3997458]}, "properties": {"id": -7592, "name": "清德酒坊", "kind": "酒坊", "category": "custom", "hours": "卯-酉", "group": "饮食", "icon": "wine"}}, {"type": "Feature", "geometry": {"type": "Point", "coordinates": [119.5278834, 32.490887]}, "properties": {"id": -7593, "name": "景聚驿站", "kind": "驿站", "category": "custom", "hours": "全天", "group": "行旅", "icon": "post"}}, {"type": "Feature", "geometry": {"type": "Point", "coordinates": [119.3709397, 32.4076655]}, "properties": {"id": -7594, "name": "码头", "kind": "码头", "category": "custom", "hours": "全天", "group": "行旅", "icon": "ferry"}}, {"type": "Feature", "geometry": {"type": "Point", "coordinates": [119.5267397, 32.4843258]}, "properties": {"id": -7595, "name": "仁宁纸扎铺", "kind": "纸扎铺", "category": "custom", "hours": "卯-酉", "group": "礼用", "icon": "coffin"}}, {"type": "Feature", "geometry": {"type": "Point", "coordinates": [119.449813, 32.295585]}, "properties": {"id": -7596, "name": "坟地", "kind": "坟地", "category": "custom", "hours": "全天", "group": "信仰", "icon": "grave"}}, {"type": "Feature", "geometry": {"type": "Point", "coordinates": [119.4412373, 32.5632107]}, "properties": {"id": -7597, "name": "镖行", "kind": "镖行", "category": "custom", "hours": "卯-酉", "group": "行旅", "icon": "post"}}, {"type": "Feature", "geometry": {"type": "Point", "coordinates": [119.4212637, 32.3677866]}, "properties": {"id": -7598, "name": "镖行", "kind": "镖行", "category": "custom", "hours": "卯-酉", "group": "行旅", "icon": "post"}}, {"type": "Feature", "geometry": {"type": "Point", "coordinates": [119.2676362, 32.3919208]}, "properties": {"id": -7599, "name": "怀兴递铺", "kind": "递铺", "category": "custom", "hours": "全天", "group": "行旅", "icon": "post"}}, {"type": "Feature", "geometry": {"type": "Point", "coordinates": [119.4217012, 32.3450232]}, "properties": {"id": -7600, "name": "莲熙磨坊", "kind": "磨坊", "category": "custom", "hours": "卯-酉", "group": "百工", "icon": "mill"}}, {"type": "Feature", "geometry": {"type": "Point", "coordinates": [119.4302132, 32.2742448]}, "properties": {"id": -7601, "name": "迎景驿站", "kind": "驿站", "category": "custom", "hours": "全天", "group": "行旅", "icon": "post"}}, {"type": "Feature", "geometry": {"type": "Point", "coordinates": [119.4114146, 32.2415914]}, "properties": {"id": -7602, "name": "双祥客栈", "kind": "客栈", "category": "custom", "hours": "全天", "group": "行旅", "icon": "inn"}}, {"type": "Feature", "geometry": {"type": "Point", "coordinates": [119.382789, 32.3823359]}, "properties": {"id": -7603, "name": "梅和驿站", "kind": "驿站", "category": "custom", "hours": "全天", "group": "行旅", "icon": "post"}}, {"type": "Feature", "geometry": {"type": "Point", "coordinates": [119.4376473, 32.3547484]}, "properties": {"id": -7604, "name": "桂和观", "kind": "观", "category": "custom", "hours": "卯-申", "group": "信仰", "icon": "temple"}}, {"type": "Feature", "geometry": {"type": "Point", "coordinates": [119.3996277, 32.3399679]}, "properties": {"id": -7605, "name": "福聚磨坊", "kind": "磨坊", "category": "custom", "hours": "卯-酉", "group": "百工", "icon": "mill"}}, {"type": "Feature", "geometry": {"type": "Point", "coordinates": [119.2936475, 32.5038698]}, "properties": {"id": -7606, "name": "义冢", "kind": "义冢", "category": "custom", "hours": "全天", "group": "信仰", "icon": "grave"}}, {"type": "Feature", "geometry": {"type": "Point", "coordinates": [119.4288638, 32.3305357]}, "properties": {"id": -7607, "name": "镖行", "kind": "镖行", "category": "custom", "hours": "卯-酉", "group": "行旅", "icon": "post"}}, {"type": "Feature", "geometry": {"type": "Point", "coordinates": [119.3480886, 32.3994235]}, "properties": {"id": -7608, "name": "义德马厩", "kind": "马厩", "category": "custom", "hours": "卯-酉", "group": "行旅", "icon": "stable"}}, {"type": "Feature", "geometry": {"type": "Point", "coordinates": [119.4984347, 32.4599194]}, "properties": {"id": -7609, "name": "昌义递铺", "kind": "递铺", "category": "custom", "hours": "全天", "group": "行旅", "icon": "post"}}, {"type": "Feature", "geometry": {"type": "Point", "coordinates": [119.4196471, 32.3698921]}, "properties": {"id": -7610, "name": "安通马厩", "kind": "马厩", "category": "custom", "hours": "卯-酉", "group": "行旅", "icon": "stable"}}, {"type": "Feature", "geometry": {"type": "Point", "coordinates": [119.409147, 32.4704159]}, "properties": {"id": -7611, "name": "莲成客栈", "kind": "客栈", "category": "custom", "hours": "全天", "group": "行旅", "icon": "inn"}}, {"type": "Feature", "geometry": {"type": "Point", "coordinates": [119.3788272, 32.4335892]}, "properties": {"id": -7612, "name": "庆福磨坊", "kind": "磨坊", "category": "custom", "hours": "卯-酉", "group": "百工", "icon": "mill"}}, {"type": "Feature", "geometry": {"type": "Point", "coordinates": [119.2312623, 32.4077612]}, "properties": {"id": -7613, "name": "聚昌寺", "kind": "寺", "category": "custom", "hours": "卯-申", "group": "信仰", "icon": "temple"}}, {"type": "Feature", "geometry": {"type": "Point", "coordinates": [119.4337987, 32.5736773]}, "properties": {"id": -7614, "name": "码头", "kind": "码头", "category": "custom", "hours": "全天", "group": "行旅", "icon": "ferry"}}, {"type": "Feature", "geometry": {"type": "Point", "coordinates": [119.453144, 32.3739565]}, "properties": {"id": -7615, "name": "景宁棺材铺", "kind": "棺材铺", "category": "custom", "hours": "卯-酉", "group": "礼用", "icon": "coffin"}}, {"type": "Feature", "geometry": {"type": "Point", "coordinates": [119.3879994, 32.5441736]}, "properties": {"id": -7616, "name": "福泰驿站", "kind": "驿站", "category": "custom", "hours": "全天", "group": "行旅", "icon": "post"}}, {"type": "Feature", "geometry": {"type": "Point", "coordinates": [119.3668527, 32.3760477]}, "properties": {"id": -7617, "name": "兴华纸扎铺", "kind": "纸扎铺", "category": "custom", "hours": "卯-酉", "group": "礼用", "icon": "coffin"}}, {"type": "Feature", "geometry": {"type": "Point", "coordinates": [119.2794257, 32.2943176]}, "properties": {"id": -7618, "name": "康顺纸扎铺", "kind": "纸扎铺", "category": "custom", "hours": "卯-酉", "group": "礼用", "icon": "coffin"}}, {"type": "Feature", "geometry": {"type": "Point", "coordinates": [119.4385867, 32.3472695]}, "properties": {"id": -7619, "name": "康昌纸扎铺", "kind": "纸扎铺", "category": "custom", "hours": "卯-酉", "group": "礼用", "icon": "coffin"}}, {"type": "Feature", "geometry": {"type": "Point", "coordinates": [119.3786271, 32.4432895]}, "properties": {"id": -7620, "name": "梅福车马行", "kind": "车马行", "category": "custom", "hours": "卯-酉", "group": "行旅", "icon": "stable"}}, {"type": "Feature", "geometry": {"type": "Point", "coordinates": [119.316523, 32.2642555]}, "properties": {"id": -7621, "name": "渡口", "kind": "渡口", "category": "custom", "hours": "全天", "group": "行旅", "icon": "ferry"}}, {"type": "Feature", "geometry": {"type": "Point", "coordinates": [119.3856771, 32.3095451]}, "properties": {"id": -7622, "name": "永元车马行", "kind": "车马行", "category": "custom", "hours": "卯-酉", "group": "行旅", "icon": "stable"}}, {"type": "Feature", "geometry": {"type": "Point", "coordinates": [119.4976524, 32.3277366]}, "properties": {"id": -7623, "name": "康华递铺", "kind": "递铺", "category": "custom", "hours": "全天", "group": "行旅", "icon": "post"}}, {"type": "Feature", "geometry": {"type": "Point", "coordinates": [119.3224569, 32.3287115]}, "properties": {"id": -7624, "name": "昌平递铺", "kind": "递铺", "category": "custom", "hours": "全天", "group": "行旅", "icon": "post"}}, {"type": "Feature", "geometry": {"type": "Point", "coordinates": [119.5515297, 32.3480242]}, "properties": {"id": -7625, "name": "莲华车马行", "kind": "车马行", "category": "custom", "hours": "卯-酉", "group": "行旅", "icon": "stable"}}, {"type": "Feature", "geometry": {"type": "Point", "coordinates": [119.4665879, 32.3379453]}, "properties": {"id": -7626, "name": "积义油坊", "kind": "油坊", "category": "custom", "hours": "卯-酉", "group": "百工", "icon": "mill"}}, {"type": "Feature", "geometry": {"type": "Point", "coordinates": [119.5826087, 32.4854232]}, "properties": {"id": -7627, "name": "安通棺材铺", "kind": "棺材铺", "category": "custom", "hours": "卯-酉", "group": "礼用", "icon": "coffin"}}, {"type": "Feature", "geometry": {"type": "Point", "coordinates": [119.2925859, 32.4593185]}, "properties": {"id": -7628, "name": "福兴递铺", "kind": "递铺", "category": "custom", "hours": "全天", "group": "行旅", "icon": "post"}}, {"type": "Feature", "geometry": {"type": "Point", "coordinates": [119.5214592, 32.2675796]}, "properties": {"id": -7629, "name": "码头", "kind": "码头", "category": "custom", "hours": "全天", "group": "行旅", "icon": "ferry"}}, {"type": "Feature", "geometry": {"type": "Point", "coordinates": [119.5379185, 32.4007969]}, "properties": {"id": -7630, "name": "义冢", "kind": "义冢", "category": "custom", "hours": "全天", "group": "信仰", "icon": "grave"}}, {"type": "Feature", "geometry": {"type": "Point", "coordinates": [119.3909697, 32.5175912]}, "properties": {"id": -7631, "name": "庆济油坊", "kind": "油坊", "category": "custom", "hours": "卯-酉", "group": "百工", "icon": "mill"}}, {"type": "Feature", "geometry": {"type": "Point", "coordinates": [119.4569059, 32.3815576]}, "properties": {"id": -7632, "name": "桂隆豆腐坊", "kind": "豆腐坊", "category": "custom", "hours": "卯-酉", "group": "百工", "icon": "mill"}}, {"type": "Feature", "geometry": {"type": "Point", "coordinates": [119.3782582, 32.3755429]}, "properties": {"id": -7633, "name": "义来递铺", "kind": "递铺", "category": "custom", "hours": "全天", "group": "行旅", "icon": "post"}}, {"type": "Feature", "geometry": {"type": "Point", "coordinates": [119.5375331, 32.4537696]}, "properties": {"id": -7634, "name": "渡口", "kind": "渡口", "category": "custom", "hours": "全天", "group": "行旅", "icon": "ferry"}}, {"type": "Feature", "geometry": {"type": "Point", "coordinates": [119.4107559, 32.4299123]}, "properties": {"id": -7635, "name": "正泰观", "kind": "观", "category": "custom", "hours": "卯-申", "group": "信仰", "icon": "temple"}}, {"type": "Feature", "geometry": {"type": "Point", "coordinates": [119.4408647, 32.429192]}, "properties": {"id": -7636, "name": "顺发马厩", "kind": "马厩", "category": "custom", "hours": "卯-酉", "group": "行旅", "icon": "stable"}}, {"type": "Feature", "geometry": {"type": "Point", "coordinates": [119.3904346, 32.4276531]}, "properties": {"id": -7637, "name": "开福磨坊", "kind": "磨坊", "category": "custom", "hours": "卯-酉", "group": "百工", "icon": "mill"}}, {"type": "Feature", "geometry": {"type": "Point", "coordinates": [119.2910722, 32.3869395]}, "properties": {"id": -7638, "name": "兴兴马厩", "kind": "马厩", "category": "custom", "hours": "卯-酉", "group": "行旅", "icon": "stable"}}, {"type": "Feature", "geometry": {"type": "Point", "coordinates": [119.4051719, 32.3281984]}, "properties": {"id": -7639, "name": "义冢", "kind": "义冢", "category": "custom", "hours": "全天", "group": "信仰", "icon": "grave"}}, {"type": "Feature", "geometry": {"type": "Point", "coordinates": [119.3767004, 32.4634009]}, "properties": {"id": -7640, "name": "同隆油坊", "kind": "油坊", "category": "custom", "hours": "卯-酉", "group": "百工", "icon": "mill"}}, {"type": "Feature", "geometry": {"type": "Point", "coordinates": [119.3647929, 32.3715303]}, "properties": {"id": -7641, "name": "景通磨坊", "kind": "磨坊", "category": "custom", "hours": "卯-酉", "group": "百工", "icon": "mill"}}, {"type": "Feature", "geometry": {"type": "Point", "coordinates": [119.4826713, 32.4529455]}, "properties": {"id": -7642, "name": "福平马厩", "kind": "马厩", "category": "custom", "hours": "卯-酉", "group": "行旅", "icon": "stable"}}, {"type": "Feature", "geometry": {"type": "Point", "coordinates": [119.3185662, 32.5028074]}, "properties": {"id": -7643, "name": "渡口", "kind": "渡口", "category": "custom", "hours": "全天", "group": "行旅", "icon": "ferry"}}, {"type": "Feature", "geometry": {"type": "Point", "coordinates": [119.3167642, 32.5103613]}, "properties": {"id": -7644, "name": "聚昌驿站", "kind": "驿站", "category": "custom", "hours": "全天", "group": "行旅", "icon": "post"}}, {"type": "Feature", "geometry": {"type": "Point", "coordinates": [119.4746135, 32.3247851]}, "properties": {"id": -7645, "name": "坟地", "kind": "坟地", "category": "custom", "hours": "全天", "group": "信仰", "icon": "grave"}}, {"type": "Feature", "geometry": {"type": "Point", "coordinates": [119.5098343, 32.4000857]}, "properties": {"id": -7646, "name": "怀瑞豆腐坊", "kind": "豆腐坊", "category": "custom", "hours": "卯-酉", "group": "百工", "icon": "mill"}}, {"type": "Feature", "geometry": {"type": "Point", "coordinates": [119.4780938, 32.3326435]}, "properties": {"id": -7647, "name": "康乐车马行", "kind": "车马行", "category": "custom", "hours": "卯-酉", "group": "行旅", "icon": "stable"}}, {"type": "Feature", "geometry": {"type": "Point", "coordinates": [119.4982613, 32.4791102]}, "properties": {"id": -7648, "name": "瑞宁递铺", "kind": "递铺", "category": "custom", "hours": "全天", "group": "行旅", "icon": "post"}}, {"type": "Feature", "geometry": {"type": "Point", "coordinates": [119.399474, 32.3105225]}, "properties": {"id": -7649, "name": "昌平磨坊", "kind": "磨坊", "category": "custom", "hours": "卯-酉", "group": "百工", "icon": "mill"}}, {"type": "Feature", "geometry": {"type": "Point", "coordinates": [119.3336078, 32.2896558]}, "properties": {"id": -7650, "name": "兴元观", "kind": "观", "category": "custom", "hours": "卯-申", "group": "信仰", "icon": "temple"}}, {"type": "Feature", "geometry": {"type": "Point", "coordinates": [119.2991688, 32.3228028]}, "properties": {"id": -7651, "name": "积华酒坊", "kind": "酒坊", "category": "custom", "hours": "卯-酉", "group": "饮食", "icon": "wine"}}, {"type": "Feature", "geometry": {"type": "Point", "coordinates": [119.3974024, 32.3492921]}, "properties": {"id": -7652, "name": "文聚观", "kind": "观", "category": "custom", "hours": "卯-申", "group": "信仰", "icon": "temple"}}, {"type": "Feature", "geometry": {"type": "Point", "coordinates": [119.4516784, 32.4292134]}, "properties": {"id": -7653, "name": "仁宁豆腐坊", "kind": "豆腐坊", "category": "custom", "hours": "卯-酉", "group": "百工", "icon": "mill"}}, {"type": "Feature", "geometry": {"type": "Point", "coordinates": [119.3940226, 32.4190478]}, "properties": {"id": -7654, "name": "永德祠", "kind": "祠", "category": "custom", "hours": "卯-申", "group": "信仰", "icon": "shrine"}}, {"type": "Feature", "geometry": {"type": "Point", "coordinates": [119.2801147, 32.3060143]}, "properties": {"id": -7655, "name": "清济油坊", "kind": "油坊", "category": "custom", "hours": "卯-酉", "group": "百工", "icon": "mill"}}, {"type": "Feature", "geometry": {"type": "Point", "coordinates": [119.4918349, 32.4859564]}, "properties": {"id": -7656, "name": "镖行", "kind": "镖行", "category": "custom", "hours": "卯-酉", "group": "行旅", "icon": "post"}}, {"type": "Feature", "geometry": {"type": "Point", "coordinates": [119.2413112, 32.4778084]}, "properties": {"id": -7657, "name": "渡口", "kind": "渡口", "category": "custom", "hours": "全天", "group": "行旅", "icon": "ferry"}}, {"type": "Feature", "geometry": {"type": "Point", "coordinates": [119.5326141, 32.3077621]}, "properties": {"id": -7658, "name": "义乐染坊", "kind": "染坊", "category": "custom", "hours": "卯-酉", "group": "百工", "icon": "dye"}}, {"type": "Feature", "geometry": {"type": "Point", "coordinates": [119.3902356, 32.2906468]}, "properties": {"id": -7659, "name": "仁德纸扎铺", "kind": "纸扎铺", "category": "custom", "hours": "卯-酉", "group": "礼用", "icon": "coffin"}}, {"type": "Feature", "geometry": {"type": "Point", "coordinates": [119.3148203, 32.3442001]}, "properties": {"id": -7660, "name": "敦盛染坊", "kind": "染坊", "category": "custom", "hours": "卯-酉", "group": "百工", "icon": "dye"}}, {"type": "Feature", "geometry": {"type": "Point", "coordinates": [119.3975115, 32.3565195]}, "properties": {"id": -7661, "name": "渡口", "kind": "渡口", "category": "custom", "hours": "全天", "group": "行旅", "icon": "ferry"}}, {"type": "Feature", "geometry": {"type": "Point", "coordinates": [119.3258513, 32.4594196]}, "properties": {"id": -7662, "name": "积熙马厩", "kind": "马厩", "category": "custom", "hours": "卯-酉", "group": "行旅", "icon": "stable"}}, {"type": "Feature", "geometry": {"type": "Point", "coordinates": [119.4036488, 32.3200416]}, "properties": {"id": -7663, "name": "庆盛车马行", "kind": "车马行", "category": "custom", "hours": "卯-酉", "group": "行旅", "icon": "stable"}}, {"type": "Feature", "geometry": {"type": "Point", "coordinates": [119.5656393, 32.4832786]}, "properties": {"id": -7664, "name": "乐茂磨坊", "kind": "磨坊", "category": "custom", "hours": "卯-酉", "group": "百工", "icon": "mill"}}, {"type": "Feature", "geometry": {"type": "Point", "coordinates": [119.4266277, 32.485947]}, "properties": {"id": -7665, "name": "义昌马厩", "kind": "马厩", "category": "custom", "hours": "卯-酉", "group": "行旅", "icon": "stable"}}, {"type": "Feature", "geometry": {"type": "Point", "coordinates": [119.5064367, 32.2382758]}, "properties": {"id": -7666, "name": "和元驿站", "kind": "驿站", "category": "custom", "hours": "全天", "group": "行旅", "icon": "post"}}, {"type": "Feature", "geometry": {"type": "Point", "coordinates": [119.4719072, 32.3973167]}, "properties": {"id": -7667, "name": "桂和寺", "kind": "寺", "category": "custom", "hours": "卯-申", "group": "信仰", "icon": "temple"}}, {"type": "Feature", "geometry": {"type": "Point", "coordinates": [119.5101161, 32.4689963]}, "properties": {"id": -7668, "name": "聚通酒坊", "kind": "酒坊", "category": "custom", "hours": "卯-酉", "group": "饮食", "icon": "wine"}}, {"type": "Feature", "geometry": {"type": "Point", "coordinates": [119.589769, 32.432598]}, "properties": {"id": -7669, "name": "义冢", "kind": "义冢", "category": "custom", "hours": "全天", "group": "信仰", "icon": "grave"}}, {"type": "Feature", "geometry": {"type": "Point", "coordinates": [119.2473021, 32.4627714]}, "properties": {"id": -7670, "name": "升泰递铺", "kind": "递铺", "category": "custom", "hours": "全天", "group": "行旅", "icon": "post"}}, {"type": "Feature", "geometry": {"type": "Point", "coordinates": [119.2873749, 32.2662442]}, "properties": {"id": -7671, "name": "广华车马行", "kind": "车马行", "category": "custom", "hours": "卯-酉", "group": "行旅", "icon": "stable"}}, {"type": "Feature", "geometry": {"type": "Point", "coordinates": [119.5294522, 32.3393018]}, "properties": {"id": -7672, "name": "仁兴驿站", "kind": "驿站", "category": "custom", "hours": "全天", "group": "行旅", "icon": "post"}}, {"type": "Feature", "geometry": {"type": "Point", "coordinates": [119.2937213, 32.4285731]}, "properties": {"id": -7673, "name": "清昌纸扎铺", "kind": "纸扎铺", "category": "custom", "hours": "卯-酉", "group": "礼用", "icon": "coffin"}}, {"type": "Feature", "geometry": {"type": "Point", "coordinates": [119.3534602, 32.2478624]}, "properties": {"id": -7674, "name": "金瑞客栈", "kind": "客栈", "category": "custom", "hours": "全天", "group": "行旅", "icon": "inn"}}, {"type": "Feature", "geometry": {"type": "Point", "coordinates": [119.2387629, 32.3783945]}, "properties": {"id": -7675, "name": "和和染坊", "kind": "染坊", "category": "custom", "hours": "卯-酉", "group": "百工", "icon": "dye"}}, {"type": "Feature", "geometry": {"type": "Point", "coordinates": [119.4622667, 32.3003347]}, "properties": {"id": -7676, "name": "通泰驿站", "kind": "驿站", "category": "custom", "hours": "全天", "group": "行旅", "icon": "post"}}, {"type": "Feature", "geometry": {"type": "Point", "coordinates": [119.3249213, 32.4616385]}, "properties": {"id": -7677, "name": "正华观", "kind": "观", "category": "custom", "hours": "卯-申", "group": "信仰", "icon": "temple"}}, {"type": "Feature", "geometry": {"type": "Point", "coordinates": [119.4054107, 32.4307364]}, "properties": {"id": -7678, "name": "德景递铺", "kind": "递铺", "category": "custom", "hours": "全天", "group": "行旅", "icon": "post"}}, {"type": "Feature", "geometry": {"type": "Point", "coordinates": [119.4936578, 32.4952818]}, "properties": {"id": -7679, "name": "开盛棺材铺", "kind": "棺材铺", "category": "custom", "hours": "卯-酉", "group": "礼用", "icon": "coffin"}}, {"type": "Feature", "geometry": {"type": "Point", "coordinates": [119.5483443, 32.4729557]}, "properties": {"id": -7680, "name": "福德磨坊", "kind": "磨坊", "category": "custom", "hours": "卯-酉", "group": "百工", "icon": "mill"}}, {"type": "Feature", "geometry": {"type": "Point", "coordinates": [119.40744, 32.362526]}, "properties": {"id": -7681, "name": "广元马厩", "kind": "马厩", "category": "custom", "hours": "卯-酉", "group": "行旅", "icon": "stable"}}, {"type": "Feature", "geometry": {"type": "Point", "coordinates": [119.5448966, 32.268915]}, "properties": {"id": -7682, "name": "福玉车马行", "kind": "车马行", "category": "custom", "hours": "卯-酉", "group": "行旅", "icon": "stable"}}, {"type": "Feature", "geometry": {"type": "Point", "coordinates": [119.4122319, 32.2613861]}, "properties": {"id": -7683, "name": "渡口", "kind": "渡口", "category": "custom", "hours": "全天", "group": "行旅", "icon": "ferry"}}, {"type": "Feature", "geometry": {"type": "Point", "coordinates": [119.4966983, 32.3928252]}, "properties": {"id": -7684, "name": "渡口", "kind": "渡口", "category": "custom", "hours": "全天", "group": "行旅", "icon": "ferry"}}, {"type": "Feature", "geometry": {"type": "Point", "coordinates": [119.3557512, 32.2928176]}, "properties": {"id": -7685, "name": "桂熙油坊", "kind": "油坊", "category": "custom", "hours": "卯-酉", "group": "百工", "icon": "mill"}}, {"type": "Feature", "geometry": {"type": "Point", "coordinates": [119.3203543, 32.4089248]}, "properties": {"id": -7686, "name": "德元递铺", "kind": "递铺", "category": "custom", "hours": "全天", "group": "行旅", "icon": "post"}}, {"type": "Feature", "geometry": {"type": "Point", "coordinates": [119.4654237, 32.3918738]}, "properties": {"id": -7687, "name": "义冢", "kind": "义冢", "category": "custom", "hours": "全天", "group": "信仰", "icon": "grave"}}, {"type": "Feature", "geometry": {"type": "Point", "coordinates": [119.5012573, 32.2312543]}, "properties": {"id": -7688, "name": "同茂酒坊", "kind": "酒坊", "category": "custom", "hours": "卯-酉", "group": "饮食", "icon": "wine"}}, {"type": "Feature", "geometry": {"type": "Point", "coordinates": [119.4529362, 32.4558214]}, "properties": {"id": -7689, "name": "聚隆观", "kind": "观", "category": "custom", "hours": "卯-申", "group": "信仰", "icon": "temple"}}, {"type": "Feature", "geometry": {"type": "Point", "coordinates": [119.4286387, 32.3517575]}, "properties": {"id": -7690, "name": "坟地", "kind": "坟地", "category": "custom", "hours": "全天", "group": "信仰", "icon": "grave"}}, {"type": "Feature", "geometry": {"type": "Point", "coordinates": [119.3744109, 32.3051758]}, "properties": {"id": -7691, "name": "渡口", "kind": "渡口", "category": "custom", "hours": "全天", "group": "行旅", "icon": "ferry"}}, {"type": "Feature", "geometry": {"type": "Point", "coordinates": [119.5366363, 32.3552259]}, "properties": {"id": -7692, "name": "同茂观", "kind": "观", "category": "custom", "hours": "卯-申", "group": "信仰", "icon": "temple"}}, {"type": "Feature", "geometry": {"type": "Point", "coordinates": [119.53386, 32.3850938]}, "properties": {"id": -7693, "name": "通元观", "kind": "观", "category": "custom", "hours": "卯-申", "group": "信仰", "icon": "temple"}}, {"type": "Feature", "geometry": {"type": "Point", "coordinates": [119.2809903, 32.3074206]}, "properties": {"id": -7694, "name": "清福油坊", "kind": "油坊", "category": "custom", "hours": "卯-酉", "group": "百工", "icon": "mill"}}, {"type": "Feature", "geometry": {"type": "Point", "coordinates": [119.4138031, 32.3741805]}, "properties": {"id": -7695, "name": "万茂客栈", "kind": "客栈", "category": "custom", "hours": "全天", "group": "行旅", "icon": "inn"}}, {"type": "Feature", "geometry": {"type": "Point", "coordinates": [119.5357323, 32.4877361]}, "properties": {"id": -7696, "name": "昌德观", "kind": "观", "category": "custom", "hours": "卯-申", "group": "信仰", "icon": "temple"}}, {"type": "Feature", "geometry": {"type": "Point", "coordinates": [119.4282179, 32.3359732]}, "properties": {"id": -7697, "name": "坟地", "kind": "坟地", "category": "custom", "hours": "全天", "group": "信仰", "icon": "grave"}}, {"type": "Feature", "geometry": {"type": "Point", "coordinates": [119.3979993, 32.3147438]}, "properties": {"id": -7698, "name": "敦义客栈", "kind": "客栈", "category": "custom", "hours": "全天", "group": "行旅", "icon": "inn"}}, {"type": "Feature", "geometry": {"type": "Point", "coordinates": [119.3946087, 32.4308859]}, "properties": {"id": -7699, "name": "莲祥酒坊", "kind": "酒坊", "category": "custom", "hours": "卯-酉", "group": "饮食", "icon": "wine"}}, {"type": "Feature", "geometry": {"type": "Point", "coordinates": [119.3795095, 32.3036381]}, "properties": {"id": -7700, "name": "崇德车马行", "kind": "车马行", "category": "custom", "hours": "卯-酉", "group": "行旅", "icon": "stable"}}, {"type": "Feature", "geometry": {"type": "Point", "coordinates": [119.4569916, 32.4662065]}, "properties": {"id": -7701, "name": "双盛棺材铺", "kind": "棺材铺", "category": "custom", "hours": "卯-酉", "group": "礼用", "icon": "coffin"}}, {"type": "Feature", "geometry": {"type": "Point", "coordinates": [119.4638342, 32.3878448]}, "properties": {"id": -7702, "name": "坟地", "kind": "坟地", "category": "custom", "hours": "全天", "group": "信仰", "icon": "grave"}}, {"type": "Feature", "geometry": {"type": "Point", "coordinates": [119.2930341, 32.4495268]}, "properties": {"id": -7703, "name": "桂华棺材铺", "kind": "棺材铺", "category": "custom", "hours": "卯-酉", "group": "礼用", "icon": "coffin"}}, {"type": "Feature", "geometry": {"type": "Point", "coordinates": [119.3085253, 32.4862107]}, "properties": {"id": -7704, "name": "文元棺材铺", "kind": "棺材铺", "category": "custom", "hours": "卯-酉", "group": "礼用", "icon": "coffin"}}, {"type": "Feature", "geometry": {"type": "Point", "coordinates": [119.4804682, 32.3687454]}, "properties": {"id": -7705, "name": "桂和棺材铺", "kind": "棺材铺", "category": "custom", "hours": "卯-酉", "group": "礼用", "icon": "coffin"}}, {"type": "Feature", "geometry": {"type": "Point", "coordinates": [119.4320232, 32.3030187]}, "properties": {"id": -7706, "name": "德乐油坊", "kind": "油坊", "category": "custom", "hours": "卯-酉", "group": "百工", "icon": "mill"}}, {"type": "Feature", "geometry": {"type": "Point", "coordinates": [119.4038966, 32.3124065]}, "properties": {"id": -7707, "name": "镖行", "kind": "镖行", "category": "custom", "hours": "卯-酉", "group": "行旅", "icon": "post"}}, {"type": "Feature", "geometry": {"type": "Point", "coordinates": [119.3636138, 32.5078714]}, "properties": {"id": -7708, "name": "义冢", "kind": "义冢", "category": "custom", "hours": "全天", "group": "信仰", "icon": "grave"}}, {"type": "Feature", "geometry": {"type": "Point", "coordinates": [119.4265415, 32.4216629]}, "properties": {"id": -7709, "name": "金华马厩", "kind": "马厩", "category": "custom", "hours": "卯-酉", "group": "行旅", "icon": "stable"}}, {"type": "Feature", "geometry": {"type": "Point", "coordinates": [119.446312, 32.439967]}, "properties": {"id": -7710, "name": "积瑞车马行", "kind": "车马行", "category": "custom", "hours": "卯-酉", "group": "行旅", "icon": "stable"}}, {"type": "Feature", "geometry": {"type": "Point", "coordinates": [119.3268486, 32.288559]}, "properties": {"id": -7711, "name": "德济寺", "kind": "寺", "category": "custom", "hours": "卯-申", "group": "信仰", "icon": "temple"}}, {"type": "Feature", "geometry": {"type": "Point", "coordinates": [119.4803347, 32.3068319]}, "properties": {"id": -7712, "name": "庆元豆腐坊", "kind": "豆腐坊", "category": "custom", "hours": "卯-酉", "group": "百工", "icon": "mill"}}, {"type": "Feature", "geometry": {"type": "Point", "coordinates": [119.3399395, 32.4872279]}, "properties": {"id": -7713, "name": "渡口", "kind": "渡口", "category": "custom", "hours": "全天", "group": "行旅", "icon": "ferry"}}, {"type": "Feature", "geometry": {"type": "Point", "coordinates": [119.3538217, 32.5101247]}, "properties": {"id": -7714, "name": "安丰棺材铺", "kind": "棺材铺", "category": "custom", "hours": "卯-酉", "group": "礼用", "icon": "coffin"}}, {"type": "Feature", "geometry": {"type": "Point", "coordinates": [119.5333158, 32.3634652]}, "properties": {"id": -7715, "name": "春宁酒坊", "kind": "酒坊", "category": "custom", "hours": "卯-酉", "group": "饮食", "icon": "wine"}}, {"type": "Feature", "geometry": {"type": "Point", "coordinates": [119.5193526, 32.4641874]}, "properties": {"id": -7716, "name": "观祥驿站", "kind": "驿站", "category": "custom", "hours": "全天", "group": "行旅", "icon": "post"}}, {"type": "Feature", "geometry": {"type": "Point", "coordinates": [119.4085729, 32.3501465]}, "properties": {"id": -7717, "name": "庆聚车马行", "kind": "车马行", "category": "custom", "hours": "卯-酉", "group": "行旅", "icon": "stable"}}, {"type": "Feature", "geometry": {"type": "Point", "coordinates": [119.2425802, 32.3713407]}, "properties": {"id": -7718, "name": "福景寺", "kind": "寺", "category": "custom", "hours": "卯-申", "group": "信仰", "icon": "temple"}}, {"type": "Feature", "geometry": {"type": "Point", "coordinates": [119.4053087, 32.4115793]}, "properties": {"id": -7719, "name": "梅茂纸扎铺", "kind": "纸扎铺", "category": "custom", "hours": "卯-酉", "group": "礼用", "icon": "coffin"}}, {"type": "Feature", "geometry": {"type": "Point", "coordinates": [119.6364736, 32.382104]}, "properties": {"id": -7720, "name": "聚丰油坊", "kind": "油坊", "category": "custom", "hours": "卯-酉", "group": "百工", "icon": "mill"}}, {"type": "Feature", "geometry": {"type": "Point", "coordinates": [119.5589933, 32.3956501]}, "properties": {"id": -7721, "name": "文福驿站", "kind": "驿站", "category": "custom", "hours": "全天", "group": "行旅", "icon": "post"}}, {"type": "Feature", "geometry": {"type": "Point", "coordinates": [119.5720921, 32.4381916]}, "properties": {"id": -7722, "name": "春玉磨坊", "kind": "磨坊", "category": "custom", "hours": "卯-酉", "group": "百工", "icon": "mill"}}, {"type": "Feature", "geometry": {"type": "Point", "coordinates": [119.4383633, 32.4694703]}, "properties": {"id": -7723, "name": "坟地", "kind": "坟地", "category": "custom", "hours": "全天", "group": "信仰", "icon": "grave"}}, {"type": "Feature", "geometry": {"type": "Point", "coordinates": [119.3800695, 32.3662562]}, "properties": {"id": -7724, "name": "同乐观", "kind": "观", "category": "custom", "hours": "卯-申", "group": "信仰", "icon": "temple"}}, {"type": "Feature", "geometry": {"type": "Point", "coordinates": [119.3318234, 32.4557401]}, "properties": {"id": -7725, "name": "坟地", "kind": "坟地", "category": "custom", "hours": "全天", "group": "信仰", "icon": "grave"}}, {"type": "Feature", "geometry": {"type": "Point", "coordinates": [119.4863069, 32.4834417]}, "properties": {"id": -7726, "name": "长聚驿站", "kind": "驿站", "category": "custom", "hours": "全天", "group": "行旅", "icon": "post"}}, {"type": "Feature", "geometry": {"type": "Point", "coordinates": [119.3614524, 32.4138556]}, "properties": {"id": -7727, "name": "庆隆酒坊", "kind": "酒坊", "category": "custom", "hours": "卯-酉", "group": "饮食", "icon": "wine"}}, {"type": "Feature", "geometry": {"type": "Point", "coordinates": [119.3453678, 32.5268124]}, "properties": {"id": -7728, "name": "码头", "kind": "码头", "category": "custom", "hours": "全天", "group": "行旅", "icon": "ferry"}}, {"type": "Feature", "geometry": {"type": "Point", "coordinates": [119.2682803, 32.4455389]}, "properties": {"id": -7729, "name": "康元车马行", "kind": "车马行", "category": "custom", "hours": "卯-酉", "group": "行旅", "icon": "stable"}}, {"type": "Feature", "geometry": {"type": "Point", "coordinates": [119.4370662, 32.4367424]}, "properties": {"id": -7730, "name": "梅通观", "kind": "观", "category": "custom", "hours": "卯-申", "group": "信仰", "icon": "temple"}}, {"type": "Feature", "geometry": {"type": "Point", "coordinates": [119.4385441, 32.5331833]}, "properties": {"id": -7731, "name": "竹宁客栈", "kind": "客栈", "category": "custom", "hours": "全天", "group": "行旅", "icon": "inn"}}, {"type": "Feature", "geometry": {"type": "Point", "coordinates": [119.4528951, 32.4477318]}, "properties": {"id": -7732, "name": "乐成车马行", "kind": "车马行", "category": "custom", "hours": "卯-酉", "group": "行旅", "icon": "stable"}}, {"type": "Feature", "geometry": {"type": "Point", "coordinates": [119.4041845, 32.4304447]}, "properties": {"id": -7733, "name": "仁熙驿站", "kind": "驿站", "category": "custom", "hours": "全天", "group": "行旅", "icon": "post"}}, {"type": "Feature", "geometry": {"type": "Point", "coordinates": [119.4377063, 32.4260334]}, "properties": {"id": -7734, "name": "码头", "kind": "码头", "category": "custom", "hours": "全天", "group": "行旅", "icon": "ferry"}}, {"type": "Feature", "geometry": {"type": "Point", "coordinates": [119.3612547, 32.3365502]}, "properties": {"id": -7735, "name": "和兴车马行", "kind": "车马行", "category": "custom", "hours": "卯-酉", "group": "行旅", "icon": "stable"}}, {"type": "Feature", "geometry": {"type": "Point", "coordinates": [119.3319702, 32.3679701]}, "properties": {"id": -7736, "name": "乐宁递铺", "kind": "递铺", "category": "custom", "hours": "全天", "group": "行旅", "icon": "post"}}, {"type": "Feature", "geometry": {"type": "Point", "coordinates": [119.5346409, 32.5188262]}, "properties": {"id": -7737, "name": "渡口", "kind": "渡口", "category": "custom", "hours": "全天", "group": "行旅", "icon": "ferry"}}, {"type": "Feature", "geometry": {"type": "Point", "coordinates": [119.5328591, 32.3360943]}, "properties": {"id": -7738, "name": "坟地", "kind": "坟地", "category": "custom", "hours": "全天", "group": "信仰", "icon": "grave"}}, {"type": "Feature", "geometry": {"type": "Point", "coordinates": [119.4029848, 32.3479474]}, "properties": {"id": -7739, "name": "顺乐车马行", "kind": "车马行", "category": "custom", "hours": "卯-酉", "group": "行旅", "icon": "stable"}}, {"type": "Feature", "geometry": {"type": "Point", "coordinates": [119.5407445, 32.3139506]}, "properties": {"id": -7740, "name": "镖行", "kind": "镖行", "category": "custom", "hours": "卯-酉", "group": "行旅", "icon": "post"}}, {"type": "Feature", "geometry": {"type": "Point", "coordinates": [119.5932998, 32.4124855]}, "properties": {"id": -7741, "name": "长发磨坊", "kind": "磨坊", "category": "custom", "hours": "卯-酉", "group": "百工", "icon": "mill"}}, {"type": "Feature", "geometry": {"type": "Point", "coordinates": [119.2503749, 32.403927]}, "properties": {"id": -7742, "name": "安德棺材铺", "kind": "棺材铺", "category": "custom", "hours": "卯-酉", "group": "礼用", "icon": "coffin"}}, {"type": "Feature", "geometry": {"type": "Point", "coordinates": [119.6325127, 32.403349]}, "properties": {"id": -7743, "name": "渡口", "kind": "渡口", "category": "custom", "hours": "全天", "group": "行旅", "icon": "ferry"}}, {"type": "Feature", "geometry": {"type": "Point", "coordinates": [119.5894511, 32.3181066]}, "properties": {"id": -7744, "name": "怀景油坊", "kind": "油坊", "category": "custom", "hours": "卯-酉", "group": "百工", "icon": "mill"}}, {"type": "Feature", "geometry": {"type": "Point", "coordinates": [119.4997086, 32.471814]}, "properties": {"id": -7745, "name": "兴福油坊", "kind": "油坊", "category": "custom", "hours": "卯-酉", "group": "百工", "icon": "mill"}}, {"type": "Feature", "geometry": {"type": "Point", "coordinates": [119.6337496, 32.371169]}, "properties": {"id": -7746, "name": "坟地", "kind": "坟地", "category": "custom", "hours": "全天", "group": "信仰", "icon": "grave"}}, {"type": "Feature", "geometry": {"type": "Point", "coordinates": [119.2782307, 32.3115873]}, "properties": {"id": -7747, "name": "广来客栈", "kind": "客栈", "category": "custom", "hours": "全天", "group": "行旅", "icon": "inn"}}, {"type": "Feature", "geometry": {"type": "Point", "coordinates": [119.3811796, 32.3911822]}, "properties": {"id": -7748, "name": "顺顺客栈", "kind": "客栈", "category": "custom", "hours": "全天", "group": "行旅", "icon": "inn"}}, {"type": "Feature", "geometry": {"type": "Point", "coordinates": [119.428392, 32.5754784]}, "properties": {"id": -7749, "name": "善来驿站", "kind": "驿站", "category": "custom", "hours": "全天", "group": "行旅", "icon": "post"}}, {"type": "Feature", "geometry": {"type": "Point", "coordinates": [119.4999912, 32.2554442]}, "properties": {"id": -7750, "name": "双乐寺", "kind": "寺", "category": "custom", "hours": "卯-申", "group": "信仰", "icon": "temple"}}, {"type": "Feature", "geometry": {"type": "Point", "coordinates": [119.516951, 32.4274579]}, "properties": {"id": -7751, "name": "务丰酒坊", "kind": "酒坊", "category": "custom", "hours": "卯-酉", "group": "饮食", "icon": "wine"}}, {"type": "Feature", "geometry": {"type": "Point", "coordinates": [119.3891389, 32.4181846]}, "properties": {"id": -7752, "name": "镖行", "kind": "镖行", "category": "custom", "hours": "卯-酉", "group": "行旅", "icon": "post"}}, {"type": "Feature", "geometry": {"type": "Point", "coordinates": [119.4859159, 32.4731817]}, "properties": {"id": -7753, "name": "义冢", "kind": "义冢", "category": "custom", "hours": "全天", "group": "信仰", "icon": "grave"}}, {"type": "Feature", "geometry": {"type": "Point", "coordinates": [119.4118439, 32.3496043]}, "properties": {"id": -7754, "name": "升福马厩", "kind": "马厩", "category": "custom", "hours": "卯-酉", "group": "行旅", "icon": "stable"}}, {"type": "Feature", "geometry": {"type": "Point", "coordinates": [119.4900833, 32.4121764]}, "properties": {"id": -7755, "name": "积源祠", "kind": "祠", "category": "custom", "hours": "卯-申", "group": "信仰", "icon": "shrine"}}, {"type": "Feature", "geometry": {"type": "Point", "coordinates": [119.3919219, 32.2352083]}, "properties": {"id": -7756, "name": "善熙磨坊", "kind": "磨坊", "category": "custom", "hours": "卯-酉", "group": "百工", "icon": "mill"}}, {"type": "Feature", "geometry": {"type": "Point", "coordinates": [119.5785906, 32.333066]}, "properties": {"id": -7757, "name": "正乐豆腐坊", "kind": "豆腐坊", "category": "custom", "hours": "卯-酉", "group": "百工", "icon": "mill"}}, {"type": "Feature", "geometry": {"type": "Point", "coordinates": [119.3089753, 32.3442135]}, "properties": {"id": -7758, "name": "清茂纸扎铺", "kind": "纸扎铺", "category": "custom", "hours": "卯-酉", "group": "礼用", "icon": "coffin"}}, {"type": "Feature", "geometry": {"type": "Point", "coordinates": [119.3920013, 32.5484199]}, "properties": {"id": -7759, "name": "坟地", "kind": "坟地", "category": "custom", "hours": "全天", "group": "信仰", "icon": "grave"}}, {"type": "Feature", "geometry": {"type": "Point", "coordinates": [119.4628153, 32.5080359]}, "properties": {"id": -7760, "name": "广茂寺", "kind": "寺", "category": "custom", "hours": "卯-申", "group": "信仰", "icon": "temple"}}, {"type": "Feature", "geometry": {"type": "Point", "coordinates": [119.3293442, 32.5202852]}, "properties": {"id": -7761, "name": "桂聚磨坊", "kind": "磨坊", "category": "custom", "hours": "卯-酉", "group": "百工", "icon": "mill"}}, {"type": "Feature", "geometry": {"type": "Point", "coordinates": [119.4626504, 32.3902358]}, "properties": {"id": -7762, "name": "竹熙车马行", "kind": "车马行", "category": "custom", "hours": "卯-酉", "group": "行旅", "icon": "stable"}}, {"type": "Feature", "geometry": {"type": "Point", "coordinates": [119.4183529, 32.3737159]}, "properties": {"id": -7763, "name": "聚福车马行", "kind": "车马行", "category": "custom", "hours": "卯-酉", "group": "行旅", "icon": "stable"}}, {"type": "Feature", "geometry": {"type": "Point", "coordinates": [119.3509653, 32.2668783]}, "properties": {"id": -7764, "name": "坟地", "kind": "坟地", "category": "custom", "hours": "全天", "group": "信仰", "icon": "grave"}}, {"type": "Feature", "geometry": {"type": "Point", "coordinates": [119.3650777, 32.3610086]}, "properties": {"id": -7765, "name": "瑞茂驿站", "kind": "驿站", "category": "custom", "hours": "全天", "group": "行旅", "icon": "post"}}, {"type": "Feature", "geometry": {"type": "Point", "coordinates": [119.4056825, 32.497936]}, "properties": {"id": -7766, "name": "竹安客栈", "kind": "客栈", "category": "custom", "hours": "全天", "group": "行旅", "icon": "inn"}}, {"type": "Feature", "geometry": {"type": "Point", "coordinates": [119.5326466, 32.4600275]}, "properties": {"id": -7767, "name": "文德车马行", "kind": "车马行", "category": "custom", "hours": "卯-酉", "group": "行旅", "icon": "stable"}}, {"type": "Feature", "geometry": {"type": "Point", "coordinates": [119.4501259, 32.483384]}, "properties": {"id": -7768, "name": "安祥磨坊", "kind": "磨坊", "category": "custom", "hours": "卯-酉", "group": "百工", "icon": "mill"}}, {"type": "Feature", "geometry": {"type": "Point", "coordinates": [119.3621602, 32.2784511]}, "properties": {"id": -7769, "name": "康祥驿站", "kind": "驿站", "category": "custom", "hours": "全天", "group": "行旅", "icon": "post"}}, {"type": "Feature", "geometry": {"type": "Point", "coordinates": [119.5508392, 32.4819416]}, "properties": {"id": -7770, "name": "金盛观", "kind": "观", "category": "custom", "hours": "卯-申", "group": "信仰", "icon": "temple"}}, {"type": "Feature", "geometry": {"type": "Point", "coordinates": [119.5166884, 32.5395476]}, "properties": {"id": -7771, "name": "永隆油坊", "kind": "油坊", "category": "custom", "hours": "卯-酉", "group": "百工", "icon": "mill"}}, {"type": "Feature", "geometry": {"type": "Point", "coordinates": [119.4753167, 32.2964152]}, "properties": {"id": -7772, "name": "福福寺", "kind": "寺", "category": "custom", "hours": "卯-申", "group": "信仰", "icon": "temple"}}, {"type": "Feature", "geometry": {"type": "Point", "coordinates": [119.3762488, 32.3300424]}, "properties": {"id": -7773, "name": "长昌祠", "kind": "祠", "category": "custom", "hours": "卯-申", "group": "信仰", "icon": "shrine"}}, {"type": "Feature", "geometry": {"type": "Point", "coordinates": [119.401665, 32.5020954]}, "properties": {"id": -7774, "name": "坟地", "kind": "坟地", "category": "custom", "hours": "全天", "group": "信仰", "icon": "grave"}}, {"type": "Feature", "geometry": {"type": "Point", "coordinates": [119.3769443, 32.3951332]}, "properties": {"id": -7775, "name": "瑞瑞酒坊", "kind": "酒坊", "category": "custom", "hours": "卯-酉", "group": "饮食", "icon": "wine"}}, {"type": "Feature", "geometry": {"type": "Point", "coordinates": [119.3261596, 32.3762149]}, "properties": {"id": -7776, "name": "镖行", "kind": "镖行", "category": "custom", "hours": "卯-酉", "group": "行旅", "icon": "post"}}, {"type": "Feature", "geometry": {"type": "Point", "coordinates": [119.4992225, 32.3950071]}, "properties": {"id": -7777, "name": "竹玉马厩", "kind": "马厩", "category": "custom", "hours": "卯-酉", "group": "行旅", "icon": "stable"}}, {"type": "Feature", "geometry": {"type": "Point", "coordinates": [119.4291869, 32.5121591]}, "properties": {"id": -7778, "name": "春玉观", "kind": "观", "category": "custom", "hours": "卯-申", "group": "信仰", "icon": "temple"}}, {"type": "Feature", "geometry": {"type": "Point", "coordinates": [119.46562, 32.3903457]}, "properties": {"id": -7779, "name": "镖行", "kind": "镖行", "category": "custom", "hours": "卯-酉", "group": "行旅", "icon": "post"}}, {"type": "Feature", "geometry": {"type": "Point", "coordinates": [119.5128028, 32.2968989]}, "properties": {"id": -7780, "name": "广景递铺", "kind": "递铺", "category": "custom", "hours": "全天", "group": "行旅", "icon": "post"}}, {"type": "Feature", "geometry": {"type": "Point", "coordinates": [119.4064475, 32.3124151]}, "properties": {"id": -7781, "name": "镖行", "kind": "镖行", "category": "custom", "hours": "卯-酉", "group": "行旅", "icon": "post"}}, {"type": "Feature", "geometry": {"type": "Point", "coordinates": [119.3547506, 32.4691979]}, "properties": {"id": -7782, "name": "桂宁客栈", "kind": "客栈", "category": "custom", "hours": "全天", "group": "行旅", "icon": "inn"}}, {"type": "Feature", "geometry": {"type": "Point", "coordinates": [119.5954251, 32.3886584]}, "properties": {"id": -7783, "name": "义冢", "kind": "义冢", "category": "custom", "hours": "全天", "group": "信仰", "icon": "grave"}}, {"type": "Feature", "geometry": {"type": "Point", "coordinates": [119.2985471, 32.447898]}, "properties": {"id": -7784, "name": "兴丰马厩", "kind": "马厩", "category": "custom", "hours": "卯-酉", "group": "行旅", "icon": "stable"}}, {"type": "Feature", "geometry": {"type": "Point", "coordinates": [119.2568456, 32.3726226]}, "properties": {"id": -7785, "name": "义冢", "kind": "义冢", "category": "custom", "hours": "全天", "group": "信仰", "icon": "grave"}}, {"type": "Feature", "geometry": {"type": "Point", "coordinates": [119.3472941, 32.4281185]}, "properties": {"id": -7786, "name": "康顺棺材铺", "kind": "棺材铺", "category": "custom", "hours": "卯-酉", "group": "礼用", "icon": "coffin"}}, {"type": "Feature", "geometry": {"type": "Point", "coordinates": [119.3011761, 32.4941906]}, "properties": {"id": -7787, "name": "永安驿站", "kind": "驿站", "category": "custom", "hours": "全天", "group": "行旅", "icon": "post"}}, {"type": "Feature", "geometry": {"type": "Point", "coordinates": [119.4723346, 32.333341]}, "properties": {"id": -7788, "name": "祥兴油坊", "kind": "油坊", "category": "custom", "hours": "卯-酉", "group": "百工", "icon": "mill"}}, {"type": "Feature", "geometry": {"type": "Point", "coordinates": [119.3573643, 32.3366768]}, "properties": {"id": -7789, "name": "坟地", "kind": "坟地", "category": "custom", "hours": "全天", "group": "信仰", "icon": "grave"}}, {"type": "Feature", "geometry": {"type": "Point", "coordinates": [119.2535707, 32.4399836]}, "properties": {"id": -7790, "name": "莲安马厩", "kind": "马厩", "category": "custom", "hours": "卯-酉", "group": "行旅", "icon": "stable"}}, {"type": "Feature", "geometry": {"type": "Point", "coordinates": [119.2942586, 32.3042565]}, "properties": {"id": -7791, "name": "清景纸扎铺", "kind": "纸扎铺", "category": "custom", "hours": "卯-酉", "group": "礼用", "icon": "coffin"}}, {"type": "Feature", "geometry": {"type": "Point", "coordinates": [119.4291047, 32.2753331]}, "properties": {"id": -7792, "name": "升丰染坊", "kind": "染坊", "category": "custom", "hours": "卯-酉", "group": "百工", "icon": "dye"}}, {"type": "Feature", "geometry": {"type": "Point", "coordinates": [119.4670844, 32.368051]}, "properties": {"id": -7793, "name": "渡口", "kind": "渡口", "category": "custom", "hours": "全天", "group": "行旅", "icon": "ferry"}}, {"type": "Feature", "geometry": {"type": "Point", "coordinates": [119.2530579, 32.3043589]}, "properties": {"id": -7794, "name": "务顺染坊", "kind": "染坊", "category": "custom", "hours": "卯-酉", "group": "百工", "icon": "dye"}}, {"type": "Feature", "geometry": {"type": "Point", "coordinates": [119.4126005, 32.321728]}, "properties": {"id": -7795, "name": "桂昌马厩", "kind": "马厩", "category": "custom", "hours": "卯-酉", "group": "行旅", "icon": "stable"}}, {"type": "Feature", "geometry": {"type": "Point", "coordinates": [119.4424794, 32.4570198]}, "properties": {"id": -7796, "name": "渡口", "kind": "渡口", "category": "custom", "hours": "全天", "group": "行旅", "icon": "ferry"}}, {"type": "Feature", "geometry": {"type": "Point", "coordinates": [119.2466889, 32.4890358]}, "properties": {"id": -7797, "name": "正景观", "kind": "观", "category": "custom", "hours": "卯-申", "group": "信仰", "icon": "temple"}}, {"type": "Feature", "geometry": {"type": "Point", "coordinates": [119.395508, 32.2713025]}, "properties": {"id": -7798, "name": "迎茂递铺", "kind": "递铺", "category": "custom", "hours": "全天", "group": "行旅", "icon": "post"}}, {"type": "Feature", "geometry": {"type": "Point", "coordinates": [119.4733939, 32.4120784]}, "properties": {"id": -7799, "name": "莲玉磨坊", "kind": "磨坊", "category": "custom", "hours": "卯-酉", "group": "百工", "icon": "mill"}}, {"type": "Feature", "geometry": {"type": "Point", "coordinates": [119.5390431, 32.2958681]}, "properties": {"id": -7800, "name": "积元客栈", "kind": "客栈", "category": "custom", "hours": "全天", "group": "行旅", "icon": "inn"}}, {"type": "Feature", "geometry": {"type": "Point", "coordinates": [119.2793776, 32.4240911]}, "properties": {"id": -7801, "name": "升和递铺", "kind": "递铺", "category": "custom", "hours": "全天", "group": "行旅", "icon": "post"}}, {"type": "Feature", "geometry": {"type": "Point", "coordinates": [119.3100197, 32.249404]}, "properties": {"id": -7802, "name": "清济客栈", "kind": "客栈", "category": "custom", "hours": "全天", "group": "行旅", "icon": "inn"}}, {"type": "Feature", "geometry": {"type": "Point", "coordinates": [119.4334254, 32.3479363]}, "properties": {"id": -7803, "name": "庆元马厩", "kind": "马厩", "category": "custom", "hours": "卯-酉", "group": "行旅", "icon": "stable"}}, {"type": "Feature", "geometry": {"type": "Point", "coordinates": [119.4471959, 32.3560552]}, "properties": {"id": -7804, "name": "码头", "kind": "码头", "category": "custom", "hours": "全天", "group": "行旅", "icon": "ferry"}}, {"type": "Feature", "geometry": {"type": "Point", "coordinates": [119.3168494, 32.2654939]}, "properties": {"id": -7805, "name": "渡口", "kind": "渡口", "category": "custom", "hours": "全天", "group": "行旅", "icon": "ferry"}}, {"type": "Feature", "geometry": {"type": "Point", "coordinates": [119.3468123, 32.3908727]}, "properties": {"id": -7806, "name": "渡口", "kind": "渡口", "category": "custom", "hours": "全天", "group": "行旅", "icon": "ferry"}}, {"type": "Feature", "geometry": {"type": "Point", "coordinates": [119.5105207, 32.4608774]}, "properties": {"id": -7807, "name": "广瑞磨坊", "kind": "磨坊", "category": "custom", "hours": "卯-酉", "group": "百工", "icon": "mill"}}, {"type": "Feature", "geometry": {"type": "Point", "coordinates": [119.5344488, 32.2619102]}, "properties": {"id": -7808, "name": "元丰车马行", "kind": "车马行", "category": "custom", "hours": "卯-酉", "group": "行旅", "icon": "stable"}}, {"type": "Feature", "geometry": {"type": "Point", "coordinates": [119.3303202, 32.3651862]}, "properties": {"id": -7809, "name": "开昌酒坊", "kind": "酒坊", "category": "custom", "hours": "卯-酉", "group": "饮食", "icon": "wine"}}, {"type": "Feature", "geometry": {"type": "Point", "coordinates": [119.5656405, 32.4960767]}, "properties": {"id": -7810, "name": "升兴豆腐坊", "kind": "豆腐坊", "category": "custom", "hours": "卯-酉", "group": "百工", "icon": "mill"}}, {"type": "Feature", "geometry": {"type": "Point", "coordinates": [119.2400964, 32.3634766]}, "properties": {"id": -7811, "name": "怀平马厩", "kind": "马厩", "category": "custom", "hours": "卯-酉", "group": "行旅", "icon": "stable"}}, {"type": "Feature", "geometry": {"type": "Point", "coordinates": [119.2404351, 32.436297]}, "properties": {"id": -7812, "name": "观成递铺", "kind": "递铺", "category": "custom", "hours": "全天", "group": "行旅", "icon": "post"}}, {"type": "Feature", "geometry": {"type": "Point", "coordinates": [119.5186733, 32.3266867]}, "properties": {"id": -7813, "name": "渡口", "kind": "渡口", "category": "custom", "hours": "全天", "group": "行旅", "icon": "ferry"}}, {"type": "Feature", "geometry": {"type": "Point", "coordinates": [119.3517382, 32.2332522]}, "properties": {"id": -7814, "name": "镖行", "kind": "镖行", "category": "custom", "hours": "卯-酉", "group": "行旅", "icon": "post"}}, {"type": "Feature", "geometry": {"type": "Point", "coordinates": [119.4542954, 32.4292785]}, "properties": {"id": -7815, "name": "竹祥驿站", "kind": "驿站", "category": "custom", "hours": "全天", "group": "行旅", "icon": "post"}}, {"type": "Feature", "geometry": {"type": "Point", "coordinates": [119.4506821, 32.4317336]}, "properties": {"id": -7816, "name": "通发观", "kind": "观", "category": "custom", "hours": "卯-申", "group": "信仰", "icon": "temple"}}, {"type": "Feature", "geometry": {"type": "Point", "coordinates": [119.4304421, 32.2294791]}, "properties": {"id": -7817, "name": "义和驿站", "kind": "驿站", "category": "custom", "hours": "全天", "group": "行旅", "icon": "post"}}, {"type": "Feature", "geometry": {"type": "Point", "coordinates": [119.5991936, 32.4637768]}, "properties": {"id": -7818, "name": "德成马厩", "kind": "马厩", "category": "custom", "hours": "卯-酉", "group": "行旅", "icon": "stable"}}, {"type": "Feature", "geometry": {"type": "Point", "coordinates": [119.4436955, 32.4209812]}, "properties": {"id": -7819, "name": "码头", "kind": "码头", "category": "custom", "hours": "全天", "group": "行旅", "icon": "ferry"}}, {"type": "Feature", "geometry": {"type": "Point", "coordinates": [119.4966093, 32.4620454]}, "properties": {"id": -7820, "name": "积聚车马行", "kind": "车马行", "category": "custom", "hours": "卯-酉", "group": "行旅", "icon": "stable"}}, {"type": "Feature", "geometry": {"type": "Point", "coordinates": [119.4774028, 32.3768705]}, "properties": {"id": -7821, "name": "竹来客栈", "kind": "客栈", "category": "custom", "hours": "全天", "group": "行旅", "icon": "inn"}}, {"type": "Feature", "geometry": {"type": "Point", "coordinates": [119.3809606, 32.3625479]}, "properties": {"id": -7822, "name": "福昌客栈", "kind": "客栈", "category": "custom", "hours": "全天", "group": "行旅", "icon": "inn"}}, {"type": "Feature", "geometry": {"type": "Point", "coordinates": [119.3110127, 32.3269068]}, "properties": {"id": -7823, "name": "桂盛豆腐坊", "kind": "豆腐坊", "category": "custom", "hours": "卯-酉", "group": "百工", "icon": "mill"}}, {"type": "Feature", "geometry": {"type": "Point", "coordinates": [119.493761, 32.3707566]}, "properties": {"id": -7824, "name": "渡口", "kind": "渡口", "category": "custom", "hours": "全天", "group": "行旅", "icon": "ferry"}}, {"type": "Feature", "geometry": {"type": "Point", "coordinates": [119.4975845, 32.5627798]}, "properties": {"id": -7825, "name": "永德递铺", "kind": "递铺", "category": "custom", "hours": "全天", "group": "行旅", "icon": "post"}}, {"type": "Feature", "geometry": {"type": "Point", "coordinates": [119.6051434, 32.4079269]}, "properties": {"id": -7826, "name": "渡口", "kind": "渡口", "category": "custom", "hours": "全天", "group": "行旅", "icon": "ferry"}}, {"type": "Feature", "geometry": {"type": "Point", "coordinates": [119.4089839, 32.3508293]}, "properties": {"id": -7827, "name": "祥乐车马行", "kind": "车马行", "category": "custom", "hours": "卯-酉", "group": "行旅", "icon": "stable"}}, {"type": "Feature", "geometry": {"type": "Point", "coordinates": [119.6051135, 32.4358308]}, "properties": {"id": -7828, "name": "庆发马厩", "kind": "马厩", "category": "custom", "hours": "卯-酉", "group": "行旅", "icon": "stable"}}, {"type": "Feature", "geometry": {"type": "Point", "coordinates": [119.3939867, 32.3912332]}, "properties": {"id": -7829, "name": "元隆马厩", "kind": "马厩", "category": "custom", "hours": "卯-酉", "group": "行旅", "icon": "stable"}}, {"type": "Feature", "geometry": {"type": "Point", "coordinates": [119.5224755, 32.2928545]}, "properties": {"id": -7830, "name": "莲隆马厩", "kind": "马厩", "category": "custom", "hours": "卯-酉", "group": "行旅", "icon": "stable"}}, {"type": "Feature", "geometry": {"type": "Point", "coordinates": [119.4275737, 32.5283383]}, "properties": {"id": -7831, "name": "务宁豆腐坊", "kind": "豆腐坊", "category": "custom", "hours": "卯-酉", "group": "百工", "icon": "mill"}}, {"type": "Feature", "geometry": {"type": "Point", "coordinates": [119.4663776, 32.359084]}, "properties": {"id": -7832, "name": "瑞祥驿站", "kind": "驿站", "category": "custom", "hours": "全天", "group": "行旅", "icon": "post"}}, {"type": "Feature", "geometry": {"type": "Point", "coordinates": [119.4742437, 32.4730749]}, "properties": {"id": -7833, "name": "务熙客栈", "kind": "客栈", "category": "custom", "hours": "全天", "group": "行旅", "icon": "inn"}}, {"type": "Feature", "geometry": {"type": "Point", "coordinates": [119.5120543, 32.2615821]}, "properties": {"id": -7834, "name": "同顺观", "kind": "观", "category": "custom", "hours": "卯-申", "group": "信仰", "icon": "temple"}}, {"type": "Feature", "geometry": {"type": "Point", "coordinates": [119.4884299, 32.3866151]}, "properties": {"id": -7835, "name": "积熙驿站", "kind": "驿站", "category": "custom", "hours": "全天", "group": "行旅", "icon": "post"}}, {"type": "Feature", "geometry": {"type": "Point", "coordinates": [119.4533675, 32.2541311]}, "properties": {"id": -7836, "name": "渡口", "kind": "渡口", "category": "custom", "hours": "全天", "group": "行旅", "icon": "ferry"}}, {"type": "Feature", "geometry": {"type": "Point", "coordinates": [119.4794479, 32.3955042]}, "properties": {"id": -7837, "name": "仁平油坊", "kind": "油坊", "category": "custom", "hours": "卯-酉", "group": "百工", "icon": "mill"}}, {"type": "Feature", "geometry": {"type": "Point", "coordinates": [119.3781372, 32.3055415]}, "properties": {"id": -7838, "name": "景平车马行", "kind": "车马行", "category": "custom", "hours": "卯-酉", "group": "行旅", "icon": "stable"}}, {"type": "Feature", "geometry": {"type": "Point", "coordinates": [119.273657, 32.3748942]}, "properties": {"id": -7839, "name": "桂华车马行", "kind": "车马行", "category": "custom", "hours": "卯-酉", "group": "行旅", "icon": "stable"}}, {"type": "Feature", "geometry": {"type": "Point", "coordinates": [119.4398183, 32.4604377]}, "properties": {"id": -7840, "name": "长昌棺材铺", "kind": "棺材铺", "category": "custom", "hours": "卯-酉", "group": "礼用", "icon": "coffin"}}, {"type": "Feature", "geometry": {"type": "Point", "coordinates": [119.3711278, 32.4393815]}, "properties": {"id": -7841, "name": "务源豆腐坊", "kind": "豆腐坊", "category": "custom", "hours": "卯-酉", "group": "百工", "icon": "mill"}}, {"type": "Feature", "geometry": {"type": "Point", "coordinates": [119.6049843, 32.3245336]}, "properties": {"id": -7842, "name": "崇玉驿站", "kind": "驿站", "category": "custom", "hours": "全天", "group": "行旅", "icon": "post"}}, {"type": "Feature", "geometry": {"type": "Point", "coordinates": [119.4752353, 32.5150509]}, "properties": {"id": -7843, "name": "义冢", "kind": "义冢", "category": "custom", "hours": "全天", "group": "信仰", "icon": "grave"}}, {"type": "Feature", "geometry": {"type": "Point", "coordinates": [119.6169721, 32.3290937]}, "properties": {"id": -7844, "name": "义冢", "kind": "义冢", "category": "custom", "hours": "全天", "group": "信仰", "icon": "grave"}}, {"type": "Feature", "geometry": {"type": "Point", "coordinates": [119.4360763, 32.4415751]}, "properties": {"id": -7845, "name": "码头", "kind": "码头", "category": "custom", "hours": "全天", "group": "行旅", "icon": "ferry"}}, {"type": "Feature", "geometry": {"type": "Point", "coordinates": [119.4400898, 32.5402098]}, "properties": {"id": -7846, "name": "春和马厩", "kind": "马厩", "category": "custom", "hours": "卯-酉", "group": "行旅", "icon": "stable"}}, {"type": "Feature", "geometry": {"type": "Point", "coordinates": [119.3511773, 32.3431388]}, "properties": {"id": -7847, "name": "码头", "kind": "码头", "category": "custom", "hours": "全天", "group": "行旅", "icon": "ferry"}}, {"type": "Feature", "geometry": {"type": "Point", "coordinates": [119.6083995, 32.3685071]}, "properties": {"id": -7848, "name": "渡口", "kind": "渡口", "category": "custom", "hours": "全天", "group": "行旅", "icon": "ferry"}}, {"type": "Feature", "geometry": {"type": "Point", "coordinates": [119.3560493, 32.4157985]}, "properties": {"id": -7849, "name": "善昌棺材铺", "kind": "棺材铺", "category": "custom", "hours": "卯-酉", "group": "礼用", "icon": "coffin"}}, {"type": "Feature", "geometry": {"type": "Point", "coordinates": [119.4187676, 32.4528287]}, "properties": {"id": -7850, "name": "祥盛豆腐坊", "kind": "豆腐坊", "category": "custom", "hours": "卯-酉", "group": "百工", "icon": "mill"}}, {"type": "Feature", "geometry": {"type": "Point", "coordinates": [119.2837387, 32.5100439]}, "properties": {"id": -7851, "name": "升华车马行", "kind": "车马行", "category": "custom", "hours": "卯-酉", "group": "行旅", "icon": "stable"}}, {"type": "Feature", "geometry": {"type": "Point", "coordinates": [119.3822089, 32.4391889]}, "properties": {"id": -7852, "name": "仁济车马行", "kind": "车马行", "category": "custom", "hours": "卯-酉", "group": "行旅", "icon": "stable"}}, {"type": "Feature", "geometry": {"type": "Point", "coordinates": [119.3955143, 32.3466093]}, "properties": {"id": -7853, "name": "清昌驿站", "kind": "驿站", "category": "custom", "hours": "全天", "group": "行旅", "icon": "post"}}, {"type": "Feature", "geometry": {"type": "Point", "coordinates": [119.3355852, 32.3058772]}, "properties": {"id": -7854, "name": "码头", "kind": "码头", "category": "custom", "hours": "全天", "group": "行旅", "icon": "ferry"}}, {"type": "Feature", "geometry": {"type": "Point", "coordinates": [119.4385007, 32.3345572]}, "properties": {"id": -7855, "name": "安和棺材铺", "kind": "棺材铺", "category": "custom", "hours": "卯-酉", "group": "礼用", "icon": "coffin"}}, {"type": "Feature", "geometry": {"type": "Point", "coordinates": [119.407241, 32.3698128]}, "properties": {"id": -7856, "name": "昌泰马厩", "kind": "马厩", "category": "custom", "hours": "卯-酉", "group": "行旅", "icon": "stable"}}]}